[2025-09-09 16:41:54 UTC] === US-PRECLOSE REFRESH (v1) START ===
[2025-09-09 16:41:54 UTC] s10_ibkr_download_daily → s10_ibkr_download_daily.py
[INFO] Excel=/Users/Finance/QuantShared/ETF_list.xlsx | sheet=signalsUSD | out=/Users/Finance/QuantShared/data_raw_ETF_US/daily
[IB] Connecting 127.0.0.1:7496 (clientId=60) …
[IB] Connected.
[1/32] BATT: +1 rows → /Users/Finance/QuantShared/data_raw_ETF_US/daily/BATT_daily_raw.csv
[2/32] COPX: +1 rows → /Users/Finance/QuantShared/data_raw_ETF_US/daily/COPX_daily_raw.csv
[3/32] DGTL: +1 rows → /Users/Finance/QuantShared/data_raw_ETF_US/daily/DGTL_daily_raw.csv
[4/32] GDX: +1 rows → /Users/Finance/QuantShared/data_raw_ETF_US/daily/GDX_daily_raw.csv
[5/32] GDXJ: +1 rows → /Users/Finance/QuantShared/data_raw_ETF_US/daily/GDXJ_daily_raw.csv
[6/32] IOGP: +1 rows → /Users/Finance/QuantShared/data_raw_ETF_US/daily/IOGP_daily_raw.csv
[7/32] ISAC: +1 rows → /Users/Finance/QuantShared/data_raw_ETF_US/daily/ISAC_daily_raw.csv
[8/32] ISUN: +1 rows → /Users/Finance/QuantShared/data_raw_ETF_US/daily/ISUN_daily_raw.csv
[9/32] IUCM: +1 rows → /Users/Finance/QuantShared/data_raw_ETF_US/daily/IUCM_daily_raw.csv
[10/32] IUCS: +1 rows → /Users/Finance/QuantShared/data_raw_ETF_US/daily/IUCS_daily_raw.csv
[11/32] IUES: +1 rows → /Users/Finance/QuantShared/data_raw_ETF_US/daily/IUES_daily_raw.csv
[12/32] IUFS: +1 rows → /Users/Finance/QuantShared/data_raw_ETF_US/daily/IUFS_daily_raw.csv
[13/32] IUHC: +1 rows → /Users/Finance/QuantShared/data_raw_ETF_US/daily/IUHC_daily_raw.csv
[14/32] IUIT: +1 rows → /Users/Finance/QuantShared/data_raw_ETF_US/daily/IUIT_daily_raw.csv
[15/32] IUUS: +1 rows → /Users/Finance/QuantShared/data_raw_ETF_US/daily/IUUS_daily_raw.csv
[16/32] IWDA: +1 rows → /Users/Finance/QuantShared/data_raw_ETF_US/daily/IWDA_daily_raw.csv
[17/32] PHAG: +1 rows → /Users/Finance/QuantShared/data_raw_ETF_US/daily/PHAG_daily_raw.csv
[18/32] RBOT: +1 rows → /Users/Finance/QuantShared/data_raw_ETF_US/daily/RBOT_daily_raw.csv
[19/32] RENW: +1 rows → /Users/Finance/QuantShared/data_raw_ETF_US/daily/RENW_daily_raw.csv
[20/32] SBIO: +1 rows → /Users/Finance/QuantShared/data_raw_ETF_US/daily/SBIO_daily_raw.csv
[21/32] SMH: +1 rows → /Users/Finance/QuantShared/data_raw_ETF_US/daily/SMH_daily_raw.csv
[22/32] SGLD: +1 rows → /Users/Finance/QuantShared/data_raw_ETF_US/daily/SGLD_daily_raw.csv
[23/32] SILV: +1 rows → /Users/Finance/QuantShared/data_raw_ETF_US/daily/SILV_daily_raw.csv
[24/32] URNJ: +1 rows → /Users/Finance/QuantShared/data_raw_ETF_US/daily/URNJ_daily_raw.csv
[25/32] URNM: +1 rows → /Users/Finance/QuantShared/data_raw_ETF_US/daily/URNM_daily_raw.csv
[26/32] USPY: +1 rows → /Users/Finance/QuantShared/data_raw_ETF_US/daily/USPY_daily_raw.csv
[27/32] VUAA: +1 rows → /Users/Finance/QuantShared/data_raw_ETF_US/daily/VUAA_daily_raw.csv
[28/32] XNAS: +1 rows → /Users/Finance/QuantShared/data_raw_ETF_US/daily/XNAS_daily_raw.csv
[29/32] XS2D: +1 rows → /Users/Finance/QuantShared/data_raw_ETF_US/daily/XS2D_daily_raw.csv
[30/32] XSPD: +1 rows → /Users/Finance/QuantShared/data_raw_ETF_US/daily/XSPD_daily_raw.csv
[31/32] XT2D: +1 rows → /Users/Finance/QuantShared/data_raw_ETF_US/daily/XT2D_daily_raw.csv
[32/32] AIGA: +1 rows → /Users/Finance/QuantShared/data_raw_ETF_US/daily/AIGA_daily_raw.csv
[DONE] s10_ibkr_download_daily (append-only, UTC) complete.
[2025-09-09 16:43:33 UTC] s12_ibkr_download_weekly → s12_ibkr_download_weekly.py
[INFO] Excel=/Users/Finance/QuantShared/ETF_list.xlsx | sheet=signalsUSD | outdir=/Users/Finance/QuantShared/data_raw_ETF_US/weekly
[INFO] Excel=/Users/Finance/QuantShared/ETF_list.xlsx | sheet=signalsUSD | outdir=/Users/Finance/QuantShared/data_raw_ETF_US/weekly
[IB] Connecting 127.0.0.1:7496 (clientId=62) …
[IB] Connected.
[1/32] BATT: +1 rows → /Users/Finance/QuantShared/data_raw_ETF_US/weekly/BATT_weekly_raw.csv
[2/32] COPX: +1 rows → /Users/Finance/QuantShared/data_raw_ETF_US/weekly/COPX_weekly_raw.csv
[3/32] DGTL: +1 rows → /Users/Finance/QuantShared/data_raw_ETF_US/weekly/DGTL_weekly_raw.csv
[4/32] GDX: +1 rows → /Users/Finance/QuantShared/data_raw_ETF_US/weekly/GDX_weekly_raw.csv
[5/32] GDXJ: +1 rows → /Users/Finance/QuantShared/data_raw_ETF_US/weekly/GDXJ_weekly_raw.csv
[6/32] IOGP: +1 rows → /Users/Finance/QuantShared/data_raw_ETF_US/weekly/IOGP_weekly_raw.csv
[7/32] ISAC: +1 rows → /Users/Finance/QuantShared/data_raw_ETF_US/weekly/ISAC_weekly_raw.csv
[8/32] ISUN: +1 rows → /Users/Finance/QuantShared/data_raw_ETF_US/weekly/ISUN_weekly_raw.csv
[9/32] IUCM: +1 rows → /Users/Finance/QuantShared/data_raw_ETF_US/weekly/IUCM_weekly_raw.csv
[10/32] IUCS: +1 rows → /Users/Finance/QuantShared/data_raw_ETF_US/weekly/IUCS_weekly_raw.csv
[11/32] IUES: +1 rows → /Users/Finance/QuantShared/data_raw_ETF_US/weekly/IUES_weekly_raw.csv
[12/32] IUFS: +1 rows → /Users/Finance/QuantShared/data_raw_ETF_US/weekly/IUFS_weekly_raw.csv
[13/32] IUHC: +1 rows → /Users/Finance/QuantShared/data_raw_ETF_US/weekly/IUHC_weekly_raw.csv
[14/32] IUIT: +1 rows → /Users/Finance/QuantShared/data_raw_ETF_US/weekly/IUIT_weekly_raw.csv
[15/32] IUUS: +1 rows → /Users/Finance/QuantShared/data_raw_ETF_US/weekly/IUUS_weekly_raw.csv
[16/32] IWDA: +1 rows → /Users/Finance/QuantShared/data_raw_ETF_US/weekly/IWDA_weekly_raw.csv
[17/32] PHAG: +1 rows → /Users/Finance/QuantShared/data_raw_ETF_US/weekly/PHAG_weekly_raw.csv
[18/32] RBOT: +1 rows → /Users/Finance/QuantShared/data_raw_ETF_US/weekly/RBOT_weekly_raw.csv
[19/32] RENW: +1 rows → /Users/Finance/QuantShared/data_raw_ETF_US/weekly/RENW_weekly_raw.csv
[20/32] SBIO: +1 rows → /Users/Finance/QuantShared/data_raw_ETF_US/weekly/SBIO_weekly_raw.csv
[21/32] SMH: +1 rows → /Users/Finance/QuantShared/data_raw_ETF_US/weekly/SMH_weekly_raw.csv
[22/32] SGLD: +1 rows → /Users/Finance/QuantShared/data_raw_ETF_US/weekly/SGLD_weekly_raw.csv
[23/32] SILV: +1 rows → /Users/Finance/QuantShared/data_raw_ETF_US/weekly/SILV_weekly_raw.csv
[24/32] URNJ: +1 rows → /Users/Finance/QuantShared/data_raw_ETF_US/weekly/URNJ_weekly_raw.csv
[25/32] URNM: +1 rows → /Users/Finance/QuantShared/data_raw_ETF_US/weekly/URNM_weekly_raw.csv
[26/32] USPY: +1 rows → /Users/Finance/QuantShared/data_raw_ETF_US/weekly/USPY_weekly_raw.csv
[27/32] VUAA: +1 rows → /Users/Finance/QuantShared/data_raw_ETF_US/weekly/VUAA_weekly_raw.csv
[28/32] XNAS: +1 rows → /Users/Finance/QuantShared/data_raw_ETF_US/weekly/XNAS_weekly_raw.csv
[29/32] XS2D: +1 rows → /Users/Finance/QuantShared/data_raw_ETF_US/weekly/XS2D_weekly_raw.csv
[30/32] XSPD: +1 rows → /Users/Finance/QuantShared/data_raw_ETF_US/weekly/XSPD_weekly_raw.csv
[31/32] XT2D: +1 rows → /Users/Finance/QuantShared/data_raw_ETF_US/weekly/XT2D_weekly_raw.csv
[32/32] AIGA: +1 rows → /Users/Finance/QuantShared/data_raw_ETF_US/weekly/AIGA_weekly_raw.csv
[DONE] s12_ibkr_download_weekly complete.
[2025-09-09 16:43:51 UTC] s13_market_trends_update → s13_market_trends_update.py
[INFO] Using list: /Users/Finance/QuantShared/ETF_list.xlsx | sheet=market_trends | tickers=66
[IB] Connecting 127.0.0.1:7496 (clientId=63) …
[IB] Connected.
CEW_DXY_ratio_TV_daily.csv: skip (ratio/composite)
CEW [STK/TRADES]: +1 rows → CEW_TV_daily.csv
DBC_SPY_ratio_TV_daily.csv: skip (ratio/composite)
DBC_TLT_ratio_TV_daily.csv: skip (ratio/composite)
DBC [STK/TRADES]: +1 rows → DBC_TV_daily.csv
DIA_QQQ_ratio_TV_daily.csv: skip (ratio/composite)
DIA [STK/TRADES]: +1 rows → DIA_TV_daily.csv
DXY_TV_daily.csv: skip (ticker not in ETF_list.xlsx → market_trends)
EEM_SPY_ratio_TV_daily.csv: skip (ratio/composite)
EEM [STK/TRADES]: +1 rows → EEM_TV_daily.csv
EFA_SPY_ratio_TV_daily.csv: skip (ratio/composite)
EFA [STK/TRADES]: +1 rows → EFA_TV_daily.csv
FEZ_SPY_ratio_TV_daily.csv: skip (ratio/composite)
FEZ [STK/TRADES]: +1 rows → FEZ_TV_daily.csv
GDX [STK/TRADES]: +1 rows → GDX_TV_daily.csv
GLD_SPY_ratio_TV_daily.csv: skip (ratio/composite)
GLD_TLT_ratio_TV_daily.csv: skip (ratio/composite)
GLD [STK/TRADES]: +1 rows → GLD_TV_daily.csv
HYG_IEI_ratio_TV_daily.csv: skip (ratio/composite)
HYG_LQD_ratio_TV_daily.csv: skip (ratio/composite)
HYG_TLT_ratio_TV_daily.csv: skip (ratio/composite)
HYG [STK/TRADES]: +1 rows → HYG_TV_daily.csv
IEI [STK/TRADES]: +1 rows → IEI_TV_daily.csv
IWC [STK/TRADES]: +1 rows → IWC_TV_daily.csv
IWM [STK/TRADES]: +1 rows → IWM_TV_daily.csv
JNK_LQD_ratio_TV_daily.csv: skip (ratio/composite)
JNK [STK/TRADES]: +1 rows → JNK_TV_daily.csv
KRE [STK/TRADES]: +1 rows → KRE_TV_daily.csv
LQD_TLT_ratio_TV_daily.csv: skip (ratio/composite)
LQD [STK/TRADES]: +1 rows → LQD_TV_daily.csv
PC_TV_daily.csv: skip (ticker not in ETF_list.xlsx → market_trends)
QQQ_IWM_ratio_TV_daily.csv: skip (ratio/composite)
QQQ_SPY_ratio_TV_daily.csv: skip (ratio/composite)
QQQ_TLT_ratio_TV_daily.csv: skip (ratio/composite)
QQQ [STK/TRADES]: +1 rows → QQQ_TV_daily.csv
RSP_QQQ_ratio_TV_daily.csv: skip (ratio/composite)
RSP_SPY_ratio_TV_daily.csv: skip (ratio/composite)
RSP [STK/TRADES]: +1 rows → RSP_TV_daily.csv
SLV [STK/TRADES]: +1 rows → SLV_TV_daily.csv
SPHB_SPY_ratio_TV_daily.csv: skip (ratio/composite)
SPHB [STK/TRADES]: +1 rows → SPHB_TV_daily.csv
SPYD [STK/TRADES]: +1 rows → SPYD_TV_daily.csv
SPY_TLT_ratio_TV_daily.csv: skip (ratio/composite)
SPY [STK/TRADES]: +1 rows → SPY_TV_daily.csv
TLT [STK/TRADES]: +1 rows → TLT_TV_daily.csv
VIX3M [IND/TRADES]: +1 rows → VIX3M_TV_daily.csv
VIX9D [IND/TRADES]: +1 rows → VIX9D_TV_daily.csv
VIX [IND/TRADES]: +1 rows → VIX_TV_daily.csv
VVIX [IND/TRADES]: +1 rows → VVIX_TV_daily.csv
XHB [STK/TRADES]: +1 rows → XHB_TV_daily.csv
XLB [STK/TRADES]: +1 rows → XLB_TV_daily.csv
XLC [STK/TRADES]: +1 rows → XLC_TV_daily.csv
XLE [STK/TRADES]: +1 rows → XLE_TV_daily.csv
XLF [STK/TRADES]: +1 rows → XLF_TV_daily.csv
XLI [STK/TRADES]: +1 rows → XLI_TV_daily.csv
XLK [STK/TRADES]: +1 rows → XLK_TV_daily.csv
XLP_SPY_ratio_TV_daily.csv: skip (ratio/composite)
XLP [STK/TRADES]: +1 rows → XLP_TV_daily.csv
XLRE [STK/TRADES]: +1 rows → XLRE_TV_daily.csv
XLU_SPY_ratio_TV_daily.csv: skip (ratio/composite)
XLU [STK/TRADES]: +1 rows → XLU_TV_daily.csv
XLU_XLV_XLP_composite_TV_daily.csv: skip (ratio/composite)
XLV [STK/TRADES]: +1 rows → XLV_TV_daily.csv
XLY [STK/TRADES]: +1 rows → XLY_TV_daily.csv
XLY_XLP_ratio_TV_daily.csv: skip (ratio/composite)
[IB] Disconnected.
[RATIO] DBC/SPY: rows=2523 → DBC_SPY_ratio_TV_daily.csv
[RATIO] DBC/TLT: rows=2523 → DBC_TLT_ratio_TV_daily.csv
[RATIO] DIA/QQQ: rows=2523 → DIA_QQQ_ratio_TV_daily.csv
[RATIO] EEM/SPY: rows=2524 → EEM_SPY_ratio_TV_daily.csv
[RATIO] EFA/SPY: rows=2524 → EFA_SPY_ratio_TV_daily.csv
[RATIO] FEZ/SPY: rows=2524 → FEZ_SPY_ratio_TV_daily.csv
[RATIO] GLD/SPY: rows=5234 → GLD_SPY_ratio_TV_daily.csv
[RATIO] GLD/TLT: rows=5234 → GLD_TLT_ratio_TV_daily.csv
[RATIO] HYG/IEI: rows=2036 → HYG_IEI_ratio_TV_daily.csv
[RATIO] JNK/LQD: rows=2523 → JNK_LQD_ratio_TV_daily.csv
[RATIO] QQQ/IWM: rows=2523 → QQQ_IWM_ratio_TV_daily.csv
[RATIO] QQQ/SPY: rows=2523 → QQQ_SPY_ratio_TV_daily.csv
[RATIO] SPHB/SPY: rows=2523 → SPHB_SPY_ratio_TV_daily.csv
[RATIO] XLP/SPY: rows=6719 → XLP_SPY_ratio_TV_daily.csv
[RATIO] XLY/XLP: rows=6719 → XLY_XLP_ratio_TV_daily.csv
[RATIO] HYG/TLT: rows=4634 → HYG_TLT_ratio_TV_daily.csv
[RATIO MISS] Missing input: /Users/Finance/QuantShared/market_trends/EMB_TV_daily.csv
[RATIO] LQD/TLT: rows=2524 → LQD_TLT_ratio_TV_daily.csv
[RATIO] RSP/SPY: rows=5627 → RSP_SPY_ratio_TV_daily.csv
[RATIO] RSP/QQQ: rows=2523 → RSP_QQQ_ratio_TV_daily.csv
[RATIO] SPY/TLT: rows=5818 → SPY_TLT_ratio_TV_daily.csv
[RATIO] QQQ/TLT: rows=2523 → QQQ_TLT_ratio_TV_daily.csv
[RATIO MISS] Missing input: /Users/Finance/QuantShared/market_trends/UUP_TV_daily.csv
[COMP ] XLU_XLV_XLP_composite: rows=6719 → XLU_XLV_XLP_composite_TV_daily.csv
[DONE] s13_market_trends_update complete.
[2025-09-09 16:45:08 UTC] s14_forex_update → s14_forex_update.py
[IB] Connecting 127.0.0.1:7496 (clientId=64) …
[IB] Connected.
[OK] USDEUR: +0 rows → /Users/Finance/QuantShared/forex/USDEUR_daily.csv
[IB] Disconnected.
[2025-09-09 16:45:09 UTC] s20_make_master_daily → s20_make_master_daily.py 
[s20] ROOT=/Users/Finance
[s20] DATA_RAW(project)=/Users/Finance/data_raw
[s20] SHARED_BASE=/Users/Finance/QuantShared/data_raw_ETF_US
[s20] TT daily dir (read)=/Users/Finance/QuantShared/data_raw_ETF_US/daily
[s20] ETF list=/Users/Finance/QuantShared/ETF_list.xlsx (sheet=US_small)
[OK] Wrote /Users/Finance/data_raw/etf_prices_daily_master.csv | rows=63,180 | tickers=32
[2025-09-09 16:45:09 UTC] s30_enrich_to_parquet → s30_enrich_to_parquet.py 
[2025-09-09 16:45:09 UTC] [ERR] /Users/Finance/QuantETFUS_small/scripts/us_preclose_v1.sh failed at line 89
[2025-09-09 16:57:06 UTC] === US-PRECLOSE REFRESH (v1) START ===
[2025-09-09 16:57:07 UTC] s10_ibkr_download_daily → s10_ibkr_download_daily.py --client-id 88
[INFO] Excel=/Users/Finance/QuantShared/ETF_list.xlsx | sheet=signalsUSD | out=/Users/Finance/QuantShared/data_raw_ETF_US/daily
[2025-09-09 16:57:07 UTC] [ERR] /Users/Finance/QuantETFUS_small/scripts/us_preclose_v1.sh failed at line 89
[2025-09-09 20:20:05 UTC] === US-PRECLOSE REFRESH (v1) START ===
[2025-09-09 20:20:05 UTC] s10_ibkr_download_daily → s10_ibkr_download_daily.py --client-id 88
[INFO] Excel=/Users/Finance/QuantShared/ETF_list.xlsx | sheet=signalsUSD | out=/Users/Finance/QuantShared/data_raw_ETF_US/daily
[2025-09-09 20:20:06 UTC] [ERR] /Users/Finance/QuantETFUS_small/scripts/us_preclose_v1.sh failed at line 89
[2025-09-10 20:20:02 UTC] === US-PRECLOSE REFRESH (v1) START ===
[2025-09-10 20:20:02 UTC] s10_ibkr_download_daily → s10_ibkr_download_daily.py --client_id 88
[INFO] Excel=/Users/Finance/QuantShared/ETF_list.xlsx | sheet=signalsUSD | out=/Users/Finance/QuantShared/data_raw_ETF_US/daily
[IB] Connecting 127.0.0.1:7496 (clientId=88) …
[2025-09-10 20:20:12 UTC] [ERR] /Users/Finance/QuantETFUS_small/scripts/us_preclose_v1.sh failed at line 115
[2025-09-11 20:20:05 UTC] === US-PRECLOSE REFRESH (v1) START ===
[2025-09-11 20:20:05 UTC] s10_ibkr_download_daily → s10_ibkr_download_daily.py --client_id 88
[INFO] Excel=/Users/Finance/QuantShared/ETF_list.xlsx | sheet=signalsUSD | out=/Users/Finance/QuantShared/data_raw_ETF_US/daily
[IB] Connecting 127.0.0.1:7496 (clientId=88) …
[IB] Connected.
[1/35] BATT: +0 rows → /Users/Finance/QuantShared/data_raw_ETF_US/daily/BATT_daily_raw.csv
[2/35] COPX: +0 rows → /Users/Finance/QuantShared/data_raw_ETF_US/daily/COPX_daily_raw.csv
[3/35] DGTL: +0 rows → /Users/Finance/QuantShared/data_raw_ETF_US/daily/DGTL_daily_raw.csv
[4/35] GDX: +0 rows → /Users/Finance/QuantShared/data_raw_ETF_US/daily/GDX_daily_raw.csv
[5/35] GDXJ: +0 rows → /Users/Finance/QuantShared/data_raw_ETF_US/daily/GDXJ_daily_raw.csv
[6/35] IOGP: +0 rows → /Users/Finance/QuantShared/data_raw_ETF_US/daily/IOGP_daily_raw.csv
[7/35] ISAC: +0 rows → /Users/Finance/QuantShared/data_raw_ETF_US/daily/ISAC_daily_raw.csv
[8/35] ISUN: +0 rows → /Users/Finance/QuantShared/data_raw_ETF_US/daily/ISUN_daily_raw.csv
[9/35] IUCM: +0 rows → /Users/Finance/QuantShared/data_raw_ETF_US/daily/IUCM_daily_raw.csv
[10/35] IUCS: +0 rows → /Users/Finance/QuantShared/data_raw_ETF_US/daily/IUCS_daily_raw.csv
[11/35] IUES: +0 rows → /Users/Finance/QuantShared/data_raw_ETF_US/daily/IUES_daily_raw.csv
[12/35] IUFS: +0 rows → /Users/Finance/QuantShared/data_raw_ETF_US/daily/IUFS_daily_raw.csv
[13/35] IUHC: +0 rows → /Users/Finance/QuantShared/data_raw_ETF_US/daily/IUHC_daily_raw.csv
[14/35] IUIT: +0 rows → /Users/Finance/QuantShared/data_raw_ETF_US/daily/IUIT_daily_raw.csv
[15/35] IUUS: +0 rows → /Users/Finance/QuantShared/data_raw_ETF_US/daily/IUUS_daily_raw.csv
[16/35] IWDA: +0 rows → /Users/Finance/QuantShared/data_raw_ETF_US/daily/IWDA_daily_raw.csv
[17/35] PHAG: +0 rows → /Users/Finance/QuantShared/data_raw_ETF_US/daily/PHAG_daily_raw.csv
[18/35] RBOT: +0 rows → /Users/Finance/QuantShared/data_raw_ETF_US/daily/RBOT_daily_raw.csv
[19/35] RENW: +0 rows → /Users/Finance/QuantShared/data_raw_ETF_US/daily/RENW_daily_raw.csv
[20/35] SBIO: +0 rows → /Users/Finance/QuantShared/data_raw_ETF_US/daily/SBIO_daily_raw.csv
[21/35] SMH: +0 rows → /Users/Finance/QuantShared/data_raw_ETF_US/daily/SMH_daily_raw.csv
[22/35] SGLD: +0 rows → /Users/Finance/QuantShared/data_raw_ETF_US/daily/SGLD_daily_raw.csv
[23/35] SILV: +0 rows → /Users/Finance/QuantShared/data_raw_ETF_US/daily/SILV_daily_raw.csv
[24/35] URNJ: +0 rows → /Users/Finance/QuantShared/data_raw_ETF_US/daily/URNJ_daily_raw.csv
[25/35] URNM: +0 rows → /Users/Finance/QuantShared/data_raw_ETF_US/daily/URNM_daily_raw.csv
[26/35] USPY: +0 rows → /Users/Finance/QuantShared/data_raw_ETF_US/daily/USPY_daily_raw.csv
[27/35] VUAA: +0 rows → /Users/Finance/QuantShared/data_raw_ETF_US/daily/VUAA_daily_raw.csv
[28/35] XNAS: +0 rows → /Users/Finance/QuantShared/data_raw_ETF_US/daily/XNAS_daily_raw.csv
[29/35] XS2D: +0 rows → /Users/Finance/QuantShared/data_raw_ETF_US/daily/XS2D_daily_raw.csv
[30/35] XSPD: +0 rows → /Users/Finance/QuantShared/data_raw_ETF_US/daily/XSPD_daily_raw.csv
[31/35] XT2D: +0 rows → /Users/Finance/QuantShared/data_raw_ETF_US/daily/XT2D_daily_raw.csv
[32/35] AIGA: +0 rows → /Users/Finance/QuantShared/data_raw_ETF_US/daily/AIGA_daily_raw.csv
[33/35] AIAI: +0 rows → /Users/Finance/QuantShared/data_raw_ETF_US/daily/AIAI_daily_raw.csv
[34/35] XMED: +0 rows → /Users/Finance/QuantShared/data_raw_ETF_US/daily/XMED_daily_raw.csv
[35/35] ICOM: +0 rows → /Users/Finance/QuantShared/data_raw_ETF_US/daily/ICOM_daily_raw.csv
[DONE] s10_ibkr_download_daily (append-only, UTC) complete.
[2025-09-11 20:22:09 UTC] s12_ibkr_download_weekly → s12_ibkr_download_weekly.py
[INFO] Excel=/Users/Finance/QuantShared/ETF_list.xlsx | sheet=signalsUSD | outdir=/Users/Finance/QuantShared/data_raw_ETF_US/weekly
[INFO] Excel=/Users/Finance/QuantShared/ETF_list.xlsx | sheet=signalsUSD | outdir=/Users/Finance/QuantShared/data_raw_ETF_US/weekly
[IB] Connecting 127.0.0.1:7496 (clientId=62) …
[IB] Connected.
[1/35] BATT: +0 rows → /Users/Finance/QuantShared/data_raw_ETF_US/weekly/BATT_weekly_raw.csv
[2/35] COPX: +0 rows → /Users/Finance/QuantShared/data_raw_ETF_US/weekly/COPX_weekly_raw.csv
[3/35] DGTL: +0 rows → /Users/Finance/QuantShared/data_raw_ETF_US/weekly/DGTL_weekly_raw.csv
[4/35] GDX: +0 rows → /Users/Finance/QuantShared/data_raw_ETF_US/weekly/GDX_weekly_raw.csv
[5/35] GDXJ: +0 rows → /Users/Finance/QuantShared/data_raw_ETF_US/weekly/GDXJ_weekly_raw.csv
[6/35] IOGP: +0 rows → /Users/Finance/QuantShared/data_raw_ETF_US/weekly/IOGP_weekly_raw.csv
[7/35] ISAC: +0 rows → /Users/Finance/QuantShared/data_raw_ETF_US/weekly/ISAC_weekly_raw.csv
[8/35] ISUN: +0 rows → /Users/Finance/QuantShared/data_raw_ETF_US/weekly/ISUN_weekly_raw.csv
[9/35] IUCM: +0 rows → /Users/Finance/QuantShared/data_raw_ETF_US/weekly/IUCM_weekly_raw.csv
[10/35] IUCS: +0 rows → /Users/Finance/QuantShared/data_raw_ETF_US/weekly/IUCS_weekly_raw.csv
[11/35] IUES: +0 rows → /Users/Finance/QuantShared/data_raw_ETF_US/weekly/IUES_weekly_raw.csv
[12/35] IUFS: +0 rows → /Users/Finance/QuantShared/data_raw_ETF_US/weekly/IUFS_weekly_raw.csv
[13/35] IUHC: +0 rows → /Users/Finance/QuantShared/data_raw_ETF_US/weekly/IUHC_weekly_raw.csv
[14/35] IUIT: +0 rows → /Users/Finance/QuantShared/data_raw_ETF_US/weekly/IUIT_weekly_raw.csv
[15/35] IUUS: +0 rows → /Users/Finance/QuantShared/data_raw_ETF_US/weekly/IUUS_weekly_raw.csv
[16/35] IWDA: +0 rows → /Users/Finance/QuantShared/data_raw_ETF_US/weekly/IWDA_weekly_raw.csv
[17/35] PHAG: +0 rows → /Users/Finance/QuantShared/data_raw_ETF_US/weekly/PHAG_weekly_raw.csv
[18/35] RBOT: +0 rows → /Users/Finance/QuantShared/data_raw_ETF_US/weekly/RBOT_weekly_raw.csv
[19/35] RENW: +0 rows → /Users/Finance/QuantShared/data_raw_ETF_US/weekly/RENW_weekly_raw.csv
[20/35] SBIO: +0 rows → /Users/Finance/QuantShared/data_raw_ETF_US/weekly/SBIO_weekly_raw.csv
[21/35] SMH: +0 rows → /Users/Finance/QuantShared/data_raw_ETF_US/weekly/SMH_weekly_raw.csv
[22/35] SGLD: +0 rows → /Users/Finance/QuantShared/data_raw_ETF_US/weekly/SGLD_weekly_raw.csv
[23/35] SILV: +0 rows → /Users/Finance/QuantShared/data_raw_ETF_US/weekly/SILV_weekly_raw.csv
[24/35] URNJ: +0 rows → /Users/Finance/QuantShared/data_raw_ETF_US/weekly/URNJ_weekly_raw.csv
[25/35] URNM: +0 rows → /Users/Finance/QuantShared/data_raw_ETF_US/weekly/URNM_weekly_raw.csv
[26/35] USPY: +0 rows → /Users/Finance/QuantShared/data_raw_ETF_US/weekly/USPY_weekly_raw.csv
[27/35] VUAA: +0 rows → /Users/Finance/QuantShared/data_raw_ETF_US/weekly/VUAA_weekly_raw.csv
[28/35] XNAS: +0 rows → /Users/Finance/QuantShared/data_raw_ETF_US/weekly/XNAS_weekly_raw.csv
[29/35] XS2D: +0 rows → /Users/Finance/QuantShared/data_raw_ETF_US/weekly/XS2D_weekly_raw.csv
[30/35] XSPD: +0 rows → /Users/Finance/QuantShared/data_raw_ETF_US/weekly/XSPD_weekly_raw.csv
[31/35] XT2D: +0 rows → /Users/Finance/QuantShared/data_raw_ETF_US/weekly/XT2D_weekly_raw.csv
[32/35] AIGA: +0 rows → /Users/Finance/QuantShared/data_raw_ETF_US/weekly/AIGA_weekly_raw.csv
[33/35] AIAI: +0 rows → /Users/Finance/QuantShared/data_raw_ETF_US/weekly/AIAI_weekly_raw.csv
[34/35] XMED: +0 rows → /Users/Finance/QuantShared/data_raw_ETF_US/weekly/XMED_weekly_raw.csv
[35/35] ICOM: +0 rows → /Users/Finance/QuantShared/data_raw_ETF_US/weekly/ICOM_weekly_raw.csv
[DONE] s12_ibkr_download_weekly complete.
[2025-09-11 20:22:29 UTC] s13_market_trends_update → s13_market_trends_update.py
[INFO] Using list: /Users/Finance/QuantShared/ETF_list.xlsx | sheet=market_trends | tickers=66
[IB] Connecting 127.0.0.1:7496 (clientId=63) …
[IB] Connected.
CEW_DXY_ratio_TV_daily.csv: skip (ratio/composite)
CEW [STK/TRADES]: +0 rows → CEW_TV_daily.csv
DBC_SPY_ratio_TV_daily.csv: skip (ratio/composite)
DBC_TLT_ratio_TV_daily.csv: skip (ratio/composite)
DBC [STK/TRADES]: +0 rows → DBC_TV_daily.csv
DIA_QQQ_ratio_TV_daily.csv: skip (ratio/composite)
DIA [STK/TRADES]: +0 rows → DIA_TV_daily.csv
DXY_TV_daily.csv: skip (ticker not in ETF_list.xlsx → market_trends)
EEM_SPY_ratio_TV_daily.csv: skip (ratio/composite)
EEM [STK/TRADES]: +0 rows → EEM_TV_daily.csv
EFA_SPY_ratio_TV_daily.csv: skip (ratio/composite)
EFA [STK/TRADES]: +0 rows → EFA_TV_daily.csv
FEZ_SPY_ratio_TV_daily.csv: skip (ratio/composite)
FEZ [STK/TRADES]: +0 rows → FEZ_TV_daily.csv
GDX [STK/TRADES]: +0 rows → GDX_TV_daily.csv
GLD_SPY_ratio_TV_daily.csv: skip (ratio/composite)
GLD_TLT_ratio_TV_daily.csv: skip (ratio/composite)
GLD [STK/TRADES]: +0 rows → GLD_TV_daily.csv
HYG_IEI_ratio_TV_daily.csv: skip (ratio/composite)
HYG_LQD_ratio_TV_daily.csv: skip (ratio/composite)
HYG_TLT_ratio_TV_daily.csv: skip (ratio/composite)
HYG [STK/TRADES]: +0 rows → HYG_TV_daily.csv
IEI [STK/TRADES]: +0 rows → IEI_TV_daily.csv
IWC [STK/TRADES]: +0 rows → IWC_TV_daily.csv
IWM [STK/TRADES]: +0 rows → IWM_TV_daily.csv
JNK_LQD_ratio_TV_daily.csv: skip (ratio/composite)
JNK [STK/TRADES]: +0 rows → JNK_TV_daily.csv
KRE [STK/TRADES]: +0 rows → KRE_TV_daily.csv
LQD_TLT_ratio_TV_daily.csv: skip (ratio/composite)
LQD [STK/TRADES]: +0 rows → LQD_TV_daily.csv
PC_TV_daily.csv: skip (ticker not in ETF_list.xlsx → market_trends)
QQQ_IWM_ratio_TV_daily.csv: skip (ratio/composite)
QQQ_SPY_ratio_TV_daily.csv: skip (ratio/composite)
QQQ_TLT_ratio_TV_daily.csv: skip (ratio/composite)
QQQ [STK/TRADES]: +0 rows → QQQ_TV_daily.csv
RSP_QQQ_ratio_TV_daily.csv: skip (ratio/composite)
RSP_SPY_ratio_TV_daily.csv: skip (ratio/composite)
RSP [STK/TRADES]: +0 rows → RSP_TV_daily.csv
SLV [STK/TRADES]: +0 rows → SLV_TV_daily.csv
SPHB_SPY_ratio_TV_daily.csv: skip (ratio/composite)
SPHB [STK/TRADES]: +0 rows → SPHB_TV_daily.csv
SPYD [STK/TRADES]: +0 rows → SPYD_TV_daily.csv
SPY_TLT_ratio_TV_daily.csv: skip (ratio/composite)
SPY [STK/TRADES]: +0 rows → SPY_TV_daily.csv
TLT [STK/TRADES]: +0 rows → TLT_TV_daily.csv
VIX3M [IND/TRADES]: +0 rows → VIX3M_TV_daily.csv
VIX9D [IND/TRADES]: +0 rows → VIX9D_TV_daily.csv
VIX [IND/TRADES]: +0 rows → VIX_TV_daily.csv
VVIX [IND/TRADES]: +0 rows → VVIX_TV_daily.csv
XHB [STK/TRADES]: +0 rows → XHB_TV_daily.csv
XLB [STK/TRADES]: +0 rows → XLB_TV_daily.csv
XLC [STK/TRADES]: +0 rows → XLC_TV_daily.csv
XLE [STK/TRADES]: +0 rows → XLE_TV_daily.csv
XLF [STK/TRADES]: +0 rows → XLF_TV_daily.csv
XLI [STK/TRADES]: +0 rows → XLI_TV_daily.csv
XLK [STK/TRADES]: +0 rows → XLK_TV_daily.csv
XLP_SPY_ratio_TV_daily.csv: skip (ratio/composite)
XLP [STK/TRADES]: +0 rows → XLP_TV_daily.csv
XLRE [STK/TRADES]: +0 rows → XLRE_TV_daily.csv
XLU_SPY_ratio_TV_daily.csv: skip (ratio/composite)
XLU [STK/TRADES]: +0 rows → XLU_TV_daily.csv
XLU_XLV_XLP_composite_TV_daily.csv: skip (ratio/composite)
XLV [STK/TRADES]: +0 rows → XLV_TV_daily.csv
XLY [STK/TRADES]: +0 rows → XLY_TV_daily.csv
XLY_XLP_ratio_TV_daily.csv: skip (ratio/composite)
[IB] Disconnected.
[RATIO] DBC/SPY: rows=2525 → DBC_SPY_ratio_TV_daily.csv
[RATIO] DBC/TLT: rows=2525 → DBC_TLT_ratio_TV_daily.csv
[RATIO] DIA/QQQ: rows=2525 → DIA_QQQ_ratio_TV_daily.csv
[RATIO] EEM/SPY: rows=2526 → EEM_SPY_ratio_TV_daily.csv
[RATIO] EFA/SPY: rows=2526 → EFA_SPY_ratio_TV_daily.csv
[RATIO] FEZ/SPY: rows=2526 → FEZ_SPY_ratio_TV_daily.csv
[RATIO] GLD/SPY: rows=5236 → GLD_SPY_ratio_TV_daily.csv
[RATIO] GLD/TLT: rows=5236 → GLD_TLT_ratio_TV_daily.csv
[RATIO] HYG/IEI: rows=2038 → HYG_IEI_ratio_TV_daily.csv
[RATIO] JNK/LQD: rows=2525 → JNK_LQD_ratio_TV_daily.csv
[RATIO] QQQ/IWM: rows=2525 → QQQ_IWM_ratio_TV_daily.csv
[RATIO] QQQ/SPY: rows=2525 → QQQ_SPY_ratio_TV_daily.csv
[RATIO] SPHB/SPY: rows=2525 → SPHB_SPY_ratio_TV_daily.csv
[RATIO] XLP/SPY: rows=6721 → XLP_SPY_ratio_TV_daily.csv
[RATIO] XLY/XLP: rows=6721 → XLY_XLP_ratio_TV_daily.csv
[RATIO] HYG/TLT: rows=4636 → HYG_TLT_ratio_TV_daily.csv
[RATIO MISS] Missing input: /Users/Finance/QuantShared/market_trends/EMB_TV_daily.csv
[RATIO] LQD/TLT: rows=2526 → LQD_TLT_ratio_TV_daily.csv
[RATIO] RSP/SPY: rows=5629 → RSP_SPY_ratio_TV_daily.csv
[RATIO] RSP/QQQ: rows=2525 → RSP_QQQ_ratio_TV_daily.csv
[RATIO] SPY/TLT: rows=5820 → SPY_TLT_ratio_TV_daily.csv
[RATIO] QQQ/TLT: rows=2525 → QQQ_TLT_ratio_TV_daily.csv
[RATIO MISS] Missing input: /Users/Finance/QuantShared/market_trends/UUP_TV_daily.csv
[COMP ] XLU_XLV_XLP_composite: rows=6721 → XLU_XLV_XLP_composite_TV_daily.csv
[DONE] s13_market_trends_update complete.
[2025-09-11 20:23:46 UTC] s14_forex_update → s14_forex_update.py
[IB] Connecting 127.0.0.1:7496 (clientId=64) …
[IB] Connected.
[OK] USDEUR: +0 rows → /Users/Finance/QuantShared/forex/USDEUR_daily.csv
[IB] Disconnected.
[2025-09-11 20:23:47 UTC] s20_make_master_daily → s20_make_master_daily.py
[s20] ROOT=/Users/Finance
[s20] DATA_RAW(project)=/Users/Finance/data_raw
[s20] SHARED_BASE=/Users/Finance/QuantShared/data_raw_ETF_US
[s20] TT daily dir (read)=/Users/Finance/QuantShared/data_raw_ETF_US/daily
[s20] ETF list=/Users/Finance/QuantShared/ETF_list.xlsx (sheet=US_small)
[OK] Wrote /Users/Finance/data_raw/etf_prices_daily_master.csv | rows=70,092 | tickers=35
[2025-09-11 20:23:48 UTC] s30_enrich_to_parquet → s30_enrich_to_parquet.py
[2025-09-11 20:23:48 UTC] [ERR] /Users/Finance/QuantETFUS_small/scripts/us_preclose_v1.sh failed at line 115
[2025-09-12 20:20:08 UTC] === US-PRECLOSE REFRESH (v1) START ===
[2025-09-12 20:20:08 UTC] s10_ibkr_download_daily → s10_ibkr_download_daily.py --client_id 88
[INFO] Excel=/Users/Finance/QuantShared/ETF_list.xlsx | sheet=signalsUSD | out=/Users/Finance/QuantShared/data_raw_ETF_US/daily
[IB] Connecting 127.0.0.1:7496 (clientId=88) …
[IB] Connected.
[1/35] BATT: +0 rows → /Users/Finance/QuantShared/data_raw_ETF_US/daily/BATT_daily_raw.csv
[2/35] COPX: +0 rows → /Users/Finance/QuantShared/data_raw_ETF_US/daily/COPX_daily_raw.csv
[3/35] DGTL: +0 rows → /Users/Finance/QuantShared/data_raw_ETF_US/daily/DGTL_daily_raw.csv
[4/35] GDX: +0 rows → /Users/Finance/QuantShared/data_raw_ETF_US/daily/GDX_daily_raw.csv
[5/35] GDXJ: +0 rows → /Users/Finance/QuantShared/data_raw_ETF_US/daily/GDXJ_daily_raw.csv
[6/35] IOGP: +0 rows → /Users/Finance/QuantShared/data_raw_ETF_US/daily/IOGP_daily_raw.csv
[7/35] ISAC: +0 rows → /Users/Finance/QuantShared/data_raw_ETF_US/daily/ISAC_daily_raw.csv
[8/35] ISUN: +0 rows → /Users/Finance/QuantShared/data_raw_ETF_US/daily/ISUN_daily_raw.csv
[9/35] IUCM: +0 rows → /Users/Finance/QuantShared/data_raw_ETF_US/daily/IUCM_daily_raw.csv
[10/35] IUCS: +0 rows → /Users/Finance/QuantShared/data_raw_ETF_US/daily/IUCS_daily_raw.csv
[11/35] IUES: +0 rows → /Users/Finance/QuantShared/data_raw_ETF_US/daily/IUES_daily_raw.csv
[12/35] IUFS: +0 rows → /Users/Finance/QuantShared/data_raw_ETF_US/daily/IUFS_daily_raw.csv
[13/35] IUHC: +0 rows → /Users/Finance/QuantShared/data_raw_ETF_US/daily/IUHC_daily_raw.csv
[14/35] IUIT: +0 rows → /Users/Finance/QuantShared/data_raw_ETF_US/daily/IUIT_daily_raw.csv
[15/35] IUUS: +0 rows → /Users/Finance/QuantShared/data_raw_ETF_US/daily/IUUS_daily_raw.csv
[16/35] IWDA: +0 rows → /Users/Finance/QuantShared/data_raw_ETF_US/daily/IWDA_daily_raw.csv
[17/35] PHAG: +0 rows → /Users/Finance/QuantShared/data_raw_ETF_US/daily/PHAG_daily_raw.csv
[18/35] RBOT: +0 rows → /Users/Finance/QuantShared/data_raw_ETF_US/daily/RBOT_daily_raw.csv
[19/35] RENW: +0 rows → /Users/Finance/QuantShared/data_raw_ETF_US/daily/RENW_daily_raw.csv
[20/35] SBIO: +0 rows → /Users/Finance/QuantShared/data_raw_ETF_US/daily/SBIO_daily_raw.csv
[21/35] SMH: +0 rows → /Users/Finance/QuantShared/data_raw_ETF_US/daily/SMH_daily_raw.csv
[22/35] SGLD: +0 rows → /Users/Finance/QuantShared/data_raw_ETF_US/daily/SGLD_daily_raw.csv
[23/35] SILV: +0 rows → /Users/Finance/QuantShared/data_raw_ETF_US/daily/SILV_daily_raw.csv
[24/35] URNJ: +0 rows → /Users/Finance/QuantShared/data_raw_ETF_US/daily/URNJ_daily_raw.csv
[25/35] URNM: +0 rows → /Users/Finance/QuantShared/data_raw_ETF_US/daily/URNM_daily_raw.csv
[26/35] USPY: +0 rows → /Users/Finance/QuantShared/data_raw_ETF_US/daily/USPY_daily_raw.csv
[27/35] VUAA: +0 rows → /Users/Finance/QuantShared/data_raw_ETF_US/daily/VUAA_daily_raw.csv
[28/35] XNAS: +0 rows → /Users/Finance/QuantShared/data_raw_ETF_US/daily/XNAS_daily_raw.csv
[29/35] XS2D: +0 rows → /Users/Finance/QuantShared/data_raw_ETF_US/daily/XS2D_daily_raw.csv
[30/35] XSPD: +0 rows → /Users/Finance/QuantShared/data_raw_ETF_US/daily/XSPD_daily_raw.csv
[31/35] XT2D: +0 rows → /Users/Finance/QuantShared/data_raw_ETF_US/daily/XT2D_daily_raw.csv
[32/35] AIGA: +0 rows → /Users/Finance/QuantShared/data_raw_ETF_US/daily/AIGA_daily_raw.csv
[33/35] AIAI: +0 rows → /Users/Finance/QuantShared/data_raw_ETF_US/daily/AIAI_daily_raw.csv
[34/35] XMED: +0 rows → /Users/Finance/QuantShared/data_raw_ETF_US/daily/XMED_daily_raw.csv
[35/35] ICOM: +0 rows → /Users/Finance/QuantShared/data_raw_ETF_US/daily/ICOM_daily_raw.csv
[DONE] s10_ibkr_download_daily (append-only, UTC) complete.
[2025-09-12 20:22:19 UTC] s12_ibkr_download_weekly → s12_ibkr_download_weekly.py
[INFO] Excel=/Users/Finance/QuantShared/ETF_list.xlsx | sheet=signalsUSD | outdir=/Users/Finance/QuantShared/data_raw_ETF_US/weekly
[INFO] Excel=/Users/Finance/QuantShared/ETF_list.xlsx | sheet=signalsUSD | outdir=/Users/Finance/QuantShared/data_raw_ETF_US/weekly
[IB] Connecting 127.0.0.1:7496 (clientId=62) …
[IB] Connected.
[1/35] BATT: +0 rows → /Users/Finance/QuantShared/data_raw_ETF_US/weekly/BATT_weekly_raw.csv
[2/35] COPX: +0 rows → /Users/Finance/QuantShared/data_raw_ETF_US/weekly/COPX_weekly_raw.csv
[3/35] DGTL: +0 rows → /Users/Finance/QuantShared/data_raw_ETF_US/weekly/DGTL_weekly_raw.csv
[4/35] GDX: +0 rows → /Users/Finance/QuantShared/data_raw_ETF_US/weekly/GDX_weekly_raw.csv
[5/35] GDXJ: +0 rows → /Users/Finance/QuantShared/data_raw_ETF_US/weekly/GDXJ_weekly_raw.csv
[6/35] IOGP: +0 rows → /Users/Finance/QuantShared/data_raw_ETF_US/weekly/IOGP_weekly_raw.csv
[7/35] ISAC: +0 rows → /Users/Finance/QuantShared/data_raw_ETF_US/weekly/ISAC_weekly_raw.csv
[8/35] ISUN: +0 rows → /Users/Finance/QuantShared/data_raw_ETF_US/weekly/ISUN_weekly_raw.csv
[9/35] IUCM: +0 rows → /Users/Finance/QuantShared/data_raw_ETF_US/weekly/IUCM_weekly_raw.csv
[10/35] IUCS: +0 rows → /Users/Finance/QuantShared/data_raw_ETF_US/weekly/IUCS_weekly_raw.csv
[11/35] IUES: +0 rows → /Users/Finance/QuantShared/data_raw_ETF_US/weekly/IUES_weekly_raw.csv
[12/35] IUFS: +0 rows → /Users/Finance/QuantShared/data_raw_ETF_US/weekly/IUFS_weekly_raw.csv
[13/35] IUHC: +0 rows → /Users/Finance/QuantShared/data_raw_ETF_US/weekly/IUHC_weekly_raw.csv
[14/35] IUIT: +0 rows → /Users/Finance/QuantShared/data_raw_ETF_US/weekly/IUIT_weekly_raw.csv
[15/35] IUUS: +0 rows → /Users/Finance/QuantShared/data_raw_ETF_US/weekly/IUUS_weekly_raw.csv
[16/35] IWDA: +0 rows → /Users/Finance/QuantShared/data_raw_ETF_US/weekly/IWDA_weekly_raw.csv
[17/35] PHAG: +0 rows → /Users/Finance/QuantShared/data_raw_ETF_US/weekly/PHAG_weekly_raw.csv
[18/35] RBOT: +0 rows → /Users/Finance/QuantShared/data_raw_ETF_US/weekly/RBOT_weekly_raw.csv
[19/35] RENW: +0 rows → /Users/Finance/QuantShared/data_raw_ETF_US/weekly/RENW_weekly_raw.csv
[20/35] SBIO: +0 rows → /Users/Finance/QuantShared/data_raw_ETF_US/weekly/SBIO_weekly_raw.csv
[21/35] SMH: +0 rows → /Users/Finance/QuantShared/data_raw_ETF_US/weekly/SMH_weekly_raw.csv
[22/35] SGLD: +0 rows → /Users/Finance/QuantShared/data_raw_ETF_US/weekly/SGLD_weekly_raw.csv
[23/35] SILV: +0 rows → /Users/Finance/QuantShared/data_raw_ETF_US/weekly/SILV_weekly_raw.csv
[24/35] URNJ: +0 rows → /Users/Finance/QuantShared/data_raw_ETF_US/weekly/URNJ_weekly_raw.csv
[25/35] URNM: +0 rows → /Users/Finance/QuantShared/data_raw_ETF_US/weekly/URNM_weekly_raw.csv
[26/35] USPY: +0 rows → /Users/Finance/QuantShared/data_raw_ETF_US/weekly/USPY_weekly_raw.csv
[27/35] VUAA: +0 rows → /Users/Finance/QuantShared/data_raw_ETF_US/weekly/VUAA_weekly_raw.csv
[28/35] XNAS: +0 rows → /Users/Finance/QuantShared/data_raw_ETF_US/weekly/XNAS_weekly_raw.csv
[29/35] XS2D: +0 rows → /Users/Finance/QuantShared/data_raw_ETF_US/weekly/XS2D_weekly_raw.csv
[30/35] XSPD: +0 rows → /Users/Finance/QuantShared/data_raw_ETF_US/weekly/XSPD_weekly_raw.csv
[31/35] XT2D: +0 rows → /Users/Finance/QuantShared/data_raw_ETF_US/weekly/XT2D_weekly_raw.csv
[32/35] AIGA: +0 rows → /Users/Finance/QuantShared/data_raw_ETF_US/weekly/AIGA_weekly_raw.csv
[33/35] AIAI: +0 rows → /Users/Finance/QuantShared/data_raw_ETF_US/weekly/AIAI_weekly_raw.csv
[34/35] XMED: +0 rows → /Users/Finance/QuantShared/data_raw_ETF_US/weekly/XMED_weekly_raw.csv
[35/35] ICOM: +0 rows → /Users/Finance/QuantShared/data_raw_ETF_US/weekly/ICOM_weekly_raw.csv
[DONE] s12_ibkr_download_weekly complete.
[2025-09-12 20:22:48 UTC] s13_market_trends_update → s13_market_trends_update.py
[INFO] Using list: /Users/Finance/QuantShared/ETF_list.xlsx | sheet=market_trends | tickers=66
[IB] Connecting 127.0.0.1:7496 (clientId=63) …
[IB] Connected.
CEW_DXY_ratio_TV_daily.csv: skip (ratio/composite)
CEW [STK/TRADES]: +0 rows → CEW_TV_daily.csv
DBC_SPY_ratio_TV_daily.csv: skip (ratio/composite)
DBC_TLT_ratio_TV_daily.csv: skip (ratio/composite)
DBC [STK/TRADES]: +0 rows → DBC_TV_daily.csv
DIA_QQQ_ratio_TV_daily.csv: skip (ratio/composite)
DIA [STK/TRADES]: +0 rows → DIA_TV_daily.csv
DXY_TV_daily.csv: skip (ticker not in ETF_list.xlsx → market_trends)
EEM_SPY_ratio_TV_daily.csv: skip (ratio/composite)
EEM [STK/TRADES]: +0 rows → EEM_TV_daily.csv
EFA_SPY_ratio_TV_daily.csv: skip (ratio/composite)
EFA [STK/TRADES]: +0 rows → EFA_TV_daily.csv
FEZ_SPY_ratio_TV_daily.csv: skip (ratio/composite)
FEZ [STK/TRADES]: +0 rows → FEZ_TV_daily.csv
GDX [STK/TRADES]: +0 rows → GDX_TV_daily.csv
GLD_SPY_ratio_TV_daily.csv: skip (ratio/composite)
GLD_TLT_ratio_TV_daily.csv: skip (ratio/composite)
GLD [STK/TRADES]: +0 rows → GLD_TV_daily.csv
HYG_IEI_ratio_TV_daily.csv: skip (ratio/composite)
HYG_LQD_ratio_TV_daily.csv: skip (ratio/composite)
HYG_TLT_ratio_TV_daily.csv: skip (ratio/composite)
HYG [STK/TRADES]: +0 rows → HYG_TV_daily.csv
IEI [STK/TRADES]: +0 rows → IEI_TV_daily.csv
IWC [STK/TRADES]: +0 rows → IWC_TV_daily.csv
IWM [STK/TRADES]: +0 rows → IWM_TV_daily.csv
JNK_LQD_ratio_TV_daily.csv: skip (ratio/composite)
JNK [STK/TRADES]: +0 rows → JNK_TV_daily.csv
KRE [STK/TRADES]: +0 rows → KRE_TV_daily.csv
LQD_TLT_ratio_TV_daily.csv: skip (ratio/composite)
LQD [STK/TRADES]: +0 rows → LQD_TV_daily.csv
PC_TV_daily.csv: skip (ticker not in ETF_list.xlsx → market_trends)
QQQ_IWM_ratio_TV_daily.csv: skip (ratio/composite)
QQQ_SPY_ratio_TV_daily.csv: skip (ratio/composite)
QQQ_TLT_ratio_TV_daily.csv: skip (ratio/composite)
QQQ [STK/TRADES]: +0 rows → QQQ_TV_daily.csv
RSP_QQQ_ratio_TV_daily.csv: skip (ratio/composite)
RSP_SPY_ratio_TV_daily.csv: skip (ratio/composite)
RSP [STK/TRADES]: +0 rows → RSP_TV_daily.csv
SLV [STK/TRADES]: +0 rows → SLV_TV_daily.csv
SPHB_SPY_ratio_TV_daily.csv: skip (ratio/composite)
SPHB [STK/TRADES]: +0 rows → SPHB_TV_daily.csv
SPYD [STK/TRADES]: +0 rows → SPYD_TV_daily.csv
SPY_TLT_ratio_TV_daily.csv: skip (ratio/composite)
SPY [STK/TRADES]: +0 rows → SPY_TV_daily.csv
TLT [STK/TRADES]: +0 rows → TLT_TV_daily.csv
VIX3M [IND/TRADES]: +0 rows → VIX3M_TV_daily.csv
VIX9D [IND/TRADES]: +0 rows → VIX9D_TV_daily.csv
VIX [IND/TRADES]: +0 rows → VIX_TV_daily.csv
VVIX [IND/TRADES]: +0 rows → VVIX_TV_daily.csv
XHB [STK/TRADES]: +0 rows → XHB_TV_daily.csv
XLB [STK/TRADES]: +0 rows → XLB_TV_daily.csv
XLC [STK/TRADES]: +0 rows → XLC_TV_daily.csv
XLE [STK/TRADES]: +0 rows → XLE_TV_daily.csv
XLF [STK/TRADES]: +0 rows → XLF_TV_daily.csv
XLI [STK/TRADES]: +0 rows → XLI_TV_daily.csv
XLK [STK/TRADES]: +0 rows → XLK_TV_daily.csv
XLP_SPY_ratio_TV_daily.csv: skip (ratio/composite)
XLP [STK/TRADES]: +0 rows → XLP_TV_daily.csv
XLRE [STK/TRADES]: +0 rows → XLRE_TV_daily.csv
XLU_SPY_ratio_TV_daily.csv: skip (ratio/composite)
XLU [STK/TRADES]: +0 rows → XLU_TV_daily.csv
XLU_XLV_XLP_composite_TV_daily.csv: skip (ratio/composite)
XLV [STK/TRADES]: +0 rows → XLV_TV_daily.csv
XLY [STK/TRADES]: +0 rows → XLY_TV_daily.csv
XLY_XLP_ratio_TV_daily.csv: skip (ratio/composite)
[IB] Disconnected.
[RATIO] DBC/SPY: rows=2526 → DBC_SPY_ratio_TV_daily.csv
[RATIO] DBC/TLT: rows=2526 → DBC_TLT_ratio_TV_daily.csv
[RATIO] DIA/QQQ: rows=2526 → DIA_QQQ_ratio_TV_daily.csv
[RATIO] EEM/SPY: rows=2527 → EEM_SPY_ratio_TV_daily.csv
[RATIO] EFA/SPY: rows=2527 → EFA_SPY_ratio_TV_daily.csv
[RATIO] FEZ/SPY: rows=2527 → FEZ_SPY_ratio_TV_daily.csv
[RATIO] GLD/SPY: rows=5237 → GLD_SPY_ratio_TV_daily.csv
[RATIO] GLD/TLT: rows=5237 → GLD_TLT_ratio_TV_daily.csv
[RATIO] HYG/IEI: rows=2039 → HYG_IEI_ratio_TV_daily.csv
[RATIO] JNK/LQD: rows=2526 → JNK_LQD_ratio_TV_daily.csv
[RATIO] QQQ/IWM: rows=2526 → QQQ_IWM_ratio_TV_daily.csv
[RATIO] QQQ/SPY: rows=2526 → QQQ_SPY_ratio_TV_daily.csv
[RATIO] SPHB/SPY: rows=2526 → SPHB_SPY_ratio_TV_daily.csv
[RATIO] XLP/SPY: rows=6722 → XLP_SPY_ratio_TV_daily.csv
[RATIO] XLY/XLP: rows=6722 → XLY_XLP_ratio_TV_daily.csv
[RATIO] HYG/TLT: rows=4637 → HYG_TLT_ratio_TV_daily.csv
[RATIO MISS] Missing input: /Users/Finance/QuantShared/market_trends/EMB_TV_daily.csv
[RATIO] LQD/TLT: rows=2527 → LQD_TLT_ratio_TV_daily.csv
[RATIO] RSP/SPY: rows=5630 → RSP_SPY_ratio_TV_daily.csv
[RATIO] RSP/QQQ: rows=2526 → RSP_QQQ_ratio_TV_daily.csv
[RATIO] SPY/TLT: rows=5821 → SPY_TLT_ratio_TV_daily.csv
[RATIO] QQQ/TLT: rows=2526 → QQQ_TLT_ratio_TV_daily.csv
[RATIO MISS] Missing input: /Users/Finance/QuantShared/market_trends/UUP_TV_daily.csv
[COMP ] XLU_XLV_XLP_composite: rows=6722 → XLU_XLV_XLP_composite_TV_daily.csv
[DONE] s13_market_trends_update complete.
[2025-09-12 20:24:18 UTC] s14_forex_update → s14_forex_update.py
[IB] Connecting 127.0.0.1:7496 (clientId=64) …
[IB] Connected.
[OK] USDEUR: +0 rows → /Users/Finance/QuantShared/forex/USDEUR_daily.csv
[IB] Disconnected.
[2025-09-12 20:24:22 UTC] s20_make_master_daily → s20_make_master_daily.py
[s20] ROOT=/Users/Finance
[s20] DATA_RAW(project)=/Users/Finance/data_raw
[s20] SHARED_BASE=/Users/Finance/QuantShared/data_raw_ETF_US
[s20] TT daily dir (read)=/Users/Finance/QuantShared/data_raw_ETF_US/daily
[s20] ETF list=/Users/Finance/QuantShared/ETF_list.xlsx (sheet=US_small)
[OK] Wrote /Users/Finance/data_raw/etf_prices_daily_master.csv | rows=70,127 | tickers=35
[2025-09-12 20:24:25 UTC] s30_enrich_to_parquet → s30_enrich_to_parquet.py
[2025-09-12 20:24:25 UTC] [ERR] /Users/Finance/QuantETFUS_small/scripts/us_preclose_v1.sh failed at line 115
[2025-09-13 20:20:05 UTC] === US-PRECLOSE REFRESH (v1) START ===
[2025-09-13 20:20:05 UTC] s10_ibkr_download_daily → s10_ibkr_download_daily.py --client_id 88
[INFO] Excel=/Users/Finance/QuantShared/ETF_list.xlsx | sheet=signalsUSD | out=/Users/Finance/QuantShared/data_raw_ETF_US/daily
[IB] Connecting 127.0.0.1:7496 (clientId=88) …
[2025-09-13 20:20:05 UTC] [ERR] /Users/Finance/QuantETFUS_small/scripts/us_preclose_v1.sh failed at line 115
[2025-09-14 20:20:00 UTC] === US-PRECLOSE REFRESH (v1) START ===
[2025-09-14 20:20:00 UTC] s10_ibkr_download_daily → s10_ibkr_download_daily.py --client_id 88
[INFO] Excel=/Users/Finance/QuantShared/ETF_list.xlsx | sheet=signalsUSD | out=/Users/Finance/QuantShared/data_raw_ETF_US/daily
[IB] Connecting 127.0.0.1:7496 (clientId=88) …
[2025-09-14 20:20:01 UTC] [ERR] /Users/Finance/QuantETFUS_small/scripts/us_preclose_v1.sh failed at line 115
[2025-09-15 20:20:04 UTC] === US-PRECLOSE REFRESH (v1) START ===
[2025-09-15 20:20:04 UTC] s10_ibkr_download_daily → s10_ibkr_download_daily.py --client_id 88
[INFO] Excel=/Users/Finance/QuantShared/ETF_list.xlsx | sheet=signalsUSD | out=/Users/Finance/QuantShared/data_raw_ETF_US/daily
[IB] Connecting 127.0.0.1:7496 (clientId=88) …
[IB] Connected.
[1/35] BATT: +0 rows → /Users/Finance/QuantShared/data_raw_ETF_US/daily/BATT_daily_raw.csv
[2/35] COPX: +0 rows → /Users/Finance/QuantShared/data_raw_ETF_US/daily/COPX_daily_raw.csv
[3/35] DGTL: +0 rows → /Users/Finance/QuantShared/data_raw_ETF_US/daily/DGTL_daily_raw.csv
[4/35] GDX: +0 rows → /Users/Finance/QuantShared/data_raw_ETF_US/daily/GDX_daily_raw.csv
[5/35] GDXJ: +0 rows → /Users/Finance/QuantShared/data_raw_ETF_US/daily/GDXJ_daily_raw.csv
[6/35] IOGP: +0 rows → /Users/Finance/QuantShared/data_raw_ETF_US/daily/IOGP_daily_raw.csv
[7/35] ISAC: +0 rows → /Users/Finance/QuantShared/data_raw_ETF_US/daily/ISAC_daily_raw.csv
[8/35] ISUN: +0 rows → /Users/Finance/QuantShared/data_raw_ETF_US/daily/ISUN_daily_raw.csv
[9/35] IUCM: +0 rows → /Users/Finance/QuantShared/data_raw_ETF_US/daily/IUCM_daily_raw.csv
[10/35] IUCS: +0 rows → /Users/Finance/QuantShared/data_raw_ETF_US/daily/IUCS_daily_raw.csv
[11/35] IUES: +0 rows → /Users/Finance/QuantShared/data_raw_ETF_US/daily/IUES_daily_raw.csv
[12/35] IUFS: +0 rows → /Users/Finance/QuantShared/data_raw_ETF_US/daily/IUFS_daily_raw.csv
[13/35] IUHC: +0 rows → /Users/Finance/QuantShared/data_raw_ETF_US/daily/IUHC_daily_raw.csv
[14/35] IUIT: +0 rows → /Users/Finance/QuantShared/data_raw_ETF_US/daily/IUIT_daily_raw.csv
[15/35] IUUS: +0 rows → /Users/Finance/QuantShared/data_raw_ETF_US/daily/IUUS_daily_raw.csv
[16/35] IWDA: +0 rows → /Users/Finance/QuantShared/data_raw_ETF_US/daily/IWDA_daily_raw.csv
[17/35] PHAG: +0 rows → /Users/Finance/QuantShared/data_raw_ETF_US/daily/PHAG_daily_raw.csv
[18/35] RBOT: +0 rows → /Users/Finance/QuantShared/data_raw_ETF_US/daily/RBOT_daily_raw.csv
[19/35] RENW: +0 rows → /Users/Finance/QuantShared/data_raw_ETF_US/daily/RENW_daily_raw.csv
[20/35] SBIO: +0 rows → /Users/Finance/QuantShared/data_raw_ETF_US/daily/SBIO_daily_raw.csv
[21/35] SMH: +0 rows → /Users/Finance/QuantShared/data_raw_ETF_US/daily/SMH_daily_raw.csv
[22/35] SGLD: +0 rows → /Users/Finance/QuantShared/data_raw_ETF_US/daily/SGLD_daily_raw.csv
[23/35] SILV: +0 rows → /Users/Finance/QuantShared/data_raw_ETF_US/daily/SILV_daily_raw.csv
[24/35] URNJ: +0 rows → /Users/Finance/QuantShared/data_raw_ETF_US/daily/URNJ_daily_raw.csv
[25/35] URNM: +0 rows → /Users/Finance/QuantShared/data_raw_ETF_US/daily/URNM_daily_raw.csv
[26/35] USPY: +0 rows → /Users/Finance/QuantShared/data_raw_ETF_US/daily/USPY_daily_raw.csv
[27/35] VUAA: +0 rows → /Users/Finance/QuantShared/data_raw_ETF_US/daily/VUAA_daily_raw.csv
[28/35] XNAS: +0 rows → /Users/Finance/QuantShared/data_raw_ETF_US/daily/XNAS_daily_raw.csv
[29/35] XS2D: +0 rows → /Users/Finance/QuantShared/data_raw_ETF_US/daily/XS2D_daily_raw.csv
[30/35] XSPD: +0 rows → /Users/Finance/QuantShared/data_raw_ETF_US/daily/XSPD_daily_raw.csv
[31/35] XT2D: +0 rows → /Users/Finance/QuantShared/data_raw_ETF_US/daily/XT2D_daily_raw.csv
[32/35] AIGA: +0 rows → /Users/Finance/QuantShared/data_raw_ETF_US/daily/AIGA_daily_raw.csv
[33/35] AIAI: +0 rows → /Users/Finance/QuantShared/data_raw_ETF_US/daily/AIAI_daily_raw.csv
[34/35] XMED: +0 rows → /Users/Finance/QuantShared/data_raw_ETF_US/daily/XMED_daily_raw.csv
[35/35] ICOM: +0 rows → /Users/Finance/QuantShared/data_raw_ETF_US/daily/ICOM_daily_raw.csv
[DONE] s10_ibkr_download_daily (append-only, UTC) complete.
[2025-09-15 20:22:09 UTC] s12_ibkr_download_weekly → s12_ibkr_download_weekly.py
[INFO] Excel=/Users/Finance/QuantShared/ETF_list.xlsx | sheet=signalsUSD | outdir=/Users/Finance/QuantShared/data_raw_ETF_US/weekly
[INFO] Excel=/Users/Finance/QuantShared/ETF_list.xlsx | sheet=signalsUSD | outdir=/Users/Finance/QuantShared/data_raw_ETF_US/weekly
[IB] Connecting 127.0.0.1:7496 (clientId=62) …
[IB] Connected.
[1/35] BATT: +0 rows → /Users/Finance/QuantShared/data_raw_ETF_US/weekly/BATT_weekly_raw.csv
[2/35] COPX: +0 rows → /Users/Finance/QuantShared/data_raw_ETF_US/weekly/COPX_weekly_raw.csv
[3/35] DGTL: +0 rows → /Users/Finance/QuantShared/data_raw_ETF_US/weekly/DGTL_weekly_raw.csv
[4/35] GDX: +0 rows → /Users/Finance/QuantShared/data_raw_ETF_US/weekly/GDX_weekly_raw.csv
[5/35] GDXJ: +0 rows → /Users/Finance/QuantShared/data_raw_ETF_US/weekly/GDXJ_weekly_raw.csv
[6/35] IOGP: +0 rows → /Users/Finance/QuantShared/data_raw_ETF_US/weekly/IOGP_weekly_raw.csv
[7/35] ISAC: +0 rows → /Users/Finance/QuantShared/data_raw_ETF_US/weekly/ISAC_weekly_raw.csv
[8/35] ISUN: +0 rows → /Users/Finance/QuantShared/data_raw_ETF_US/weekly/ISUN_weekly_raw.csv
[9/35] IUCM: +0 rows → /Users/Finance/QuantShared/data_raw_ETF_US/weekly/IUCM_weekly_raw.csv
[10/35] IUCS: +0 rows → /Users/Finance/QuantShared/data_raw_ETF_US/weekly/IUCS_weekly_raw.csv
[11/35] IUES: +0 rows → /Users/Finance/QuantShared/data_raw_ETF_US/weekly/IUES_weekly_raw.csv
[12/35] IUFS: +0 rows → /Users/Finance/QuantShared/data_raw_ETF_US/weekly/IUFS_weekly_raw.csv
[13/35] IUHC: +0 rows → /Users/Finance/QuantShared/data_raw_ETF_US/weekly/IUHC_weekly_raw.csv
[14/35] IUIT: +0 rows → /Users/Finance/QuantShared/data_raw_ETF_US/weekly/IUIT_weekly_raw.csv
[15/35] IUUS: +0 rows → /Users/Finance/QuantShared/data_raw_ETF_US/weekly/IUUS_weekly_raw.csv
[16/35] IWDA: +0 rows → /Users/Finance/QuantShared/data_raw_ETF_US/weekly/IWDA_weekly_raw.csv
[17/35] PHAG: +0 rows → /Users/Finance/QuantShared/data_raw_ETF_US/weekly/PHAG_weekly_raw.csv
[18/35] RBOT: +0 rows → /Users/Finance/QuantShared/data_raw_ETF_US/weekly/RBOT_weekly_raw.csv
[19/35] RENW: +0 rows → /Users/Finance/QuantShared/data_raw_ETF_US/weekly/RENW_weekly_raw.csv
[20/35] SBIO: +0 rows → /Users/Finance/QuantShared/data_raw_ETF_US/weekly/SBIO_weekly_raw.csv
[21/35] SMH: +0 rows → /Users/Finance/QuantShared/data_raw_ETF_US/weekly/SMH_weekly_raw.csv
[22/35] SGLD: +0 rows → /Users/Finance/QuantShared/data_raw_ETF_US/weekly/SGLD_weekly_raw.csv
[23/35] SILV: +0 rows → /Users/Finance/QuantShared/data_raw_ETF_US/weekly/SILV_weekly_raw.csv
[24/35] URNJ: +0 rows → /Users/Finance/QuantShared/data_raw_ETF_US/weekly/URNJ_weekly_raw.csv
[25/35] URNM: +0 rows → /Users/Finance/QuantShared/data_raw_ETF_US/weekly/URNM_weekly_raw.csv
[26/35] USPY: +0 rows → /Users/Finance/QuantShared/data_raw_ETF_US/weekly/USPY_weekly_raw.csv
[27/35] VUAA: +0 rows → /Users/Finance/QuantShared/data_raw_ETF_US/weekly/VUAA_weekly_raw.csv
[28/35] XNAS: +0 rows → /Users/Finance/QuantShared/data_raw_ETF_US/weekly/XNAS_weekly_raw.csv
[29/35] XS2D: +0 rows → /Users/Finance/QuantShared/data_raw_ETF_US/weekly/XS2D_weekly_raw.csv
[30/35] XSPD: +0 rows → /Users/Finance/QuantShared/data_raw_ETF_US/weekly/XSPD_weekly_raw.csv
[31/35] XT2D: +0 rows → /Users/Finance/QuantShared/data_raw_ETF_US/weekly/XT2D_weekly_raw.csv
[32/35] AIGA: +0 rows → /Users/Finance/QuantShared/data_raw_ETF_US/weekly/AIGA_weekly_raw.csv
[33/35] AIAI: +0 rows → /Users/Finance/QuantShared/data_raw_ETF_US/weekly/AIAI_weekly_raw.csv
[34/35] XMED: +0 rows → /Users/Finance/QuantShared/data_raw_ETF_US/weekly/XMED_weekly_raw.csv
[35/35] ICOM: +0 rows → /Users/Finance/QuantShared/data_raw_ETF_US/weekly/ICOM_weekly_raw.csv
[DONE] s12_ibkr_download_weekly complete.
[2025-09-15 20:22:29 UTC] s13_market_trends_update → s13_market_trends_update.py
[INFO] Using list: /Users/Finance/QuantShared/ETF_list.xlsx | sheet=market_trends | tickers=66
[IB] Connecting 127.0.0.1:7496 (clientId=63) …
[IB] Connected.
CEW_DXY_ratio_TV_daily.csv: skip (ratio/composite)
CEW [STK/TRADES]: +0 rows → CEW_TV_daily.csv
DBC_SPY_ratio_TV_daily.csv: skip (ratio/composite)
DBC_TLT_ratio_TV_daily.csv: skip (ratio/composite)
DBC [STK/TRADES]: +0 rows → DBC_TV_daily.csv
DIA_QQQ_ratio_TV_daily.csv: skip (ratio/composite)
DIA [STK/TRADES]: +0 rows → DIA_TV_daily.csv
DXY_TV_daily.csv: skip (ticker not in ETF_list.xlsx → market_trends)
EEM_SPY_ratio_TV_daily.csv: skip (ratio/composite)
EEM [STK/TRADES]: +0 rows → EEM_TV_daily.csv
EFA_SPY_ratio_TV_daily.csv: skip (ratio/composite)
EFA [STK/TRADES]: +0 rows → EFA_TV_daily.csv
FEZ_SPY_ratio_TV_daily.csv: skip (ratio/composite)
FEZ [STK/TRADES]: +0 rows → FEZ_TV_daily.csv
GDX [STK/TRADES]: +0 rows → GDX_TV_daily.csv
GLD_SPY_ratio_TV_daily.csv: skip (ratio/composite)
GLD_TLT_ratio_TV_daily.csv: skip (ratio/composite)
GLD [STK/TRADES]: +0 rows → GLD_TV_daily.csv
HYG_IEI_ratio_TV_daily.csv: skip (ratio/composite)
HYG_LQD_ratio_TV_daily.csv: skip (ratio/composite)
HYG_TLT_ratio_TV_daily.csv: skip (ratio/composite)
HYG [STK/TRADES]: +0 rows → HYG_TV_daily.csv
IEI [STK/TRADES]: +0 rows → IEI_TV_daily.csv
IWC [STK/TRADES]: +0 rows → IWC_TV_daily.csv
IWM [STK/TRADES]: +0 rows → IWM_TV_daily.csv
JNK_LQD_ratio_TV_daily.csv: skip (ratio/composite)
JNK [STK/TRADES]: +0 rows → JNK_TV_daily.csv
KRE [STK/TRADES]: +0 rows → KRE_TV_daily.csv
LQD_TLT_ratio_TV_daily.csv: skip (ratio/composite)
LQD [STK/TRADES]: +0 rows → LQD_TV_daily.csv
PC_TV_daily.csv: skip (ticker not in ETF_list.xlsx → market_trends)
QQQ_IWM_ratio_TV_daily.csv: skip (ratio/composite)
QQQ_SPY_ratio_TV_daily.csv: skip (ratio/composite)
QQQ_TLT_ratio_TV_daily.csv: skip (ratio/composite)
QQQ [STK/TRADES]: +0 rows → QQQ_TV_daily.csv
RSP_QQQ_ratio_TV_daily.csv: skip (ratio/composite)
RSP_SPY_ratio_TV_daily.csv: skip (ratio/composite)
RSP [STK/TRADES]: +0 rows → RSP_TV_daily.csv
SLV [STK/TRADES]: +0 rows → SLV_TV_daily.csv
SPHB_SPY_ratio_TV_daily.csv: skip (ratio/composite)
SPHB [STK/TRADES]: +0 rows → SPHB_TV_daily.csv
SPYD [STK/TRADES]: +0 rows → SPYD_TV_daily.csv
SPY_TLT_ratio_TV_daily.csv: skip (ratio/composite)
SPY [STK/TRADES]: +0 rows → SPY_TV_daily.csv
TLT [STK/TRADES]: +0 rows → TLT_TV_daily.csv
VIX3M [IND/TRADES]: +0 rows → VIX3M_TV_daily.csv
VIX9D [IND/TRADES]: +0 rows → VIX9D_TV_daily.csv
VIX [IND/TRADES]: +0 rows → VIX_TV_daily.csv
VVIX [IND/TRADES]: +0 rows → VVIX_TV_daily.csv
XHB [STK/TRADES]: +0 rows → XHB_TV_daily.csv
XLB [STK/TRADES]: +0 rows → XLB_TV_daily.csv
XLC [STK/TRADES]: +0 rows → XLC_TV_daily.csv
XLE [STK/TRADES]: +0 rows → XLE_TV_daily.csv
XLF [STK/TRADES]: +0 rows → XLF_TV_daily.csv
XLI [STK/TRADES]: +0 rows → XLI_TV_daily.csv
XLK [STK/TRADES]: +0 rows → XLK_TV_daily.csv
XLP_SPY_ratio_TV_daily.csv: skip (ratio/composite)
XLP [STK/TRADES]: +0 rows → XLP_TV_daily.csv
XLRE [STK/TRADES]: +0 rows → XLRE_TV_daily.csv
XLU_SPY_ratio_TV_daily.csv: skip (ratio/composite)
XLU [STK/TRADES]: +0 rows → XLU_TV_daily.csv
XLU_XLV_XLP_composite_TV_daily.csv: skip (ratio/composite)
XLV [STK/TRADES]: +0 rows → XLV_TV_daily.csv
XLY [STK/TRADES]: +0 rows → XLY_TV_daily.csv
XLY_XLP_ratio_TV_daily.csv: skip (ratio/composite)
[IB] Disconnected.
[RATIO] DBC/SPY: rows=2527 → DBC_SPY_ratio_TV_daily.csv
[RATIO] DBC/TLT: rows=2527 → DBC_TLT_ratio_TV_daily.csv
[RATIO] DIA/QQQ: rows=2527 → DIA_QQQ_ratio_TV_daily.csv
[RATIO] EEM/SPY: rows=2528 → EEM_SPY_ratio_TV_daily.csv
[RATIO] EFA/SPY: rows=2528 → EFA_SPY_ratio_TV_daily.csv
[RATIO] FEZ/SPY: rows=2528 → FEZ_SPY_ratio_TV_daily.csv
[RATIO] GLD/SPY: rows=5238 → GLD_SPY_ratio_TV_daily.csv
[RATIO] GLD/TLT: rows=5238 → GLD_TLT_ratio_TV_daily.csv
[RATIO] HYG/IEI: rows=2040 → HYG_IEI_ratio_TV_daily.csv
[RATIO] JNK/LQD: rows=2527 → JNK_LQD_ratio_TV_daily.csv
[RATIO] QQQ/IWM: rows=2527 → QQQ_IWM_ratio_TV_daily.csv
[RATIO] QQQ/SPY: rows=2527 → QQQ_SPY_ratio_TV_daily.csv
[RATIO] SPHB/SPY: rows=2527 → SPHB_SPY_ratio_TV_daily.csv
[RATIO] XLP/SPY: rows=6723 → XLP_SPY_ratio_TV_daily.csv
[RATIO] XLY/XLP: rows=6723 → XLY_XLP_ratio_TV_daily.csv
[RATIO] HYG/TLT: rows=4638 → HYG_TLT_ratio_TV_daily.csv
[RATIO MISS] Missing input: /Users/Finance/QuantShared/market_trends/EMB_TV_daily.csv
[RATIO] LQD/TLT: rows=2528 → LQD_TLT_ratio_TV_daily.csv
[RATIO] RSP/SPY: rows=5631 → RSP_SPY_ratio_TV_daily.csv
[RATIO] RSP/QQQ: rows=2527 → RSP_QQQ_ratio_TV_daily.csv
[RATIO] SPY/TLT: rows=5822 → SPY_TLT_ratio_TV_daily.csv
[RATIO] QQQ/TLT: rows=2527 → QQQ_TLT_ratio_TV_daily.csv
[RATIO MISS] Missing input: /Users/Finance/QuantShared/market_trends/UUP_TV_daily.csv
[COMP ] XLU_XLV_XLP_composite: rows=6723 → XLU_XLV_XLP_composite_TV_daily.csv
[DONE] s13_market_trends_update complete.
[2025-09-15 20:23:46 UTC] s14_forex_update → s14_forex_update.py
[IB] Connecting 127.0.0.1:7496 (clientId=64) …
[IB] Connected.
[OK] USDEUR: +0 rows → /Users/Finance/QuantShared/forex/USDEUR_daily.csv
[IB] Disconnected.
[2025-09-15 20:23:47 UTC] s20_make_master_daily → s20_make_master_daily.py
[s20] ROOT=/Users/Finance
[s20] DATA_RAW(project)=/Users/Finance/data_raw
[s20] SHARED_BASE=/Users/Finance/QuantShared/data_raw_ETF_US
[s20] TT daily dir (read)=/Users/Finance/QuantShared/data_raw_ETF_US/daily
[s20] ETF list=/Users/Finance/QuantShared/ETF_list.xlsx (sheet=US_small)
[OK] Wrote /Users/Finance/data_raw/etf_prices_daily_master.csv | rows=70,162 | tickers=35
[2025-09-15 20:23:48 UTC] s30_enrich_to_parquet → s30_enrich_to_parquet.py
[2025-09-15 20:23:48 UTC] [ERR] /Users/Finance/QuantETFUS_small/scripts/us_preclose_v1.sh failed at line 115
[2025-09-16 20:20:04 UTC] === US-PRECLOSE REFRESH (v1) START ===
[2025-09-16 20:20:04 UTC] s10_ibkr_download_daily → s10_ibkr_download_daily.py --client_id 88
[INFO] Excel=/Users/Finance/QuantShared/ETF_list.xlsx | sheet=signalsUSD | out=/Users/Finance/QuantShared/data_raw_ETF_US/daily
[IB] Connecting 127.0.0.1:7496 (clientId=88) …
[IB] Connected.
[1/35] BATT: +0 rows → /Users/Finance/QuantShared/data_raw_ETF_US/daily/BATT_daily_raw.csv
[2/35] COPX: +0 rows → /Users/Finance/QuantShared/data_raw_ETF_US/daily/COPX_daily_raw.csv
[3/35] DGTL: +0 rows → /Users/Finance/QuantShared/data_raw_ETF_US/daily/DGTL_daily_raw.csv
[4/35] GDX: +0 rows → /Users/Finance/QuantShared/data_raw_ETF_US/daily/GDX_daily_raw.csv
[5/35] GDXJ: +0 rows → /Users/Finance/QuantShared/data_raw_ETF_US/daily/GDXJ_daily_raw.csv
[6/35] IOGP: +0 rows → /Users/Finance/QuantShared/data_raw_ETF_US/daily/IOGP_daily_raw.csv
[7/35] ISAC: +0 rows → /Users/Finance/QuantShared/data_raw_ETF_US/daily/ISAC_daily_raw.csv
[8/35] ISUN: +0 rows → /Users/Finance/QuantShared/data_raw_ETF_US/daily/ISUN_daily_raw.csv
[9/35] IUCM: +0 rows → /Users/Finance/QuantShared/data_raw_ETF_US/daily/IUCM_daily_raw.csv
[10/35] IUCS: +0 rows → /Users/Finance/QuantShared/data_raw_ETF_US/daily/IUCS_daily_raw.csv
[11/35] IUES: +0 rows → /Users/Finance/QuantShared/data_raw_ETF_US/daily/IUES_daily_raw.csv
[12/35] IUFS: +0 rows → /Users/Finance/QuantShared/data_raw_ETF_US/daily/IUFS_daily_raw.csv
[13/35] IUHC: +0 rows → /Users/Finance/QuantShared/data_raw_ETF_US/daily/IUHC_daily_raw.csv
[14/35] IUIT: +0 rows → /Users/Finance/QuantShared/data_raw_ETF_US/daily/IUIT_daily_raw.csv
[15/35] IUUS: +0 rows → /Users/Finance/QuantShared/data_raw_ETF_US/daily/IUUS_daily_raw.csv
[16/35] IWDA: +0 rows → /Users/Finance/QuantShared/data_raw_ETF_US/daily/IWDA_daily_raw.csv
[17/35] PHAG: +0 rows → /Users/Finance/QuantShared/data_raw_ETF_US/daily/PHAG_daily_raw.csv
[18/35] RBOT: +0 rows → /Users/Finance/QuantShared/data_raw_ETF_US/daily/RBOT_daily_raw.csv
[19/35] RENW: +0 rows → /Users/Finance/QuantShared/data_raw_ETF_US/daily/RENW_daily_raw.csv
[20/35] SBIO: +0 rows → /Users/Finance/QuantShared/data_raw_ETF_US/daily/SBIO_daily_raw.csv
[21/35] SMH: +0 rows → /Users/Finance/QuantShared/data_raw_ETF_US/daily/SMH_daily_raw.csv
[22/35] SGLD: +0 rows → /Users/Finance/QuantShared/data_raw_ETF_US/daily/SGLD_daily_raw.csv
[23/35] SILV: +0 rows → /Users/Finance/QuantShared/data_raw_ETF_US/daily/SILV_daily_raw.csv
[24/35] URNJ: +0 rows → /Users/Finance/QuantShared/data_raw_ETF_US/daily/URNJ_daily_raw.csv
[25/35] URNM: +0 rows → /Users/Finance/QuantShared/data_raw_ETF_US/daily/URNM_daily_raw.csv
[26/35] USPY: +0 rows → /Users/Finance/QuantShared/data_raw_ETF_US/daily/USPY_daily_raw.csv
[27/35] VUAA: +0 rows → /Users/Finance/QuantShared/data_raw_ETF_US/daily/VUAA_daily_raw.csv
[28/35] XNAS: +0 rows → /Users/Finance/QuantShared/data_raw_ETF_US/daily/XNAS_daily_raw.csv
[29/35] XS2D: +0 rows → /Users/Finance/QuantShared/data_raw_ETF_US/daily/XS2D_daily_raw.csv
[30/35] XSPD: +0 rows → /Users/Finance/QuantShared/data_raw_ETF_US/daily/XSPD_daily_raw.csv
[31/35] XT2D: +0 rows → /Users/Finance/QuantShared/data_raw_ETF_US/daily/XT2D_daily_raw.csv
[32/35] AIGA: +0 rows → /Users/Finance/QuantShared/data_raw_ETF_US/daily/AIGA_daily_raw.csv
[33/35] AIAI: +0 rows → /Users/Finance/QuantShared/data_raw_ETF_US/daily/AIAI_daily_raw.csv
[34/35] XMED: +0 rows → /Users/Finance/QuantShared/data_raw_ETF_US/daily/XMED_daily_raw.csv
[35/35] ICOM: +0 rows → /Users/Finance/QuantShared/data_raw_ETF_US/daily/ICOM_daily_raw.csv
[DONE] s10_ibkr_download_daily (append-only, UTC) complete.
[2025-09-16 20:22:08 UTC] s12_ibkr_download_weekly → s12_ibkr_download_weekly.py
[INFO] Excel=/Users/Finance/QuantShared/ETF_list.xlsx | sheet=signalsUSD | outdir=/Users/Finance/QuantShared/data_raw_ETF_US/weekly
[INFO] Excel=/Users/Finance/QuantShared/ETF_list.xlsx | sheet=signalsUSD | outdir=/Users/Finance/QuantShared/data_raw_ETF_US/weekly
[IB] Connecting 127.0.0.1:7496 (clientId=62) …
[IB] Connected.
[1/35] BATT: +0 rows → /Users/Finance/QuantShared/data_raw_ETF_US/weekly/BATT_weekly_raw.csv
[2/35] COPX: +0 rows → /Users/Finance/QuantShared/data_raw_ETF_US/weekly/COPX_weekly_raw.csv
[3/35] DGTL: +0 rows → /Users/Finance/QuantShared/data_raw_ETF_US/weekly/DGTL_weekly_raw.csv
[4/35] GDX: +0 rows → /Users/Finance/QuantShared/data_raw_ETF_US/weekly/GDX_weekly_raw.csv
[5/35] GDXJ: +0 rows → /Users/Finance/QuantShared/data_raw_ETF_US/weekly/GDXJ_weekly_raw.csv
[6/35] IOGP: +0 rows → /Users/Finance/QuantShared/data_raw_ETF_US/weekly/IOGP_weekly_raw.csv
[7/35] ISAC: +0 rows → /Users/Finance/QuantShared/data_raw_ETF_US/weekly/ISAC_weekly_raw.csv
[8/35] ISUN: +0 rows → /Users/Finance/QuantShared/data_raw_ETF_US/weekly/ISUN_weekly_raw.csv
[9/35] IUCM: +0 rows → /Users/Finance/QuantShared/data_raw_ETF_US/weekly/IUCM_weekly_raw.csv
[10/35] IUCS: +0 rows → /Users/Finance/QuantShared/data_raw_ETF_US/weekly/IUCS_weekly_raw.csv
[11/35] IUES: +0 rows → /Users/Finance/QuantShared/data_raw_ETF_US/weekly/IUES_weekly_raw.csv
[12/35] IUFS: +0 rows → /Users/Finance/QuantShared/data_raw_ETF_US/weekly/IUFS_weekly_raw.csv
[13/35] IUHC: +0 rows → /Users/Finance/QuantShared/data_raw_ETF_US/weekly/IUHC_weekly_raw.csv
[14/35] IUIT: +0 rows → /Users/Finance/QuantShared/data_raw_ETF_US/weekly/IUIT_weekly_raw.csv
[15/35] IUUS: +0 rows → /Users/Finance/QuantShared/data_raw_ETF_US/weekly/IUUS_weekly_raw.csv
[16/35] IWDA: +0 rows → /Users/Finance/QuantShared/data_raw_ETF_US/weekly/IWDA_weekly_raw.csv
[17/35] PHAG: +0 rows → /Users/Finance/QuantShared/data_raw_ETF_US/weekly/PHAG_weekly_raw.csv
[18/35] RBOT: +0 rows → /Users/Finance/QuantShared/data_raw_ETF_US/weekly/RBOT_weekly_raw.csv
[19/35] RENW: +0 rows → /Users/Finance/QuantShared/data_raw_ETF_US/weekly/RENW_weekly_raw.csv
[20/35] SBIO: +0 rows → /Users/Finance/QuantShared/data_raw_ETF_US/weekly/SBIO_weekly_raw.csv
[21/35] SMH: +0 rows → /Users/Finance/QuantShared/data_raw_ETF_US/weekly/SMH_weekly_raw.csv
[22/35] SGLD: +0 rows → /Users/Finance/QuantShared/data_raw_ETF_US/weekly/SGLD_weekly_raw.csv
[23/35] SILV: +0 rows → /Users/Finance/QuantShared/data_raw_ETF_US/weekly/SILV_weekly_raw.csv
[24/35] URNJ: +0 rows → /Users/Finance/QuantShared/data_raw_ETF_US/weekly/URNJ_weekly_raw.csv
[25/35] URNM: +0 rows → /Users/Finance/QuantShared/data_raw_ETF_US/weekly/URNM_weekly_raw.csv
[26/35] USPY: +0 rows → /Users/Finance/QuantShared/data_raw_ETF_US/weekly/USPY_weekly_raw.csv
[27/35] VUAA: +0 rows → /Users/Finance/QuantShared/data_raw_ETF_US/weekly/VUAA_weekly_raw.csv
[28/35] XNAS: +0 rows → /Users/Finance/QuantShared/data_raw_ETF_US/weekly/XNAS_weekly_raw.csv
[29/35] XS2D: +0 rows → /Users/Finance/QuantShared/data_raw_ETF_US/weekly/XS2D_weekly_raw.csv
[30/35] XSPD: +0 rows → /Users/Finance/QuantShared/data_raw_ETF_US/weekly/XSPD_weekly_raw.csv
[31/35] XT2D: +0 rows → /Users/Finance/QuantShared/data_raw_ETF_US/weekly/XT2D_weekly_raw.csv
[32/35] AIGA: +0 rows → /Users/Finance/QuantShared/data_raw_ETF_US/weekly/AIGA_weekly_raw.csv
[33/35] AIAI: +0 rows → /Users/Finance/QuantShared/data_raw_ETF_US/weekly/AIAI_weekly_raw.csv
[34/35] XMED: +0 rows → /Users/Finance/QuantShared/data_raw_ETF_US/weekly/XMED_weekly_raw.csv
[35/35] ICOM: +0 rows → /Users/Finance/QuantShared/data_raw_ETF_US/weekly/ICOM_weekly_raw.csv
[DONE] s12_ibkr_download_weekly complete.
[2025-09-16 20:22:33 UTC] s13_market_trends_update → s13_market_trends_update.py
[INFO] Using list: /Users/Finance/QuantShared/ETF_list.xlsx | sheet=market_trends | tickers=66
[IB] Connecting 127.0.0.1:7496 (clientId=63) …
[IB] Connected.
CEW_DXY_ratio_TV_daily.csv: skip (ratio/composite)
CEW [STK/TRADES]: +0 rows → CEW_TV_daily.csv
DBC_SPY_ratio_TV_daily.csv: skip (ratio/composite)
DBC_TLT_ratio_TV_daily.csv: skip (ratio/composite)
DBC [STK/TRADES]: +0 rows → DBC_TV_daily.csv
DIA_QQQ_ratio_TV_daily.csv: skip (ratio/composite)
DIA [STK/TRADES]: +0 rows → DIA_TV_daily.csv
DXY_TV_daily.csv: skip (ticker not in ETF_list.xlsx → market_trends)
EEM_SPY_ratio_TV_daily.csv: skip (ratio/composite)
EEM [STK/TRADES]: +0 rows → EEM_TV_daily.csv
EFA_SPY_ratio_TV_daily.csv: skip (ratio/composite)
EFA [STK/TRADES]: +0 rows → EFA_TV_daily.csv
FEZ_SPY_ratio_TV_daily.csv: skip (ratio/composite)
FEZ [STK/TRADES]: +0 rows → FEZ_TV_daily.csv
GDX [STK/TRADES]: +0 rows → GDX_TV_daily.csv
GLD_SPY_ratio_TV_daily.csv: skip (ratio/composite)
GLD_TLT_ratio_TV_daily.csv: skip (ratio/composite)
GLD [STK/TRADES]: +0 rows → GLD_TV_daily.csv
HYG_IEI_ratio_TV_daily.csv: skip (ratio/composite)
HYG_LQD_ratio_TV_daily.csv: skip (ratio/composite)
HYG_TLT_ratio_TV_daily.csv: skip (ratio/composite)
HYG [STK/TRADES]: +0 rows → HYG_TV_daily.csv
IEI [STK/TRADES]: +0 rows → IEI_TV_daily.csv
IWC [STK/TRADES]: +0 rows → IWC_TV_daily.csv
IWM [STK/TRADES]: +0 rows → IWM_TV_daily.csv
JNK_LQD_ratio_TV_daily.csv: skip (ratio/composite)
JNK [STK/TRADES]: +0 rows → JNK_TV_daily.csv
KRE [STK/TRADES]: +0 rows → KRE_TV_daily.csv
LQD_TLT_ratio_TV_daily.csv: skip (ratio/composite)
LQD [STK/TRADES]: +0 rows → LQD_TV_daily.csv
PC_TV_daily.csv: skip (ticker not in ETF_list.xlsx → market_trends)
QQQ_IWM_ratio_TV_daily.csv: skip (ratio/composite)
QQQ_SPY_ratio_TV_daily.csv: skip (ratio/composite)
QQQ_TLT_ratio_TV_daily.csv: skip (ratio/composite)
QQQ [STK/TRADES]: +0 rows → QQQ_TV_daily.csv
RSP_QQQ_ratio_TV_daily.csv: skip (ratio/composite)
RSP_SPY_ratio_TV_daily.csv: skip (ratio/composite)
RSP [STK/TRADES]: +0 rows → RSP_TV_daily.csv
SLV [STK/TRADES]: +0 rows → SLV_TV_daily.csv
SPHB_SPY_ratio_TV_daily.csv: skip (ratio/composite)
SPHB [STK/TRADES]: +0 rows → SPHB_TV_daily.csv
SPYD [STK/TRADES]: +0 rows → SPYD_TV_daily.csv
SPY_TLT_ratio_TV_daily.csv: skip (ratio/composite)
SPY [STK/TRADES]: +0 rows → SPY_TV_daily.csv
TLT [STK/TRADES]: +0 rows → TLT_TV_daily.csv
VIX3M [IND/TRADES]: +0 rows → VIX3M_TV_daily.csv
VIX9D [IND/TRADES]: +0 rows → VIX9D_TV_daily.csv
VIX [IND/TRADES]: +0 rows → VIX_TV_daily.csv
VVIX [IND/TRADES]: +0 rows → VVIX_TV_daily.csv
XHB [STK/TRADES]: +0 rows → XHB_TV_daily.csv
XLB [STK/TRADES]: +0 rows → XLB_TV_daily.csv
XLC [STK/TRADES]: +0 rows → XLC_TV_daily.csv
XLE [STK/TRADES]: +0 rows → XLE_TV_daily.csv
XLF [STK/TRADES]: +0 rows → XLF_TV_daily.csv
XLI [STK/TRADES]: +0 rows → XLI_TV_daily.csv
XLK [STK/TRADES]: +0 rows → XLK_TV_daily.csv
XLP_SPY_ratio_TV_daily.csv: skip (ratio/composite)
XLP [STK/TRADES]: +0 rows → XLP_TV_daily.csv
XLRE [STK/TRADES]: +0 rows → XLRE_TV_daily.csv
XLU_SPY_ratio_TV_daily.csv: skip (ratio/composite)
XLU [STK/TRADES]: +0 rows → XLU_TV_daily.csv
XLU_XLV_XLP_composite_TV_daily.csv: skip (ratio/composite)
XLV [STK/TRADES]: +0 rows → XLV_TV_daily.csv
XLY [STK/TRADES]: +0 rows → XLY_TV_daily.csv
XLY_XLP_ratio_TV_daily.csv: skip (ratio/composite)
[IB] Disconnected.
[RATIO] DBC/SPY: rows=2528 → DBC_SPY_ratio_TV_daily.csv
[RATIO] DBC/TLT: rows=2528 → DBC_TLT_ratio_TV_daily.csv
[RATIO] DIA/QQQ: rows=2528 → DIA_QQQ_ratio_TV_daily.csv
[RATIO] EEM/SPY: rows=2529 → EEM_SPY_ratio_TV_daily.csv
[RATIO] EFA/SPY: rows=2529 → EFA_SPY_ratio_TV_daily.csv
[RATIO] FEZ/SPY: rows=2529 → FEZ_SPY_ratio_TV_daily.csv
[RATIO] GLD/SPY: rows=5239 → GLD_SPY_ratio_TV_daily.csv
[RATIO] GLD/TLT: rows=5239 → GLD_TLT_ratio_TV_daily.csv
[RATIO] HYG/IEI: rows=2041 → HYG_IEI_ratio_TV_daily.csv
[RATIO] JNK/LQD: rows=2528 → JNK_LQD_ratio_TV_daily.csv
[RATIO] QQQ/IWM: rows=2528 → QQQ_IWM_ratio_TV_daily.csv
[RATIO] QQQ/SPY: rows=2528 → QQQ_SPY_ratio_TV_daily.csv
[RATIO] SPHB/SPY: rows=2528 → SPHB_SPY_ratio_TV_daily.csv
[RATIO] XLP/SPY: rows=6724 → XLP_SPY_ratio_TV_daily.csv
[RATIO] XLY/XLP: rows=6724 → XLY_XLP_ratio_TV_daily.csv
[RATIO] HYG/TLT: rows=4639 → HYG_TLT_ratio_TV_daily.csv
[RATIO MISS] Missing input: /Users/Finance/QuantShared/market_trends/EMB_TV_daily.csv
[RATIO] LQD/TLT: rows=2529 → LQD_TLT_ratio_TV_daily.csv
[RATIO] RSP/SPY: rows=5632 → RSP_SPY_ratio_TV_daily.csv
[RATIO] RSP/QQQ: rows=2528 → RSP_QQQ_ratio_TV_daily.csv
[RATIO] SPY/TLT: rows=5823 → SPY_TLT_ratio_TV_daily.csv
[RATIO] QQQ/TLT: rows=2528 → QQQ_TLT_ratio_TV_daily.csv
[RATIO MISS] Missing input: /Users/Finance/QuantShared/market_trends/UUP_TV_daily.csv
[COMP ] XLU_XLV_XLP_composite: rows=6724 → XLU_XLV_XLP_composite_TV_daily.csv
[DONE] s13_market_trends_update complete.
[2025-09-16 20:23:54 UTC] s14_forex_update → s14_forex_update.py
[IB] Connecting 127.0.0.1:7496 (clientId=64) …
[IB] Connected.
[OK] USDEUR: +0 rows → /Users/Finance/QuantShared/forex/USDEUR_daily.csv
[IB] Disconnected.
[2025-09-16 20:23:55 UTC] s20_make_master_daily → s20_make_master_daily.py
[s20] ROOT=/Users/Finance
[s20] DATA_RAW(project)=/Users/Finance/data_raw
[s20] SHARED_BASE=/Users/Finance/QuantShared/data_raw_ETF_US
[s20] TT daily dir (read)=/Users/Finance/QuantShared/data_raw_ETF_US/daily
[s20] ETF list=/Users/Finance/QuantShared/ETF_list.xlsx (sheet=US_small)
[OK] Wrote /Users/Finance/data_raw/etf_prices_daily_master.csv | rows=70,197 | tickers=35
[2025-09-16 20:23:55 UTC] s30_enrich_to_parquet → s30_enrich_to_parquet.py
[2025-09-16 20:23:55 UTC] [ERR] /Users/Finance/QuantETFUS_small/scripts/us_preclose_v1.sh failed at line 115
[2025-09-17 20:20:05 UTC] === US-PRECLOSE REFRESH (v1) START ===
[2025-09-17 20:20:05 UTC] s10_ibkr_download_daily → s10_ibkr_download_daily.py --client_id 88
[INFO] Excel=/Users/Finance/QuantShared/ETF_list.xlsx | sheet=signalsUSD | out=/Users/Finance/QuantShared/data_raw_ETF_US/daily
[IB] Connecting 127.0.0.1:7496 (clientId=88) …
[2025-09-17 20:20:16 UTC] [ERR] /Users/Finance/QuantETFUS_small/scripts/us_preclose_v1.sh failed at line 115
[2025-09-18 07:50:05 UTC] === US-PRECLOSE REFRESH (v1) START ===
[2025-09-18 07:50:05 UTC] s10_ibkr_download_daily → s10_ibkr_download_daily.py --client_id 88
[INFO] Excel=/Users/Finance/QuantShared/ETF_list.xlsx | sheet=signalsUSD | out=/Users/Finance/QuantShared/data_raw_ETF_US/daily
[IB] Connecting 127.0.0.1:7496 (clientId=88) …
[2025-09-18 07:50:18 UTC] [ERR] /Users/Finance/QuantETFUS_small/scripts/us_preclose_v1.sh failed at line 115
[2025-09-19 09:40:11 UTC] === US-PRECLOSE REFRESH (v1) START ===
[2025-09-19 09:40:11 UTC] s10_ibkr_download_daily → s10_ibkr_download_daily.py --client_id 88
[INFO] Excel=/Users/Finance/QuantShared/ETF_list.xlsx | sheet=signalsUSD | out=/Users/Finance/QuantShared/data_raw_ETF_US/daily
[IB] Connecting 127.0.0.1:7496 (clientId=88) …
[2025-09-19 09:40:21 UTC] [ERR] /Users/Finance/QuantETFUS_small/scripts/us_preclose_v1.sh failed at line 115
[2025-09-19 20:20:04 UTC] === US-PRECLOSE REFRESH (v1) START ===
[2025-09-19 20:20:04 UTC] s10_ibkr_download_daily → s10_ibkr_download_daily.py --client_id 88
[INFO] Excel=/Users/Finance/QuantShared/ETF_list.xlsx | sheet=signalsUSD | out=/Users/Finance/QuantShared/data_raw_ETF_US/daily
[IB] Connecting 127.0.0.1:7496 (clientId=88) …
[2025-09-19 20:20:12 UTC] [ERR] /Users/Finance/QuantETFUS_small/scripts/us_preclose_v1.sh failed at line 115
[2025-09-20 20:20:05 UTC] === US-PRECLOSE REFRESH (v1) START ===
[2025-09-20 20:20:05 UTC] s10_ibkr_download_daily → s10_ibkr_download_daily.py --client_id 88
[INFO] Excel=/Users/Finance/QuantShared/ETF_list.xlsx | sheet=signalsUSD | out=/Users/Finance/QuantShared/data_raw_ETF_US/daily
[IB] Connecting 127.0.0.1:7496 (clientId=88) …
[IB] Connected.
[1/37] BATT: +0 rows → /Users/Finance/QuantShared/data_raw_ETF_US/daily/BATT_daily_raw.csv
[2/37] COPX: +0 rows → /Users/Finance/QuantShared/data_raw_ETF_US/daily/COPX_daily_raw.csv
[3/37] DGTL: +0 rows → /Users/Finance/QuantShared/data_raw_ETF_US/daily/DGTL_daily_raw.csv
[4/37] GDX: +0 rows → /Users/Finance/QuantShared/data_raw_ETF_US/daily/GDX_daily_raw.csv
[5/37] GDXJ: +0 rows → /Users/Finance/QuantShared/data_raw_ETF_US/daily/GDXJ_daily_raw.csv
[6/37] IOGP: +0 rows → /Users/Finance/QuantShared/data_raw_ETF_US/daily/IOGP_daily_raw.csv
[7/37] ISAC: +0 rows → /Users/Finance/QuantShared/data_raw_ETF_US/daily/ISAC_daily_raw.csv
[8/37] ISUN: +0 rows → /Users/Finance/QuantShared/data_raw_ETF_US/daily/ISUN_daily_raw.csv
[9/37] IUCM: +0 rows → /Users/Finance/QuantShared/data_raw_ETF_US/daily/IUCM_daily_raw.csv
[10/37] IUCS: +0 rows → /Users/Finance/QuantShared/data_raw_ETF_US/daily/IUCS_daily_raw.csv
[11/37] IUES: +0 rows → /Users/Finance/QuantShared/data_raw_ETF_US/daily/IUES_daily_raw.csv
[12/37] IUFS: +0 rows → /Users/Finance/QuantShared/data_raw_ETF_US/daily/IUFS_daily_raw.csv
[13/37] IUHC: +0 rows → /Users/Finance/QuantShared/data_raw_ETF_US/daily/IUHC_daily_raw.csv
[14/37] IUIT: +0 rows → /Users/Finance/QuantShared/data_raw_ETF_US/daily/IUIT_daily_raw.csv
[15/37] IUUS: +0 rows → /Users/Finance/QuantShared/data_raw_ETF_US/daily/IUUS_daily_raw.csv
[16/37] IWDA: +0 rows → /Users/Finance/QuantShared/data_raw_ETF_US/daily/IWDA_daily_raw.csv
[17/37] PHAG: +0 rows → /Users/Finance/QuantShared/data_raw_ETF_US/daily/PHAG_daily_raw.csv
[18/37] RBOT: +0 rows → /Users/Finance/QuantShared/data_raw_ETF_US/daily/RBOT_daily_raw.csv
[19/37] RENW: +0 rows → /Users/Finance/QuantShared/data_raw_ETF_US/daily/RENW_daily_raw.csv
[20/37] SBIO: +0 rows → /Users/Finance/QuantShared/data_raw_ETF_US/daily/SBIO_daily_raw.csv
[21/37] SMH: +0 rows → /Users/Finance/QuantShared/data_raw_ETF_US/daily/SMH_daily_raw.csv
[22/37] SGLD: +0 rows → /Users/Finance/QuantShared/data_raw_ETF_US/daily/SGLD_daily_raw.csv
[23/37] SILV: +0 rows → /Users/Finance/QuantShared/data_raw_ETF_US/daily/SILV_daily_raw.csv
[24/37] URNJ: +0 rows → /Users/Finance/QuantShared/data_raw_ETF_US/daily/URNJ_daily_raw.csv
[25/37] URNM: +0 rows → /Users/Finance/QuantShared/data_raw_ETF_US/daily/URNM_daily_raw.csv
[26/37] USPY: +0 rows → /Users/Finance/QuantShared/data_raw_ETF_US/daily/USPY_daily_raw.csv
[WARN] CSPX: could not qualify contract (check mapping/permissions). Skipping.
[28/37] XNAS: +0 rows → /Users/Finance/QuantShared/data_raw_ETF_US/daily/XNAS_daily_raw.csv
[29/37] XS2D: +0 rows → /Users/Finance/QuantShared/data_raw_ETF_US/daily/XS2D_daily_raw.csv
[30/37] XSPD: +0 rows → /Users/Finance/QuantShared/data_raw_ETF_US/daily/XSPD_daily_raw.csv
[31/37] XT2D: +0 rows → /Users/Finance/QuantShared/data_raw_ETF_US/daily/XT2D_daily_raw.csv
[32/37] AIGA: +0 rows → /Users/Finance/QuantShared/data_raw_ETF_US/daily/AIGA_daily_raw.csv
[33/37] AIAI: +0 rows → /Users/Finance/QuantShared/data_raw_ETF_US/daily/AIAI_daily_raw.csv
[34/37] XMED: +0 rows → /Users/Finance/QuantShared/data_raw_ETF_US/daily/XMED_daily_raw.csv
[35/37] ICOM: +0 rows → /Users/Finance/QuantShared/data_raw_ETF_US/daily/ICOM_daily_raw.csv
[36/37] R2US: +0 rows → /Users/Finance/QuantShared/data_raw_ETF_US/daily/R2US_daily_raw.csv
[37/37] VUAA: +0 rows → /Users/Finance/QuantShared/data_raw_ETF_US/daily/VUAA_daily_raw.csv
[DONE] s10_ibkr_download_daily (append-only, UTC) complete.
[2025-09-20 20:22:10 UTC] s12_ibkr_download_weekly → s12_ibkr_download_weekly.py
[INFO] Excel=/Users/Finance/QuantShared/ETF_list.xlsx | sheet=signalsUSD | outdir=/Users/Finance/QuantShared/data_raw_ETF_US/weekly
[INFO] Excel=/Users/Finance/QuantShared/ETF_list.xlsx | sheet=signalsUSD | outdir=/Users/Finance/QuantShared/data_raw_ETF_US/weekly
[IB] Connecting 127.0.0.1:7496 (clientId=62) …
[IB] Connected.
[1/37] BATT: +0 rows → /Users/Finance/QuantShared/data_raw_ETF_US/weekly/BATT_weekly_raw.csv
[2/37] COPX: +0 rows → /Users/Finance/QuantShared/data_raw_ETF_US/weekly/COPX_weekly_raw.csv
[3/37] DGTL: +0 rows → /Users/Finance/QuantShared/data_raw_ETF_US/weekly/DGTL_weekly_raw.csv
[4/37] GDX: +0 rows → /Users/Finance/QuantShared/data_raw_ETF_US/weekly/GDX_weekly_raw.csv
[5/37] GDXJ: +0 rows → /Users/Finance/QuantShared/data_raw_ETF_US/weekly/GDXJ_weekly_raw.csv
[6/37] IOGP: +0 rows → /Users/Finance/QuantShared/data_raw_ETF_US/weekly/IOGP_weekly_raw.csv
[7/37] ISAC: +0 rows → /Users/Finance/QuantShared/data_raw_ETF_US/weekly/ISAC_weekly_raw.csv
[8/37] ISUN: +0 rows → /Users/Finance/QuantShared/data_raw_ETF_US/weekly/ISUN_weekly_raw.csv
[9/37] IUCM: +0 rows → /Users/Finance/QuantShared/data_raw_ETF_US/weekly/IUCM_weekly_raw.csv
[10/37] IUCS: +0 rows → /Users/Finance/QuantShared/data_raw_ETF_US/weekly/IUCS_weekly_raw.csv
[11/37] IUES: +0 rows → /Users/Finance/QuantShared/data_raw_ETF_US/weekly/IUES_weekly_raw.csv
[12/37] IUFS: +0 rows → /Users/Finance/QuantShared/data_raw_ETF_US/weekly/IUFS_weekly_raw.csv
[13/37] IUHC: +0 rows → /Users/Finance/QuantShared/data_raw_ETF_US/weekly/IUHC_weekly_raw.csv
[14/37] IUIT: +0 rows → /Users/Finance/QuantShared/data_raw_ETF_US/weekly/IUIT_weekly_raw.csv
[15/37] IUUS: +0 rows → /Users/Finance/QuantShared/data_raw_ETF_US/weekly/IUUS_weekly_raw.csv
[16/37] IWDA: +0 rows → /Users/Finance/QuantShared/data_raw_ETF_US/weekly/IWDA_weekly_raw.csv
[17/37] PHAG: +0 rows → /Users/Finance/QuantShared/data_raw_ETF_US/weekly/PHAG_weekly_raw.csv
[18/37] RBOT: +0 rows → /Users/Finance/QuantShared/data_raw_ETF_US/weekly/RBOT_weekly_raw.csv
[19/37] RENW: +0 rows → /Users/Finance/QuantShared/data_raw_ETF_US/weekly/RENW_weekly_raw.csv
[20/37] SBIO: +0 rows → /Users/Finance/QuantShared/data_raw_ETF_US/weekly/SBIO_weekly_raw.csv
[21/37] SMH: +0 rows → /Users/Finance/QuantShared/data_raw_ETF_US/weekly/SMH_weekly_raw.csv
[22/37] SGLD: +0 rows → /Users/Finance/QuantShared/data_raw_ETF_US/weekly/SGLD_weekly_raw.csv
[23/37] SILV: +0 rows → /Users/Finance/QuantShared/data_raw_ETF_US/weekly/SILV_weekly_raw.csv
[24/37] URNJ: +0 rows → /Users/Finance/QuantShared/data_raw_ETF_US/weekly/URNJ_weekly_raw.csv
[25/37] URNM: +0 rows → /Users/Finance/QuantShared/data_raw_ETF_US/weekly/URNM_weekly_raw.csv
[26/37] USPY: +0 rows → /Users/Finance/QuantShared/data_raw_ETF_US/weekly/USPY_weekly_raw.csv
[27/37] CSPX: [SKIP] could not qualify.
[28/37] XNAS: +0 rows → /Users/Finance/QuantShared/data_raw_ETF_US/weekly/XNAS_weekly_raw.csv
[29/37] XS2D: +0 rows → /Users/Finance/QuantShared/data_raw_ETF_US/weekly/XS2D_weekly_raw.csv
[30/37] XSPD: +0 rows → /Users/Finance/QuantShared/data_raw_ETF_US/weekly/XSPD_weekly_raw.csv
[31/37] XT2D: +0 rows → /Users/Finance/QuantShared/data_raw_ETF_US/weekly/XT2D_weekly_raw.csv
[32/37] AIGA: +0 rows → /Users/Finance/QuantShared/data_raw_ETF_US/weekly/AIGA_weekly_raw.csv
[33/37] AIAI: +0 rows → /Users/Finance/QuantShared/data_raw_ETF_US/weekly/AIAI_weekly_raw.csv
[34/37] XMED: +0 rows → /Users/Finance/QuantShared/data_raw_ETF_US/weekly/XMED_weekly_raw.csv
[35/37] ICOM: +0 rows → /Users/Finance/QuantShared/data_raw_ETF_US/weekly/ICOM_weekly_raw.csv
[36/37] R2US: +0 rows → /Users/Finance/QuantShared/data_raw_ETF_US/weekly/R2US_weekly_raw.csv
[37/37] VUAA: +0 rows → /Users/Finance/QuantShared/data_raw_ETF_US/weekly/VUAA_weekly_raw.csv
[DONE] s12_ibkr_download_weekly complete.
[2025-09-20 20:22:31 UTC] s13_market_trends_update → s13_market_trends_update.py
[INFO] Using list: /Users/Finance/QuantShared/ETF_list.xlsx | sheet=market_trends | tickers=66
[IB] Connecting 127.0.0.1:7496 (clientId=63) …
[IB] Connected.
CEW_DXY_ratio_TV_daily.csv: skip (ratio/composite)
CEW [STK/TRADES]: +0 rows → CEW_TV_daily.csv
DBC_SPY_ratio_TV_daily.csv: skip (ratio/composite)
DBC_TLT_ratio_TV_daily.csv: skip (ratio/composite)
DBC [STK/TRADES]: +0 rows → DBC_TV_daily.csv
DIA_QQQ_ratio_TV_daily.csv: skip (ratio/composite)
DIA [STK/TRADES]: +0 rows → DIA_TV_daily.csv
DXY_TV_daily.csv: skip (ticker not in ETF_list.xlsx → market_trends)
EEM_SPY_ratio_TV_daily.csv: skip (ratio/composite)
EEM [STK/TRADES]: +0 rows → EEM_TV_daily.csv
EFA_SPY_ratio_TV_daily.csv: skip (ratio/composite)
EFA [STK/TRADES]: +0 rows → EFA_TV_daily.csv
FEZ_SPY_ratio_TV_daily.csv: skip (ratio/composite)
FEZ [STK/TRADES]: +0 rows → FEZ_TV_daily.csv
GDX [STK/TRADES]: +0 rows → GDX_TV_daily.csv
GLD_SPY_ratio_TV_daily.csv: skip (ratio/composite)
GLD_TLT_ratio_TV_daily.csv: skip (ratio/composite)
GLD [STK/TRADES]: +0 rows → GLD_TV_daily.csv
HYG_IEI_ratio_TV_daily.csv: skip (ratio/composite)
HYG_LQD_ratio_TV_daily.csv: skip (ratio/composite)
HYG_TLT_ratio_TV_daily.csv: skip (ratio/composite)
HYG [STK/TRADES]: +0 rows → HYG_TV_daily.csv
IEI [STK/TRADES]: +0 rows → IEI_TV_daily.csv
IWC [STK/TRADES]: +0 rows → IWC_TV_daily.csv
IWM [STK/TRADES]: +0 rows → IWM_TV_daily.csv
JNK_LQD_ratio_TV_daily.csv: skip (ratio/composite)
JNK [STK/TRADES]: +0 rows → JNK_TV_daily.csv
KRE [STK/TRADES]: +0 rows → KRE_TV_daily.csv
LQD_TLT_ratio_TV_daily.csv: skip (ratio/composite)
LQD [STK/TRADES]: +0 rows → LQD_TV_daily.csv
PC_TV_daily.csv: skip (ticker not in ETF_list.xlsx → market_trends)
QQQ_IWM_ratio_TV_daily.csv: skip (ratio/composite)
QQQ_SPY_ratio_TV_daily.csv: skip (ratio/composite)
QQQ_TLT_ratio_TV_daily.csv: skip (ratio/composite)
QQQ [STK/TRADES]: +0 rows → QQQ_TV_daily.csv
RSP_QQQ_ratio_TV_daily.csv: skip (ratio/composite)
RSP_SPY_ratio_TV_daily.csv: skip (ratio/composite)
RSP [STK/TRADES]: +0 rows → RSP_TV_daily.csv
SLV [STK/TRADES]: +0 rows → SLV_TV_daily.csv
SPHB_SPY_ratio_TV_daily.csv: skip (ratio/composite)
SPHB [STK/TRADES]: +0 rows → SPHB_TV_daily.csv
SPYD [STK/TRADES]: +0 rows → SPYD_TV_daily.csv
SPY_TLT_ratio_TV_daily.csv: skip (ratio/composite)
SPY [STK/TRADES]: +0 rows → SPY_TV_daily.csv
TLT [STK/TRADES]: +0 rows → TLT_TV_daily.csv
VIX3M [IND/TRADES]: +0 rows → VIX3M_TV_daily.csv
VIX9D [IND/TRADES]: +0 rows → VIX9D_TV_daily.csv
VIX [IND/TRADES]: +0 rows → VIX_TV_daily.csv
VVIX [IND/TRADES]: +0 rows → VVIX_TV_daily.csv
XHB [STK/TRADES]: +0 rows → XHB_TV_daily.csv
XLB [STK/TRADES]: +0 rows → XLB_TV_daily.csv
XLC [STK/TRADES]: +0 rows → XLC_TV_daily.csv
XLE [STK/TRADES]: +0 rows → XLE_TV_daily.csv
XLF [STK/TRADES]: +0 rows → XLF_TV_daily.csv
XLI [STK/TRADES]: +0 rows → XLI_TV_daily.csv
XLK [STK/TRADES]: +0 rows → XLK_TV_daily.csv
XLP_SPY_ratio_TV_daily.csv: skip (ratio/composite)
XLP [STK/TRADES]: +0 rows → XLP_TV_daily.csv
XLRE [STK/TRADES]: +0 rows → XLRE_TV_daily.csv
XLU_SPY_ratio_TV_daily.csv: skip (ratio/composite)
XLU [STK/TRADES]: +0 rows → XLU_TV_daily.csv
XLU_XLV_XLP_composite_TV_daily.csv: skip (ratio/composite)
XLV [STK/TRADES]: +0 rows → XLV_TV_daily.csv
XLY [STK/TRADES]: +0 rows → XLY_TV_daily.csv
XLY_XLP_ratio_TV_daily.csv: skip (ratio/composite)
[IB] Disconnected.
[RATIO] DBC/SPY: rows=2531 → DBC_SPY_ratio_TV_daily.csv
[RATIO] DBC/TLT: rows=2531 → DBC_TLT_ratio_TV_daily.csv
[RATIO] DIA/QQQ: rows=2531 → DIA_QQQ_ratio_TV_daily.csv
[RATIO] EEM/SPY: rows=2532 → EEM_SPY_ratio_TV_daily.csv
[RATIO] EFA/SPY: rows=2532 → EFA_SPY_ratio_TV_daily.csv
[RATIO] FEZ/SPY: rows=2532 → FEZ_SPY_ratio_TV_daily.csv
[RATIO] GLD/SPY: rows=5242 → GLD_SPY_ratio_TV_daily.csv
[RATIO] GLD/TLT: rows=5242 → GLD_TLT_ratio_TV_daily.csv
[RATIO] HYG/IEI: rows=2044 → HYG_IEI_ratio_TV_daily.csv
[RATIO] JNK/LQD: rows=2531 → JNK_LQD_ratio_TV_daily.csv
[RATIO] QQQ/IWM: rows=2531 → QQQ_IWM_ratio_TV_daily.csv
[RATIO] QQQ/SPY: rows=2531 → QQQ_SPY_ratio_TV_daily.csv
[RATIO] SPHB/SPY: rows=2531 → SPHB_SPY_ratio_TV_daily.csv
[RATIO] XLP/SPY: rows=6727 → XLP_SPY_ratio_TV_daily.csv
[RATIO] XLY/XLP: rows=6727 → XLY_XLP_ratio_TV_daily.csv
[RATIO] HYG/TLT: rows=4642 → HYG_TLT_ratio_TV_daily.csv
[RATIO MISS] Missing input: /Users/Finance/QuantShared/market_trends/EMB_TV_daily.csv
[RATIO] LQD/TLT: rows=2532 → LQD_TLT_ratio_TV_daily.csv
[RATIO] RSP/SPY: rows=5635 → RSP_SPY_ratio_TV_daily.csv
[RATIO] RSP/QQQ: rows=2531 → RSP_QQQ_ratio_TV_daily.csv
[RATIO] SPY/TLT: rows=5826 → SPY_TLT_ratio_TV_daily.csv
[RATIO] QQQ/TLT: rows=2531 → QQQ_TLT_ratio_TV_daily.csv
[RATIO MISS] Missing input: /Users/Finance/QuantShared/market_trends/UUP_TV_daily.csv
[COMP ] XLU_XLV_XLP_composite: rows=6727 → XLU_XLV_XLP_composite_TV_daily.csv
[DONE] s13_market_trends_update complete.
[2025-09-20 20:24:37 UTC] s14_forex_update → s14_forex_update.py
[IB] Connecting 127.0.0.1:7496 (clientId=64) …
[IB] Connected.
[OK] USDEUR: +0 rows → /Users/Finance/QuantShared/forex/USDEUR_daily.csv
[IB] Disconnected.
[2025-09-20 20:24:38 UTC] s20_make_master_daily → s20_make_master_daily.py
[s20] ROOT=/Users/Finance
[s20] DATA_RAW(project)=/Users/Finance/data_raw
[s20] SHARED_BASE=/Users/Finance/QuantShared/data_raw_ETF_US
[s20] TT daily dir (read)=/Users/Finance/QuantShared/data_raw_ETF_US/daily
[s20] ETF list=/Users/Finance/QuantShared/ETF_list.xlsx (sheet=US_small)
[OK] Wrote /Users/Finance/data_raw/etf_prices_daily_master.csv | rows=72,789 | tickers=36
[2025-09-20 20:24:39 UTC] s30_enrich_to_parquet → s30_enrich_to_parquet.py
[2025-09-20 20:24:39 UTC] [ERR] /Users/Finance/QuantETFUS_small/scripts/us_preclose_v1.sh failed at line 115
[2025-09-21 20:20:05 UTC] === US-PRECLOSE REFRESH (v1) START ===
[2025-09-21 20:20:05 UTC] s10_ibkr_download_daily → s10_ibkr_download_daily.py --client_id 88
[INFO] Excel=/Users/Finance/QuantShared/ETF_list.xlsx | sheet=signalsUSD | out=/Users/Finance/QuantShared/data_raw_ETF_US/daily
[IB] Connecting 127.0.0.1:7496 (clientId=88) …
[2025-09-21 20:20:05 UTC] [ERR] /Users/Finance/QuantETFUS_small/scripts/us_preclose_v1.sh failed at line 115
[2025-09-22 20:20:05 UTC] === US-PRECLOSE REFRESH (v1) START ===
[2025-09-22 20:20:05 UTC] s10_ibkr_download_daily → s10_ibkr_download_daily.py --client_id 88
[INFO] Excel=/Users/Finance/QuantShared/ETF_list.xlsx | sheet=signalsUSD | out=/Users/Finance/QuantShared/data_raw_ETF_US/daily
[IB] Connecting 127.0.0.1:7496 (clientId=88) …
[2025-09-22 20:20:09 UTC] [ERR] /Users/Finance/QuantETFUS_small/scripts/us_preclose_v1.sh failed at line 115
[2025-09-23 20:20:05 UTC] === US-PRECLOSE REFRESH (v1) START ===
[2025-09-23 20:20:05 UTC] ticker_mapping.csv present → /Users/Finance/QuantETFUS_small/config/ticker_mapping.csv
[2025-09-23 20:20:05 UTC] s10_ibkr_download_daily → s10_ibkr_download_daily.py --client_id 88
[INFO] Excel=/Users/Finance/QuantShared/ETF_list.xlsx | sheet=signalsUSD | out=/Users/Finance/QuantShared/data_raw_ETF_US/daily
[IB] Connecting 127.0.0.1:7496 (clientId=88) …
[2025-09-24 20:20:05 UTC] === US-PRECLOSE REFRESH (v1) START ===
[2025-09-24 20:20:05 UTC] ticker_mapping.csv present → /Users/Finance/QuantETFUS_small/config/ticker_mapping.csv
[2025-09-24 20:20:05 UTC] s06_full_30min_historical → s06_full_30min_historical.py --client_id 57 --years 10 --sheet signalsUSD --excel /Users/Finance/QuantShared/ETF_list.xlsx
[IB] Connecting 127.0.0.1:7496 (clientId=57) …
[IB] Connected.
[1/40] AIAI: exists → SKIP
[2/40] AIGA: exists → SKIP
[3/40] BATT: exists → SKIP
[4/40] COPX: exists → SKIP
[5/40] CSPX: exists → SKIP
[6/40] DGTL: exists → SKIP
[7/40] DTLA: exists → SKIP
[8/40] GDX: exists → SKIP
[9/40] GDXJ: exists → SKIP
[10/40] IBTA: exists → SKIP
[11/40] ICOM: exists → SKIP
[12/40] IDTM: exists → SKIP
[13/40] IOGP: exists → SKIP
[14/40] ISAC: exists → SKIP
[15/40] IUCM: exists → SKIP
[16/40] IUCS: exists → SKIP
[17/40] IUES: exists → SKIP
[18/40] IUFS: exists → SKIP
[19/40] IUHC: exists → SKIP
[20/40] IUIT: exists → SKIP
[21/40] IUUS: exists → SKIP
[22/40] IWDA: exists → SKIP
[23/40] NUCL: exists → SKIP
[24/40] PHAG: exists → SKIP
[25/40] R2US: exists → SKIP
[26/40] RBOT: exists → SKIP
[27/40] RENW: exists → SKIP
[28/40] SBIO: exists → SKIP
[29/40] SGLD: exists → SKIP
[30/40] SILV: exists → SKIP
[31/40] SMH: exists → SKIP
[32/40] URNJ: exists → SKIP
[33/40] URNM: exists → SKIP
[34/40] USPY: exists → SKIP
[35/40] VUAA: exists → SKIP
[36/40] XMED: exists → SKIP
[37/40] XNAS: exists → SKIP
[38/40] XS2D: exists → SKIP
[39/40] XSPD: exists → SKIP
[40/40] XT2D: exists → SKIP
[DONE] Scanned 40 | Newly seeded 0 | Dir → /Users/Finance/QuantShared/data_raw_ETF_US/30min
[2025-09-24 20:20:06 UTC] s05_full_daily_historical → s05_full_daily_historical.py --client_id 59 --years 10 --sheet signalsUSD --excel /Users/Finance/QuantShared/ETF_list.xlsx
[IB] Connected.
[1/40] AIAI: SKIP (already exists)
[2/40] AIGA: SKIP (already exists)
[3/40] BATT: SKIP (already exists)
[4/40] COPX: SKIP (already exists)
[5/40] CSPX: SKIP (already exists)
[6/40] DGTL: SKIP (already exists)
[7/40] DTLA: SKIP (already exists)
[8/40] GDX: SKIP (already exists)
[9/40] GDXJ: SKIP (already exists)
[10/40] IBTA: SKIP (already exists)
[11/40] ICOM: SKIP (already exists)
[12/40] IDTM: SKIP (already exists)
[13/40] IOGP: SKIP (already exists)
[14/40] ISAC: SKIP (already exists)
[15/40] IUCM: SKIP (already exists)
[16/40] IUCS: SKIP (already exists)
[17/40] IUES: SKIP (already exists)
[18/40] IUFS: SKIP (already exists)
[19/40] IUHC: SKIP (already exists)
[20/40] IUIT: SKIP (already exists)
[21/40] IUUS: SKIP (already exists)
[22/40] IWDA: SKIP (already exists)
[23/40] NUCL: SKIP (already exists)
[24/40] PHAG: SKIP (already exists)
[25/40] R2US: SKIP (already exists)
[26/40] RBOT: SKIP (already exists)
[27/40] RENW: SKIP (already exists)
[28/40] SBIO: SKIP (already exists)
[29/40] SGLD: SKIP (already exists)
[30/40] SILV: SKIP (already exists)
[31/40] SMH: SKIP (already exists)
[32/40] URNJ: SKIP (already exists)
[33/40] URNM: SKIP (already exists)
[34/40] USPY: SKIP (already exists)
[35/40] VUAA: SKIP (already exists)
[36/40] XMED: SKIP (already exists)
[37/40] XNAS: SKIP (already exists)
[38/40] XS2D: SKIP (already exists)
[39/40] XSPD: SKIP (already exists)
[40/40] XT2D: SKIP (already exists)
[DONE] Daily build complete.
[2025-09-24 20:20:07 UTC] s07_full_weekly_historical → s07_full_weekly_historical.py --client_id 58 --years 10 --sheet signalsUSD --excel /Users/Finance/QuantShared/ETF_list.xlsx
[IB] Connecting 127.0.0.1:7496 (clientId=58) …
[IB] Connected.
[1/40] AIAI: exists → SKIP
[2/40] AIGA: exists → SKIP
[3/40] BATT: exists → SKIP
[4/40] COPX: exists → SKIP
[5/40] CSPX: exists → SKIP
[6/40] DGTL: exists → SKIP
[7/40] DTLA: exists → SKIP
[8/40] GDX: exists → SKIP
[9/40] GDXJ: exists → SKIP
[10/40] IBTA: exists → SKIP
[11/40] ICOM: exists → SKIP
[12/40] IDTM: exists → SKIP
[13/40] IOGP: exists → SKIP
[14/40] ISAC: exists → SKIP
[15/40] IUCM: exists → SKIP
[16/40] IUCS: exists → SKIP
[17/40] IUES: exists → SKIP
[18/40] IUFS: exists → SKIP
[19/40] IUHC: exists → SKIP
[20/40] IUIT: exists → SKIP
[21/40] IUUS: exists → SKIP
[22/40] IWDA: exists → SKIP
[23/40] NUCL: exists → SKIP
[24/40] PHAG: exists → SKIP
[25/40] R2US: exists → SKIP
[26/40] RBOT: exists → SKIP
[27/40] RENW: exists → SKIP
[28/40] SBIO: exists → SKIP
[29/40] SGLD: exists → SKIP
[30/40] SILV: exists → SKIP
[31/40] SMH: exists → SKIP
[32/40] URNJ: exists → SKIP
[33/40] URNM: exists → SKIP
[34/40] USPY: exists → SKIP
[35/40] VUAA: exists → SKIP
[36/40] XMED: exists → SKIP
[37/40] XNAS: exists → SKIP
[38/40] XS2D: exists → SKIP
[39/40] XSPD: exists → SKIP
[40/40] XT2D: exists → SKIP
[DONE] Frame=weekly | Scanned 40 | Newly seeded 0 | Dir → /Users/Finance/QuantShared/data_raw_ETF_US/weekly
[2025-09-24 20:20:07 UTC] s30_enrich_to_parquet (post-seed) → s30_enrich_to_parquet.py
[ERR] Missing script: /Users/Finance/scripts/s00_data_integrity_enrichment.py
[2025-09-25 20:20:05 UTC] === US-PRECLOSE REFRESH (v1) START ===
[2025-09-25 20:20:05 UTC] ticker_mapping.csv present → /Users/Finance/QuantETFUS_small/config/ticker_mapping.csv
[2025-09-25 20:20:05 UTC] s06_full_30min_historical → s06_full_30min_historical.py --client_id 57 --years 10 --sheet signalsUSD --excel /Users/Finance/QuantShared/ETF_list.xlsx
[IB] Connecting 127.0.0.1:7496 (clientId=57) …
[IB] Connected.
[1/40] AIAI: exists → SKIP
[2/40] AIGA: exists → SKIP
[3/40] BATT: exists → SKIP
[4/40] COPX: exists → SKIP
[5/40] CSPX: exists → SKIP
[6/40] DGTL: exists → SKIP
[7/40] DTLA: exists → SKIP
[8/40] GDX: exists → SKIP
[9/40] GDXJ: exists → SKIP
[10/40] IBTA: exists → SKIP
[11/40] ICOM: exists → SKIP
[12/40] IDTM: exists → SKIP
[13/40] IOGP: exists → SKIP
[14/40] ISAC: exists → SKIP
[15/40] IUCM: exists → SKIP
[16/40] IUCS: exists → SKIP
[17/40] IUES: exists → SKIP
[18/40] IUFS: exists → SKIP
[19/40] IUHC: exists → SKIP
[20/40] IUIT: exists → SKIP
[21/40] IUUS: exists → SKIP
[22/40] IWDA: exists → SKIP
[23/40] NUCL: exists → SKIP
[24/40] PHAG: exists → SKIP
[25/40] R2US: exists → SKIP
[26/40] RBOT: exists → SKIP
[27/40] RENW: exists → SKIP
[28/40] SBIO: exists → SKIP
[29/40] SGLD: exists → SKIP
[30/40] SILV: exists → SKIP
[31/40] SMH: exists → SKIP
[32/40] URNJ: exists → SKIP
[33/40] URNM: exists → SKIP
[34/40] USPY: exists → SKIP
[35/40] VUAA: exists → SKIP
[36/40] XMED: exists → SKIP
[37/40] XNAS: exists → SKIP
[38/40] XS2D: exists → SKIP
[39/40] XSPD: exists → SKIP
[40/40] XT2D: exists → SKIP
[DONE] Scanned 40 | Newly seeded 0 | Dir → /Users/Finance/QuantShared/data_raw_ETF_US/30min
[2025-09-25 20:20:06 UTC] s05_full_daily_historical → s05_full_daily_historical.py --client_id 59 --years 10 --sheet signalsUSD --excel /Users/Finance/QuantShared/ETF_list.xlsx
[IB] Connected.
[1/40] AIAI: SKIP (already exists)
[2/40] AIGA: SKIP (already exists)
[3/40] BATT: SKIP (already exists)
[4/40] COPX: SKIP (already exists)
[5/40] CSPX: SKIP (already exists)
[6/40] DGTL: SKIP (already exists)
[7/40] DTLA: SKIP (already exists)
[8/40] GDX: SKIP (already exists)
[9/40] GDXJ: SKIP (already exists)
[10/40] IBTA: SKIP (already exists)
[11/40] ICOM: SKIP (already exists)
[12/40] IDTM: SKIP (already exists)
[13/40] IOGP: SKIP (already exists)
[14/40] ISAC: SKIP (already exists)
[15/40] IUCM: SKIP (already exists)
[16/40] IUCS: SKIP (already exists)
[17/40] IUES: SKIP (already exists)
[18/40] IUFS: SKIP (already exists)
[19/40] IUHC: SKIP (already exists)
[20/40] IUIT: SKIP (already exists)
[21/40] IUUS: SKIP (already exists)
[22/40] IWDA: SKIP (already exists)
[23/40] NUCL: SKIP (already exists)
[24/40] PHAG: SKIP (already exists)
[25/40] R2US: SKIP (already exists)
[26/40] RBOT: SKIP (already exists)
[27/40] RENW: SKIP (already exists)
[28/40] SBIO: SKIP (already exists)
[29/40] SGLD: SKIP (already exists)
[30/40] SILV: SKIP (already exists)
[31/40] SMH: SKIP (already exists)
[32/40] URNJ: SKIP (already exists)
[33/40] URNM: SKIP (already exists)
[34/40] USPY: SKIP (already exists)
[35/40] VUAA: SKIP (already exists)
[36/40] XMED: SKIP (already exists)
[37/40] XNAS: SKIP (already exists)
[38/40] XS2D: SKIP (already exists)
[39/40] XSPD: SKIP (already exists)
[40/40] XT2D: SKIP (already exists)
[DONE] Daily build complete.
[2025-09-25 20:20:07 UTC] s07_full_weekly_historical → s07_full_weekly_historical.py --client_id 58 --years 10 --sheet signalsUSD --excel /Users/Finance/QuantShared/ETF_list.xlsx
[IB] Connecting 127.0.0.1:7496 (clientId=58) …
[IB] Connected.
[1/40] AIAI: exists → SKIP
[2/40] AIGA: exists → SKIP
[3/40] BATT: exists → SKIP
[4/40] COPX: exists → SKIP
[5/40] CSPX: exists → SKIP
[6/40] DGTL: exists → SKIP
[7/40] DTLA: exists → SKIP
[8/40] GDX: exists → SKIP
[9/40] GDXJ: exists → SKIP
[10/40] IBTA: exists → SKIP
[11/40] ICOM: exists → SKIP
[12/40] IDTM: exists → SKIP
[13/40] IOGP: exists → SKIP
[14/40] ISAC: exists → SKIP
[15/40] IUCM: exists → SKIP
[16/40] IUCS: exists → SKIP
[17/40] IUES: exists → SKIP
[18/40] IUFS: exists → SKIP
[19/40] IUHC: exists → SKIP
[20/40] IUIT: exists → SKIP
[21/40] IUUS: exists → SKIP
[22/40] IWDA: exists → SKIP
[23/40] NUCL: exists → SKIP
[24/40] PHAG: exists → SKIP
[25/40] R2US: exists → SKIP
[26/40] RBOT: exists → SKIP
[27/40] RENW: exists → SKIP
[28/40] SBIO: exists → SKIP
[29/40] SGLD: exists → SKIP
[30/40] SILV: exists → SKIP
[31/40] SMH: exists → SKIP
[32/40] URNJ: exists → SKIP
[33/40] URNM: exists → SKIP
[34/40] USPY: exists → SKIP
[35/40] VUAA: exists → SKIP
[36/40] XMED: exists → SKIP
[37/40] XNAS: exists → SKIP
[38/40] XS2D: exists → SKIP
[39/40] XSPD: exists → SKIP
[40/40] XT2D: exists → SKIP
[DONE] Frame=weekly | Scanned 40 | Newly seeded 0 | Dir → /Users/Finance/QuantShared/data_raw_ETF_US/weekly
[2025-09-25 20:20:08 UTC] s30_enrich_to_parquet (post-seed) → s30_enrich_to_parquet.py
[ERR] Missing script: /Users/Finance/scripts/s00_data_integrity_enrichment.py
[2025-09-26 20:20:05 UTC] === US-PRECLOSE REFRESH (v1) START ===
[2025-09-26 20:20:05 UTC] ticker_mapping.csv present → /Users/Finance/QuantETFUS_small/config/ticker_mapping.csv
[2025-09-26 20:20:05 UTC] s06_full_30min_historical → s06_full_30min_historical.py --client_id 57 --years 10 --sheet signalsUSD --excel /Users/Finance/QuantShared/ETF_list.xlsx
[IB] Connecting 127.0.0.1:7496 (clientId=57) …
[IB] Connected.
[1/40] AIAI: exists → SKIP
[2/40] AIGA: exists → SKIP
[3/40] BATT: exists → SKIP
[4/40] COPX: exists → SKIP
[5/40] CSPX: exists → SKIP
[6/40] DGTL: exists → SKIP
[7/40] DTLA: exists → SKIP
[8/40] GDX: exists → SKIP
[9/40] GDXJ: exists → SKIP
[10/40] IBTA: exists → SKIP
[11/40] ICOM: exists → SKIP
[12/40] IDTM: exists → SKIP
[13/40] IOGP: exists → SKIP
[14/40] ISAC: exists → SKIP
[15/40] IUCM: exists → SKIP
[16/40] IUCS: exists → SKIP
[17/40] IUES: exists → SKIP
[18/40] IUFS: exists → SKIP
[19/40] IUHC: exists → SKIP
[20/40] IUIT: exists → SKIP
[21/40] IUUS: exists → SKIP
[22/40] IWDA: exists → SKIP
[23/40] NUCL: exists → SKIP
[24/40] PHAG: exists → SKIP
[25/40] R2US: exists → SKIP
[26/40] RBOT: exists → SKIP
[27/40] RENW: exists → SKIP
[28/40] SBIO: exists → SKIP
[29/40] SGLD: exists → SKIP
[30/40] SILV: exists → SKIP
[31/40] SMH: exists → SKIP
[32/40] URNJ: exists → SKIP
[33/40] URNM: exists → SKIP
[34/40] USPY: exists → SKIP
[35/40] VUAA: exists → SKIP
[36/40] XMED: exists → SKIP
[37/40] XNAS: exists → SKIP
[38/40] XS2D: exists → SKIP
[39/40] XSPD: exists → SKIP
[40/40] XT2D: exists → SKIP
[DONE] Scanned 40 | Newly seeded 0 | Dir → /Users/Finance/QuantShared/data_raw_ETF_US/30min
[2025-09-26 20:20:07 UTC] s05_full_daily_historical → s05_full_daily_historical.py --client_id 59 --years 10 --sheet signalsUSD --excel /Users/Finance/QuantShared/ETF_list.xlsx
[IB] Connected.
[1/40] AIAI: SKIP (already exists)
[2/40] AIGA: SKIP (already exists)
[3/40] BATT: SKIP (already exists)
[4/40] COPX: SKIP (already exists)
[5/40] CSPX: SKIP (already exists)
[6/40] DGTL: SKIP (already exists)
[7/40] DTLA: SKIP (already exists)
[8/40] GDX: SKIP (already exists)
[9/40] GDXJ: SKIP (already exists)
[10/40] IBTA: SKIP (already exists)
[11/40] ICOM: SKIP (already exists)
[12/40] IDTM: SKIP (already exists)
[13/40] IOGP: SKIP (already exists)
[14/40] ISAC: SKIP (already exists)
[15/40] IUCM: SKIP (already exists)
[16/40] IUCS: SKIP (already exists)
[17/40] IUES: SKIP (already exists)
[18/40] IUFS: SKIP (already exists)
[19/40] IUHC: SKIP (already exists)
[20/40] IUIT: SKIP (already exists)
[21/40] IUUS: SKIP (already exists)
[22/40] IWDA: SKIP (already exists)
[23/40] NUCL: SKIP (already exists)
[24/40] PHAG: SKIP (already exists)
[25/40] R2US: SKIP (already exists)
[26/40] RBOT: SKIP (already exists)
[27/40] RENW: SKIP (already exists)
[28/40] SBIO: SKIP (already exists)
[29/40] SGLD: SKIP (already exists)
[30/40] SILV: SKIP (already exists)
[31/40] SMH: SKIP (already exists)
[32/40] URNJ: SKIP (already exists)
[33/40] URNM: SKIP (already exists)
[34/40] USPY: SKIP (already exists)
[35/40] VUAA: SKIP (already exists)
[36/40] XMED: SKIP (already exists)
[37/40] XNAS: SKIP (already exists)
[38/40] XS2D: SKIP (already exists)
[39/40] XSPD: SKIP (already exists)
[40/40] XT2D: SKIP (already exists)
[DONE] Daily build complete.
[2025-09-26 20:20:08 UTC] s07_full_weekly_historical → s07_full_weekly_historical.py --client_id 58 --years 10 --sheet signalsUSD --excel /Users/Finance/QuantShared/ETF_list.xlsx
[IB] Connecting 127.0.0.1:7496 (clientId=58) …
[IB] Connected.
[1/40] AIAI: exists → SKIP
[2/40] AIGA: exists → SKIP
[3/40] BATT: exists → SKIP
[4/40] COPX: exists → SKIP
[5/40] CSPX: exists → SKIP
[6/40] DGTL: exists → SKIP
[7/40] DTLA: exists → SKIP
[8/40] GDX: exists → SKIP
[9/40] GDXJ: exists → SKIP
[10/40] IBTA: exists → SKIP
[11/40] ICOM: exists → SKIP
[12/40] IDTM: exists → SKIP
[13/40] IOGP: exists → SKIP
[14/40] ISAC: exists → SKIP
[15/40] IUCM: exists → SKIP
[16/40] IUCS: exists → SKIP
[17/40] IUES: exists → SKIP
[18/40] IUFS: exists → SKIP
[19/40] IUHC: exists → SKIP
[20/40] IUIT: exists → SKIP
[21/40] IUUS: exists → SKIP
[22/40] IWDA: exists → SKIP
[23/40] NUCL: exists → SKIP
[24/40] PHAG: exists → SKIP
[25/40] R2US: exists → SKIP
[26/40] RBOT: exists → SKIP
[27/40] RENW: exists → SKIP
[28/40] SBIO: exists → SKIP
[29/40] SGLD: exists → SKIP
[30/40] SILV: exists → SKIP
[31/40] SMH: exists → SKIP
[32/40] URNJ: exists → SKIP
[33/40] URNM: exists → SKIP
[34/40] USPY: exists → SKIP
[35/40] VUAA: exists → SKIP
[36/40] XMED: exists → SKIP
[37/40] XNAS: exists → SKIP
[38/40] XS2D: exists → SKIP
[39/40] XSPD: exists → SKIP
[40/40] XT2D: exists → SKIP
[DONE] Frame=weekly | Scanned 40 | Newly seeded 0 | Dir → /Users/Finance/QuantShared/data_raw_ETF_US/weekly
[2025-09-26 20:20:08 UTC] s30_enrich_to_parquet (post-seed) → s30_enrich_to_parquet.py
[ERR] Missing script: /Users/Finance/scripts/s00_data_integrity_enrichment.py
[2025-09-27 20:20:05 UTC] === US-PRECLOSE REFRESH (v1) START ===
[2025-09-27 20:20:05 UTC] ticker_mapping.csv present → /Users/Finance/QuantETFUS_small/config/ticker_mapping.csv
[2025-09-27 20:20:05 UTC] s06_full_30min_historical → s06_full_30min_historical.py --client_id 57 --years 10 --sheet signalsUSD --excel /Users/Finance/QuantShared/ETF_list.xlsx
API connection failed: ConnectionRefusedError(61, "Connect call failed ('127.0.0.1', 7496)")
Make sure API port on TWS/IBG is open
[IB] Connecting 127.0.0.1:7496 (clientId=57) …
Traceback (most recent call last):
  File "/Users/Finance/QuantETFUS_small/scripts/s06_full_30min_historical.py", line 264, in <module>
    main()
    ~~~~^^
  File "/Users/Finance/QuantETFUS_small/scripts/s06_full_30min_historical.py", line 219, in main
    ib.connect(args.host, args.port, clientId=args.client_id, readonly=True)
    ~~~~~~~~~~^^^^^^^^^^^^^^^^^^^^^^^^^^^^^^^^^^^^^^^^^^^^^^^^^^^^^^^^^^^^^^
  File "/Users/Finance/QuantETFUS_small/venv/lib/python3.13/site-packages/ib_insync/ib.py", line 279, in connect
    return self._run(self.connectAsync(
           ~~~~~~~~~^^^^^^^^^^^^^^^^^^^
        host, port, clientId, timeout, readonly, account))
        ^^^^^^^^^^^^^^^^^^^^^^^^^^^^^^^^^^^^^^^^^^^^^^^^^^
  File "/Users/Finance/QuantETFUS_small/venv/lib/python3.13/site-packages/ib_insync/ib.py", line 318, in _run
    return util.run(*awaitables, timeout=self.RequestTimeout)
           ~~~~~~~~^^^^^^^^^^^^^^^^^^^^^^^^^^^^^^^^^^^^^^^^^^
  File "/Users/Finance/QuantETFUS_small/venv/lib/python3.13/site-packages/ib_insync/util.py", line 341, in run
    result = loop.run_until_complete(task)
  File "/opt/homebrew/Cellar/python@3.13/3.13.1/Frameworks/Python.framework/Versions/3.13/lib/python3.13/asyncio/base_events.py", line 720, in run_until_complete
    return future.result()
           ~~~~~~~~~~~~~^^
  File "/Users/Finance/QuantETFUS_small/venv/lib/python3.13/site-packages/ib_insync/ib.py", line 1748, in connectAsync
    await self.client.connectAsync(host, port, clientId, timeout)
  File "/Users/Finance/QuantETFUS_small/venv/lib/python3.13/site-packages/ib_insync/client.py", line 211, in connectAsync
    await asyncio.wait_for(self.conn.connectAsync(host, port), timeout)
  File "/opt/homebrew/Cellar/python@3.13/3.13.1/Frameworks/Python.framework/Versions/3.13/lib/python3.13/asyncio/tasks.py", line 507, in wait_for
    return await fut
           ^^^^^^^^^
  File "/Users/Finance/QuantETFUS_small/venv/lib/python3.13/site-packages/ib_insync/connection.py", line 39, in connectAsync
    self.transport, _ = await loop.create_connection(
                        ^^^^^^^^^^^^^^^^^^^^^^^^^^^^^
        lambda: self, host, port)
        ^^^^^^^^^^^^^^^^^^^^^^^^^
  File "/opt/homebrew/Cellar/python@3.13/3.13.1/Frameworks/Python.framework/Versions/3.13/lib/python3.13/asyncio/base_events.py", line 1161, in create_connection
    raise exceptions[0]
  File "/opt/homebrew/Cellar/python@3.13/3.13.1/Frameworks/Python.framework/Versions/3.13/lib/python3.13/asyncio/base_events.py", line 1136, in create_connection
    sock = await self._connect_sock(
           ^^^^^^^^^^^^^^^^^^^^^^^^^
        exceptions, addrinfo, laddr_infos)
        ^^^^^^^^^^^^^^^^^^^^^^^^^^^^^^^^^^
  File "/opt/homebrew/Cellar/python@3.13/3.13.1/Frameworks/Python.framework/Versions/3.13/lib/python3.13/asyncio/base_events.py", line 1039, in _connect_sock
    await self.sock_connect(sock, address)
  File "/opt/homebrew/Cellar/python@3.13/3.13.1/Frameworks/Python.framework/Versions/3.13/lib/python3.13/asyncio/selector_events.py", line 641, in sock_connect
    return await fut
           ^^^^^^^^^
  File "/opt/homebrew/Cellar/python@3.13/3.13.1/Frameworks/Python.framework/Versions/3.13/lib/python3.13/asyncio/selector_events.py", line 681, in _sock_connect_cb
    raise OSError(err, f'Connect call failed {address}')
ConnectionRefusedError: [Errno 61] Connect call failed ('127.0.0.1', 7496)
[2025-09-28 20:20:00 UTC] === US-PRECLOSE REFRESH (v1) START ===
[2025-09-28 20:20:00 UTC] ticker_mapping.csv present → /Users/Finance/QuantETFUS_small/config/ticker_mapping.csv
[2025-09-28 20:20:00 UTC] s06_full_30min_historical → s06_full_30min_historical.py --client_id 57 --years 10 --sheet signalsUSD --excel /Users/Finance/QuantShared/ETF_list.xlsx
API connection failed: ConnectionRefusedError(61, "Connect call failed ('127.0.0.1', 7496)")
Make sure API port on TWS/IBG is open
[IB] Connecting 127.0.0.1:7496 (clientId=57) …
Traceback (most recent call last):
  File "/Users/Finance/QuantETFUS_small/scripts/s06_full_30min_historical.py", line 264, in <module>
    main()
    ~~~~^^
  File "/Users/Finance/QuantETFUS_small/scripts/s06_full_30min_historical.py", line 219, in main
    ib.connect(args.host, args.port, clientId=args.client_id, readonly=True)
    ~~~~~~~~~~^^^^^^^^^^^^^^^^^^^^^^^^^^^^^^^^^^^^^^^^^^^^^^^^^^^^^^^^^^^^^^
  File "/Users/Finance/QuantETFUS_small/venv/lib/python3.13/site-packages/ib_insync/ib.py", line 279, in connect
    return self._run(self.connectAsync(
           ~~~~~~~~~^^^^^^^^^^^^^^^^^^^
        host, port, clientId, timeout, readonly, account))
        ^^^^^^^^^^^^^^^^^^^^^^^^^^^^^^^^^^^^^^^^^^^^^^^^^^
  File "/Users/Finance/QuantETFUS_small/venv/lib/python3.13/site-packages/ib_insync/ib.py", line 318, in _run
    return util.run(*awaitables, timeout=self.RequestTimeout)
           ~~~~~~~~^^^^^^^^^^^^^^^^^^^^^^^^^^^^^^^^^^^^^^^^^^
  File "/Users/Finance/QuantETFUS_small/venv/lib/python3.13/site-packages/ib_insync/util.py", line 341, in run
    result = loop.run_until_complete(task)
  File "/opt/homebrew/Cellar/python@3.13/3.13.1/Frameworks/Python.framework/Versions/3.13/lib/python3.13/asyncio/base_events.py", line 720, in run_until_complete
    return future.result()
           ~~~~~~~~~~~~~^^
  File "/Users/Finance/QuantETFUS_small/venv/lib/python3.13/site-packages/ib_insync/ib.py", line 1748, in connectAsync
    await self.client.connectAsync(host, port, clientId, timeout)
  File "/Users/Finance/QuantETFUS_small/venv/lib/python3.13/site-packages/ib_insync/client.py", line 211, in connectAsync
    await asyncio.wait_for(self.conn.connectAsync(host, port), timeout)
  File "/opt/homebrew/Cellar/python@3.13/3.13.1/Frameworks/Python.framework/Versions/3.13/lib/python3.13/asyncio/tasks.py", line 507, in wait_for
    return await fut
           ^^^^^^^^^
  File "/Users/Finance/QuantETFUS_small/venv/lib/python3.13/site-packages/ib_insync/connection.py", line 39, in connectAsync
    self.transport, _ = await loop.create_connection(
                        ^^^^^^^^^^^^^^^^^^^^^^^^^^^^^
        lambda: self, host, port)
        ^^^^^^^^^^^^^^^^^^^^^^^^^
  File "/opt/homebrew/Cellar/python@3.13/3.13.1/Frameworks/Python.framework/Versions/3.13/lib/python3.13/asyncio/base_events.py", line 1161, in create_connection
    raise exceptions[0]
  File "/opt/homebrew/Cellar/python@3.13/3.13.1/Frameworks/Python.framework/Versions/3.13/lib/python3.13/asyncio/base_events.py", line 1136, in create_connection
    sock = await self._connect_sock(
           ^^^^^^^^^^^^^^^^^^^^^^^^^
        exceptions, addrinfo, laddr_infos)
        ^^^^^^^^^^^^^^^^^^^^^^^^^^^^^^^^^^
  File "/opt/homebrew/Cellar/python@3.13/3.13.1/Frameworks/Python.framework/Versions/3.13/lib/python3.13/asyncio/base_events.py", line 1039, in _connect_sock
    await self.sock_connect(sock, address)
  File "/opt/homebrew/Cellar/python@3.13/3.13.1/Frameworks/Python.framework/Versions/3.13/lib/python3.13/asyncio/selector_events.py", line 641, in sock_connect
    return await fut
           ^^^^^^^^^
  File "/opt/homebrew/Cellar/python@3.13/3.13.1/Frameworks/Python.framework/Versions/3.13/lib/python3.13/asyncio/selector_events.py", line 681, in _sock_connect_cb
    raise OSError(err, f'Connect call failed {address}')
ConnectionRefusedError: [Errno 61] Connect call failed ('127.0.0.1', 7496)
[2025-09-29 20:20:04 UTC] === US-PRECLOSE REFRESH (v1) START ===
[2025-09-29 20:20:04 UTC] ticker_mapping.csv present → /Users/Finance/QuantETFUS_small/config/ticker_mapping.csv
[2025-09-29 20:20:04 UTC] s06_full_30min_historical → s06_full_30min_historical.py --client_id 57 --years 10 --sheet signalsUSD --excel /Users/Finance/QuantShared/ETF_list.xlsx
[IB] Connecting 127.0.0.1:7496 (clientId=57) …
[IB] Connected.
[1/43] AIAI: exists → SKIP
[2/43] AIGA: exists → SKIP
[3/43] BATT: exists → SKIP
[4/43] COPX: exists → SKIP
[5/43] CSPX: exists → SKIP
[6/43] DGTL: exists → SKIP
[7/43] DTLA: exists → SKIP
[8/43] GDX: exists → SKIP
[9/43] GDXJ: exists → SKIP
[10/43] IBTA: exists → SKIP
[11/43] ICOM: exists → SKIP
[12/43] IDTM: exists → SKIP
[13/43] IOGP: exists → SKIP
[14/43] ISAC: exists → SKIP
[15/43] IUCM: exists → SKIP
[16/43] IUCS: exists → SKIP
[17/43] IUES: exists → SKIP
[18/43] IUFS: exists → SKIP
[19/43] IUHC: exists → SKIP
[20/43] IUIT: exists → SKIP
[21/43] IUUS: exists → SKIP
[22/43] IWDA: exists → SKIP
[23/43] NUCL: exists → SKIP
[24/43] PHAG: exists → SKIP
[25/43] R2US: exists → SKIP
[26/43] RBOT: exists → SKIP
[27/43] RENW: exists → SKIP
[28/43] SBIO: exists → SKIP
[29/43] SGLD: exists → SKIP
[30/43] SILV: exists → SKIP
[31/43] SMH: exists → SKIP
[32/43] URNJ: exists → SKIP
[33/43] URNM: exists → SKIP
[34/43] USPY: exists → SKIP
[35/43] VUAA: exists → SKIP
[36/43] XMED: exists → SKIP
[37/43] XNAS: exists → SKIP
[38/43] XS2D: exists → SKIP
[39/43] XSPD: exists → SKIP
[40/43] XT2D: exists → SKIP
[41/43] COMF: exists → SKIP
[42/43] AIGI: exists → SKIP
[43/43] COPA: exists → SKIP
[DONE] Scanned 43 | Newly seeded 0 | Dir → /Users/Finance/QuantShared/data_raw_ETF_US/30min
[2025-09-29 20:20:06 UTC] s05_full_daily_historical → s05_full_daily_historical.py --client_id 59 --years 10 --sheet signalsUSD --excel /Users/Finance/QuantShared/ETF_list.xlsx
[IB] Connected.
[1/43] AIAI: SKIP (already exists)
[2/43] AIGA: SKIP (already exists)
[3/43] BATT: SKIP (already exists)
[4/43] COPX: SKIP (already exists)
[5/43] CSPX: SKIP (already exists)
[6/43] DGTL: SKIP (already exists)
[7/43] DTLA: SKIP (already exists)
[8/43] GDX: SKIP (already exists)
[9/43] GDXJ: SKIP (already exists)
[10/43] IBTA: SKIP (already exists)
[11/43] ICOM: SKIP (already exists)
[12/43] IDTM: SKIP (already exists)
[13/43] IOGP: SKIP (already exists)
[14/43] ISAC: SKIP (already exists)
[15/43] IUCM: SKIP (already exists)
[16/43] IUCS: SKIP (already exists)
[17/43] IUES: SKIP (already exists)
[18/43] IUFS: SKIP (already exists)
[19/43] IUHC: SKIP (already exists)
[20/43] IUIT: SKIP (already exists)
[21/43] IUUS: SKIP (already exists)
[22/43] IWDA: SKIP (already exists)
[23/43] NUCL: SKIP (already exists)
[24/43] PHAG: SKIP (already exists)
[25/43] R2US: SKIP (already exists)
[26/43] RBOT: SKIP (already exists)
[27/43] RENW: SKIP (already exists)
[28/43] SBIO: SKIP (already exists)
[29/43] SGLD: SKIP (already exists)
[30/43] SILV: SKIP (already exists)
[31/43] SMH: SKIP (already exists)
[32/43] URNJ: SKIP (already exists)
[33/43] URNM: SKIP (already exists)
[34/43] USPY: SKIP (already exists)
[35/43] VUAA: SKIP (already exists)
[36/43] XMED: SKIP (already exists)
[37/43] XNAS: SKIP (already exists)
[38/43] XS2D: SKIP (already exists)
[39/43] XSPD: SKIP (already exists)
[40/43] XT2D: SKIP (already exists)
[41/43] COMF: SKIP (already exists)
[42/43] AIGI: SKIP (already exists)
[43/43] COPA: SKIP (already exists)
[DONE] Daily build complete.
[2025-09-29 20:20:06 UTC] s07_full_weekly_historical → s07_full_weekly_historical.py --client_id 58 --years 10 --sheet signalsUSD --excel /Users/Finance/QuantShared/ETF_list.xlsx
[IB] Connecting 127.0.0.1:7496 (clientId=58) …
[IB] Connected.
[1/43] AIAI: exists → SKIP
[2/43] AIGA: exists → SKIP
[3/43] BATT: exists → SKIP
[4/43] COPX: exists → SKIP
[5/43] CSPX: exists → SKIP
[6/43] DGTL: exists → SKIP
[7/43] DTLA: exists → SKIP
[8/43] GDX: exists → SKIP
[9/43] GDXJ: exists → SKIP
[10/43] IBTA: exists → SKIP
[11/43] ICOM: exists → SKIP
[12/43] IDTM: exists → SKIP
[13/43] IOGP: exists → SKIP
[14/43] ISAC: exists → SKIP
[15/43] IUCM: exists → SKIP
[16/43] IUCS: exists → SKIP
[17/43] IUES: exists → SKIP
[18/43] IUFS: exists → SKIP
[19/43] IUHC: exists → SKIP
[20/43] IUIT: exists → SKIP
[21/43] IUUS: exists → SKIP
[22/43] IWDA: exists → SKIP
[23/43] NUCL: exists → SKIP
[24/43] PHAG: exists → SKIP
[25/43] R2US: exists → SKIP
[26/43] RBOT: exists → SKIP
[27/43] RENW: exists → SKIP
[28/43] SBIO: exists → SKIP
[29/43] SGLD: exists → SKIP
[30/43] SILV: exists → SKIP
[31/43] SMH: exists → SKIP
[32/43] URNJ: exists → SKIP
[33/43] URNM: exists → SKIP
[34/43] USPY: exists → SKIP
[35/43] VUAA: exists → SKIP
[36/43] XMED: exists → SKIP
[37/43] XNAS: exists → SKIP
[38/43] XS2D: exists → SKIP
[39/43] XSPD: exists → SKIP
[40/43] XT2D: exists → SKIP
[41/43] COMF: exists → SKIP
[42/43] AIGI: exists → SKIP
[43/43] COPA: exists → SKIP
[DONE] Frame=weekly | Scanned 43 | Newly seeded 0 | Dir → /Users/Finance/QuantShared/data_raw_ETF_US/weekly
[2025-09-29 20:20:07 UTC] s30_enrich_to_parquet (post-seed) → s30_enrich_to_parquet.py
[ERR] Missing script: /Users/Finance/scripts/s00_data_integrity_enrichment.py
[2025-09-30 12:20:58 UTC] === US-PRECLOSE REFRESH (v1) START ===
[2025-09-30 12:20:58 UTC] ticker_mapping.csv present → /Users/Finance/QuantETFUS_small/config/ticker_mapping.csv
[2025-09-30 12:20:58 UTC] s06_full_30min_historical → s06_full_30min_historical.py --client_id 57 --years 10 --sheet signalsUSD --excel /Users/Finance/QuantShared/ETF_list.xlsx
API connection failed: ConnectionRefusedError(61, "Connect call failed ('127.0.0.1', 7496)")
Make sure API port on TWS/IBG is open
[IB] Connecting 127.0.0.1:7496 (clientId=57) …
Traceback (most recent call last):
  File "/Users/Finance/QuantETFUS_small/scripts/s06_full_30min_historical.py", line 264, in <module>
    main()
    ~~~~^^
  File "/Users/Finance/QuantETFUS_small/scripts/s06_full_30min_historical.py", line 219, in main
    ib.connect(args.host, args.port, clientId=args.client_id, readonly=True)
    ~~~~~~~~~~^^^^^^^^^^^^^^^^^^^^^^^^^^^^^^^^^^^^^^^^^^^^^^^^^^^^^^^^^^^^^^
  File "/Users/Finance/QuantETFUS_small/venv/lib/python3.13/site-packages/ib_insync/ib.py", line 279, in connect
    return self._run(self.connectAsync(
           ~~~~~~~~~^^^^^^^^^^^^^^^^^^^
        host, port, clientId, timeout, readonly, account))
        ^^^^^^^^^^^^^^^^^^^^^^^^^^^^^^^^^^^^^^^^^^^^^^^^^^
  File "/Users/Finance/QuantETFUS_small/venv/lib/python3.13/site-packages/ib_insync/ib.py", line 318, in _run
    return util.run(*awaitables, timeout=self.RequestTimeout)
           ~~~~~~~~^^^^^^^^^^^^^^^^^^^^^^^^^^^^^^^^^^^^^^^^^^
  File "/Users/Finance/QuantETFUS_small/venv/lib/python3.13/site-packages/ib_insync/util.py", line 341, in run
    result = loop.run_until_complete(task)
  File "/opt/homebrew/Cellar/python@3.13/3.13.1/Frameworks/Python.framework/Versions/3.13/lib/python3.13/asyncio/base_events.py", line 720, in run_until_complete
    return future.result()
           ~~~~~~~~~~~~~^^
  File "/Users/Finance/QuantETFUS_small/venv/lib/python3.13/site-packages/ib_insync/ib.py", line 1748, in connectAsync
    await self.client.connectAsync(host, port, clientId, timeout)
  File "/Users/Finance/QuantETFUS_small/venv/lib/python3.13/site-packages/ib_insync/client.py", line 211, in connectAsync
    await asyncio.wait_for(self.conn.connectAsync(host, port), timeout)
  File "/opt/homebrew/Cellar/python@3.13/3.13.1/Frameworks/Python.framework/Versions/3.13/lib/python3.13/asyncio/tasks.py", line 507, in wait_for
    return await fut
           ^^^^^^^^^
  File "/Users/Finance/QuantETFUS_small/venv/lib/python3.13/site-packages/ib_insync/connection.py", line 39, in connectAsync
    self.transport, _ = await loop.create_connection(
                        ^^^^^^^^^^^^^^^^^^^^^^^^^^^^^
        lambda: self, host, port)
        ^^^^^^^^^^^^^^^^^^^^^^^^^
  File "/opt/homebrew/Cellar/python@3.13/3.13.1/Frameworks/Python.framework/Versions/3.13/lib/python3.13/asyncio/base_events.py", line 1161, in create_connection
    raise exceptions[0]
  File "/opt/homebrew/Cellar/python@3.13/3.13.1/Frameworks/Python.framework/Versions/3.13/lib/python3.13/asyncio/base_events.py", line 1136, in create_connection
    sock = await self._connect_sock(
           ^^^^^^^^^^^^^^^^^^^^^^^^^
        exceptions, addrinfo, laddr_infos)
        ^^^^^^^^^^^^^^^^^^^^^^^^^^^^^^^^^^
  File "/opt/homebrew/Cellar/python@3.13/3.13.1/Frameworks/Python.framework/Versions/3.13/lib/python3.13/asyncio/base_events.py", line 1039, in _connect_sock
    await self.sock_connect(sock, address)
  File "/opt/homebrew/Cellar/python@3.13/3.13.1/Frameworks/Python.framework/Versions/3.13/lib/python3.13/asyncio/selector_events.py", line 641, in sock_connect
    return await fut
           ^^^^^^^^^
  File "/opt/homebrew/Cellar/python@3.13/3.13.1/Frameworks/Python.framework/Versions/3.13/lib/python3.13/asyncio/selector_events.py", line 681, in _sock_connect_cb
    raise OSError(err, f'Connect call failed {address}')
ConnectionRefusedError: [Errno 61] Connect call failed ('127.0.0.1', 7496)
[2025-10-01 09:08:37 UTC] === US-PRECLOSE REFRESH (v1) START ===
[2025-10-01 09:08:37 UTC] ticker_mapping.csv present → /Users/Finance/QuantETFUS_small/config/ticker_mapping.csv
[2025-10-01 09:08:37 UTC] s06_full_30min_historical → s06_full_30min_historical.py --client_id 57 --years 10 --sheet signalsUSD --excel /Users/Finance/QuantShared/ETF_list.xlsx
API connection failed: ConnectionRefusedError(61, "Connect call failed ('127.0.0.1', 7496)")
Make sure API port on TWS/IBG is open
[IB] Connecting 127.0.0.1:7496 (clientId=57) …
Traceback (most recent call last):
  File "/Users/Finance/QuantETFUS_small/scripts/s06_full_30min_historical.py", line 264, in <module>
    main()
    ~~~~^^
  File "/Users/Finance/QuantETFUS_small/scripts/s06_full_30min_historical.py", line 219, in main
    ib.connect(args.host, args.port, clientId=args.client_id, readonly=True)
    ~~~~~~~~~~^^^^^^^^^^^^^^^^^^^^^^^^^^^^^^^^^^^^^^^^^^^^^^^^^^^^^^^^^^^^^^
  File "/Users/Finance/QuantETFUS_small/venv/lib/python3.13/site-packages/ib_insync/ib.py", line 279, in connect
    return self._run(self.connectAsync(
           ~~~~~~~~~^^^^^^^^^^^^^^^^^^^
        host, port, clientId, timeout, readonly, account))
        ^^^^^^^^^^^^^^^^^^^^^^^^^^^^^^^^^^^^^^^^^^^^^^^^^^
  File "/Users/Finance/QuantETFUS_small/venv/lib/python3.13/site-packages/ib_insync/ib.py", line 318, in _run
    return util.run(*awaitables, timeout=self.RequestTimeout)
           ~~~~~~~~^^^^^^^^^^^^^^^^^^^^^^^^^^^^^^^^^^^^^^^^^^
  File "/Users/Finance/QuantETFUS_small/venv/lib/python3.13/site-packages/ib_insync/util.py", line 341, in run
    result = loop.run_until_complete(task)
  File "/opt/homebrew/Cellar/python@3.13/3.13.1/Frameworks/Python.framework/Versions/3.13/lib/python3.13/asyncio/base_events.py", line 720, in run_until_complete
    return future.result()
           ~~~~~~~~~~~~~^^
  File "/Users/Finance/QuantETFUS_small/venv/lib/python3.13/site-packages/ib_insync/ib.py", line 1748, in connectAsync
    await self.client.connectAsync(host, port, clientId, timeout)
  File "/Users/Finance/QuantETFUS_small/venv/lib/python3.13/site-packages/ib_insync/client.py", line 211, in connectAsync
    await asyncio.wait_for(self.conn.connectAsync(host, port), timeout)
  File "/opt/homebrew/Cellar/python@3.13/3.13.1/Frameworks/Python.framework/Versions/3.13/lib/python3.13/asyncio/tasks.py", line 507, in wait_for
    return await fut
           ^^^^^^^^^
  File "/Users/Finance/QuantETFUS_small/venv/lib/python3.13/site-packages/ib_insync/connection.py", line 39, in connectAsync
    self.transport, _ = await loop.create_connection(
                        ^^^^^^^^^^^^^^^^^^^^^^^^^^^^^
        lambda: self, host, port)
        ^^^^^^^^^^^^^^^^^^^^^^^^^
  File "/opt/homebrew/Cellar/python@3.13/3.13.1/Frameworks/Python.framework/Versions/3.13/lib/python3.13/asyncio/base_events.py", line 1161, in create_connection
    raise exceptions[0]
  File "/opt/homebrew/Cellar/python@3.13/3.13.1/Frameworks/Python.framework/Versions/3.13/lib/python3.13/asyncio/base_events.py", line 1136, in create_connection
    sock = await self._connect_sock(
           ^^^^^^^^^^^^^^^^^^^^^^^^^
        exceptions, addrinfo, laddr_infos)
        ^^^^^^^^^^^^^^^^^^^^^^^^^^^^^^^^^^
  File "/opt/homebrew/Cellar/python@3.13/3.13.1/Frameworks/Python.framework/Versions/3.13/lib/python3.13/asyncio/base_events.py", line 1039, in _connect_sock
    await self.sock_connect(sock, address)
  File "/opt/homebrew/Cellar/python@3.13/3.13.1/Frameworks/Python.framework/Versions/3.13/lib/python3.13/asyncio/selector_events.py", line 641, in sock_connect
    return await fut
           ^^^^^^^^^
  File "/opt/homebrew/Cellar/python@3.13/3.13.1/Frameworks/Python.framework/Versions/3.13/lib/python3.13/asyncio/selector_events.py", line 681, in _sock_connect_cb
    raise OSError(err, f'Connect call failed {address}')
ConnectionRefusedError: [Errno 61] Connect call failed ('127.0.0.1', 7496)
[2025-10-02 06:56:53 UTC] === US-PRECLOSE REFRESH (v1) START ===
[2025-10-02 06:56:53 UTC] ticker_mapping.csv present → /Users/Finance/QuantETFUS_small/config/ticker_mapping.csv
[2025-10-02 06:56:54 UTC] s06_full_30min_historical → s06_full_30min_historical.py --client_id 57 --years 10 --sheet signalsUSD --excel /Users/Finance/QuantShared/ETF_list.xlsx
API connection failed: ConnectionRefusedError(61, "Connect call failed ('127.0.0.1', 7496)")
Make sure API port on TWS/IBG is open
[IB] Connecting 127.0.0.1:7496 (clientId=57) …
Traceback (most recent call last):
  File "/Users/Finance/QuantETFUS_small/scripts/s06_full_30min_historical.py", line 264, in <module>
    main()
    ~~~~^^
  File "/Users/Finance/QuantETFUS_small/scripts/s06_full_30min_historical.py", line 219, in main
    ib.connect(args.host, args.port, clientId=args.client_id, readonly=True)
    ~~~~~~~~~~^^^^^^^^^^^^^^^^^^^^^^^^^^^^^^^^^^^^^^^^^^^^^^^^^^^^^^^^^^^^^^
  File "/Users/Finance/QuantETFUS_small/venv/lib/python3.13/site-packages/ib_insync/ib.py", line 279, in connect
    return self._run(self.connectAsync(
           ~~~~~~~~~^^^^^^^^^^^^^^^^^^^
        host, port, clientId, timeout, readonly, account))
        ^^^^^^^^^^^^^^^^^^^^^^^^^^^^^^^^^^^^^^^^^^^^^^^^^^
  File "/Users/Finance/QuantETFUS_small/venv/lib/python3.13/site-packages/ib_insync/ib.py", line 318, in _run
    return util.run(*awaitables, timeout=self.RequestTimeout)
           ~~~~~~~~^^^^^^^^^^^^^^^^^^^^^^^^^^^^^^^^^^^^^^^^^^
  File "/Users/Finance/QuantETFUS_small/venv/lib/python3.13/site-packages/ib_insync/util.py", line 341, in run
    result = loop.run_until_complete(task)
  File "/opt/homebrew/Cellar/python@3.13/3.13.1/Frameworks/Python.framework/Versions/3.13/lib/python3.13/asyncio/base_events.py", line 720, in run_until_complete
    return future.result()
           ~~~~~~~~~~~~~^^
  File "/Users/Finance/QuantETFUS_small/venv/lib/python3.13/site-packages/ib_insync/ib.py", line 1748, in connectAsync
    await self.client.connectAsync(host, port, clientId, timeout)
  File "/Users/Finance/QuantETFUS_small/venv/lib/python3.13/site-packages/ib_insync/client.py", line 211, in connectAsync
    await asyncio.wait_for(self.conn.connectAsync(host, port), timeout)
  File "/opt/homebrew/Cellar/python@3.13/3.13.1/Frameworks/Python.framework/Versions/3.13/lib/python3.13/asyncio/tasks.py", line 507, in wait_for
    return await fut
           ^^^^^^^^^
  File "/Users/Finance/QuantETFUS_small/venv/lib/python3.13/site-packages/ib_insync/connection.py", line 39, in connectAsync
    self.transport, _ = await loop.create_connection(
                        ^^^^^^^^^^^^^^^^^^^^^^^^^^^^^
        lambda: self, host, port)
        ^^^^^^^^^^^^^^^^^^^^^^^^^
  File "/opt/homebrew/Cellar/python@3.13/3.13.1/Frameworks/Python.framework/Versions/3.13/lib/python3.13/asyncio/base_events.py", line 1161, in create_connection
    raise exceptions[0]
  File "/opt/homebrew/Cellar/python@3.13/3.13.1/Frameworks/Python.framework/Versions/3.13/lib/python3.13/asyncio/base_events.py", line 1136, in create_connection
    sock = await self._connect_sock(
           ^^^^^^^^^^^^^^^^^^^^^^^^^
        exceptions, addrinfo, laddr_infos)
        ^^^^^^^^^^^^^^^^^^^^^^^^^^^^^^^^^^
  File "/opt/homebrew/Cellar/python@3.13/3.13.1/Frameworks/Python.framework/Versions/3.13/lib/python3.13/asyncio/base_events.py", line 1039, in _connect_sock
    await self.sock_connect(sock, address)
  File "/opt/homebrew/Cellar/python@3.13/3.13.1/Frameworks/Python.framework/Versions/3.13/lib/python3.13/asyncio/selector_events.py", line 641, in sock_connect
    return await fut
           ^^^^^^^^^
  File "/opt/homebrew/Cellar/python@3.13/3.13.1/Frameworks/Python.framework/Versions/3.13/lib/python3.13/asyncio/selector_events.py", line 681, in _sock_connect_cb
    raise OSError(err, f'Connect call failed {address}')
ConnectionRefusedError: [Errno 61] Connect call failed ('127.0.0.1', 7496)
[2025-10-02 20:20:04 UTC] === US-PRECLOSE REFRESH (v1) START ===
[2025-10-02 20:20:04 UTC] ticker_mapping.csv present → /Users/Finance/QuantETFUS_small/config/ticker_mapping.csv
[2025-10-02 20:20:04 UTC] s06_full_30min_historical → s06_full_30min_historical.py --client_id 57 --years 10 --sheet signalsUSD --excel /Users/Finance/QuantShared/ETF_list.xlsx
account updates for U12796496 request timed out
[IB] Connecting 127.0.0.1:7496 (clientId=57) …
Traceback (most recent call last):
  File "/opt/homebrew/Cellar/python@3.13/3.13.1/Frameworks/Python.framework/Versions/3.13/lib/python3.13/asyncio/tasks.py", line 507, in wait_for
    return await fut
           ^^^^^^^^^
asyncio.exceptions.CancelledError

The above exception was the direct cause of the following exception:

Traceback (most recent call last):
  File "/Users/Finance/QuantETFUS_small/scripts/s06_full_30min_historical.py", line 264, in <module>
    main()
    ~~~~^^
  File "/Users/Finance/QuantETFUS_small/scripts/s06_full_30min_historical.py", line 219, in main
    ib.connect(args.host, args.port, clientId=args.client_id, readonly=True)
    ~~~~~~~~~~^^^^^^^^^^^^^^^^^^^^^^^^^^^^^^^^^^^^^^^^^^^^^^^^^^^^^^^^^^^^^^
  File "/Users/Finance/QuantETFUS_small/venv/lib/python3.13/site-packages/ib_insync/ib.py", line 279, in connect
    return self._run(self.connectAsync(
           ~~~~~~~~~^^^^^^^^^^^^^^^^^^^
        host, port, clientId, timeout, readonly, account))
        ^^^^^^^^^^^^^^^^^^^^^^^^^^^^^^^^^^^^^^^^^^^^^^^^^^
  File "/Users/Finance/QuantETFUS_small/venv/lib/python3.13/site-packages/ib_insync/ib.py", line 318, in _run
    return util.run(*awaitables, timeout=self.RequestTimeout)
           ~~~~~~~~^^^^^^^^^^^^^^^^^^^^^^^^^^^^^^^^^^^^^^^^^^
  File "/Users/Finance/QuantETFUS_small/venv/lib/python3.13/site-packages/ib_insync/util.py", line 341, in run
    result = loop.run_until_complete(task)
  File "/opt/homebrew/Cellar/python@3.13/3.13.1/Frameworks/Python.framework/Versions/3.13/lib/python3.13/asyncio/base_events.py", line 720, in run_until_complete
    return future.result()
           ~~~~~~~~~~~~~^^
  File "/Users/Finance/QuantETFUS_small/venv/lib/python3.13/site-packages/ib_insync/ib.py", line 1782, in connectAsync
    await asyncio.wait_for(self.reqExecutionsAsync(), timeout)
  File "/opt/homebrew/Cellar/python@3.13/3.13.1/Frameworks/Python.framework/Versions/3.13/lib/python3.13/asyncio/tasks.py", line 506, in wait_for
    async with timeouts.timeout(timeout):
               ~~~~~~~~~~~~~~~~^^^^^^^^^
  File "/opt/homebrew/Cellar/python@3.13/3.13.1/Frameworks/Python.framework/Versions/3.13/lib/python3.13/asyncio/timeouts.py", line 116, in __aexit__
    raise TimeoutError from exc_val
TimeoutError
[2025-10-03 20:20:05 UTC] === US-PRECLOSE REFRESH (v1) START ===
[2025-10-03 20:20:05 UTC] ticker_mapping.csv present → /Users/Finance/QuantETFUS_small/config/ticker_mapping.csv
[2025-10-03 20:20:05 UTC] s06_full_30min_historical → s06_full_30min_historical.py --client_id 57 --years 10 --sheet signalsUSD --excel /Users/Finance/QuantShared/ETF_list.xlsx
account updates for U12796496 request timed out
[IB] Connecting 127.0.0.1:7496 (clientId=57) …
Traceback (most recent call last):
  File "/opt/homebrew/Cellar/python@3.13/3.13.1/Frameworks/Python.framework/Versions/3.13/lib/python3.13/asyncio/tasks.py", line 507, in wait_for
    return await fut
           ^^^^^^^^^
asyncio.exceptions.CancelledError

The above exception was the direct cause of the following exception:

Traceback (most recent call last):
  File "/Users/Finance/QuantETFUS_small/scripts/s06_full_30min_historical.py", line 264, in <module>
    main()
    ~~~~^^
  File "/Users/Finance/QuantETFUS_small/scripts/s06_full_30min_historical.py", line 219, in main
    ib.connect(args.host, args.port, clientId=args.client_id, readonly=True)
    ~~~~~~~~~~^^^^^^^^^^^^^^^^^^^^^^^^^^^^^^^^^^^^^^^^^^^^^^^^^^^^^^^^^^^^^^
  File "/Users/Finance/QuantETFUS_small/venv/lib/python3.13/site-packages/ib_insync/ib.py", line 279, in connect
    return self._run(self.connectAsync(
           ~~~~~~~~~^^^^^^^^^^^^^^^^^^^
        host, port, clientId, timeout, readonly, account))
        ^^^^^^^^^^^^^^^^^^^^^^^^^^^^^^^^^^^^^^^^^^^^^^^^^^
  File "/Users/Finance/QuantETFUS_small/venv/lib/python3.13/site-packages/ib_insync/ib.py", line 318, in _run
    return util.run(*awaitables, timeout=self.RequestTimeout)
           ~~~~~~~~^^^^^^^^^^^^^^^^^^^^^^^^^^^^^^^^^^^^^^^^^^
  File "/Users/Finance/QuantETFUS_small/venv/lib/python3.13/site-packages/ib_insync/util.py", line 341, in run
    result = loop.run_until_complete(task)
  File "/opt/homebrew/Cellar/python@3.13/3.13.1/Frameworks/Python.framework/Versions/3.13/lib/python3.13/asyncio/base_events.py", line 720, in run_until_complete
    return future.result()
           ~~~~~~~~~~~~~^^
  File "/Users/Finance/QuantETFUS_small/venv/lib/python3.13/site-packages/ib_insync/ib.py", line 1782, in connectAsync
    await asyncio.wait_for(self.reqExecutionsAsync(), timeout)
  File "/opt/homebrew/Cellar/python@3.13/3.13.1/Frameworks/Python.framework/Versions/3.13/lib/python3.13/asyncio/tasks.py", line 506, in wait_for
    async with timeouts.timeout(timeout):
               ~~~~~~~~~~~~~~~~^^^^^^^^^
  File "/opt/homebrew/Cellar/python@3.13/3.13.1/Frameworks/Python.framework/Versions/3.13/lib/python3.13/asyncio/timeouts.py", line 116, in __aexit__
    raise TimeoutError from exc_val
TimeoutError
[2025-10-04 20:20:04 UTC] === US-PRECLOSE REFRESH (v1) START ===
[2025-10-04 20:20:04 UTC] ticker_mapping.csv present → /Users/Finance/QuantETFUS_small/config/ticker_mapping.csv
[2025-10-04 20:20:05 UTC] s06_full_30min_historical → s06_full_30min_historical.py --client_id 57 --years 10 --sheet signalsUSD --excel /Users/Finance/QuantShared/ETF_list.xlsx
API connection failed: ConnectionRefusedError(61, "Connect call failed ('127.0.0.1', 7496)")
Make sure API port on TWS/IBG is open
[IB] Connecting 127.0.0.1:7496 (clientId=57) …
Traceback (most recent call last):
  File "/Users/Finance/QuantETFUS_small/scripts/s06_full_30min_historical.py", line 264, in <module>
    main()
    ~~~~^^
  File "/Users/Finance/QuantETFUS_small/scripts/s06_full_30min_historical.py", line 219, in main
    ib.connect(args.host, args.port, clientId=args.client_id, readonly=True)
    ~~~~~~~~~~^^^^^^^^^^^^^^^^^^^^^^^^^^^^^^^^^^^^^^^^^^^^^^^^^^^^^^^^^^^^^^
  File "/Users/Finance/QuantETFUS_small/venv/lib/python3.13/site-packages/ib_insync/ib.py", line 279, in connect
    return self._run(self.connectAsync(
           ~~~~~~~~~^^^^^^^^^^^^^^^^^^^
        host, port, clientId, timeout, readonly, account))
        ^^^^^^^^^^^^^^^^^^^^^^^^^^^^^^^^^^^^^^^^^^^^^^^^^^
  File "/Users/Finance/QuantETFUS_small/venv/lib/python3.13/site-packages/ib_insync/ib.py", line 318, in _run
    return util.run(*awaitables, timeout=self.RequestTimeout)
           ~~~~~~~~^^^^^^^^^^^^^^^^^^^^^^^^^^^^^^^^^^^^^^^^^^
  File "/Users/Finance/QuantETFUS_small/venv/lib/python3.13/site-packages/ib_insync/util.py", line 341, in run
    result = loop.run_until_complete(task)
  File "/opt/homebrew/Cellar/python@3.13/3.13.1/Frameworks/Python.framework/Versions/3.13/lib/python3.13/asyncio/base_events.py", line 720, in run_until_complete
    return future.result()
           ~~~~~~~~~~~~~^^
  File "/Users/Finance/QuantETFUS_small/venv/lib/python3.13/site-packages/ib_insync/ib.py", line 1748, in connectAsync
    await self.client.connectAsync(host, port, clientId, timeout)
  File "/Users/Finance/QuantETFUS_small/venv/lib/python3.13/site-packages/ib_insync/client.py", line 211, in connectAsync
    await asyncio.wait_for(self.conn.connectAsync(host, port), timeout)
  File "/opt/homebrew/Cellar/python@3.13/3.13.1/Frameworks/Python.framework/Versions/3.13/lib/python3.13/asyncio/tasks.py", line 507, in wait_for
    return await fut
           ^^^^^^^^^
  File "/Users/Finance/QuantETFUS_small/venv/lib/python3.13/site-packages/ib_insync/connection.py", line 39, in connectAsync
    self.transport, _ = await loop.create_connection(
                        ^^^^^^^^^^^^^^^^^^^^^^^^^^^^^
        lambda: self, host, port)
        ^^^^^^^^^^^^^^^^^^^^^^^^^
  File "/opt/homebrew/Cellar/python@3.13/3.13.1/Frameworks/Python.framework/Versions/3.13/lib/python3.13/asyncio/base_events.py", line 1161, in create_connection
    raise exceptions[0]
  File "/opt/homebrew/Cellar/python@3.13/3.13.1/Frameworks/Python.framework/Versions/3.13/lib/python3.13/asyncio/base_events.py", line 1136, in create_connection
    sock = await self._connect_sock(
           ^^^^^^^^^^^^^^^^^^^^^^^^^
        exceptions, addrinfo, laddr_infos)
        ^^^^^^^^^^^^^^^^^^^^^^^^^^^^^^^^^^
  File "/opt/homebrew/Cellar/python@3.13/3.13.1/Frameworks/Python.framework/Versions/3.13/lib/python3.13/asyncio/base_events.py", line 1039, in _connect_sock
    await self.sock_connect(sock, address)
  File "/opt/homebrew/Cellar/python@3.13/3.13.1/Frameworks/Python.framework/Versions/3.13/lib/python3.13/asyncio/selector_events.py", line 641, in sock_connect
    return await fut
           ^^^^^^^^^
  File "/opt/homebrew/Cellar/python@3.13/3.13.1/Frameworks/Python.framework/Versions/3.13/lib/python3.13/asyncio/selector_events.py", line 681, in _sock_connect_cb
    raise OSError(err, f'Connect call failed {address}')
ConnectionRefusedError: [Errno 61] Connect call failed ('127.0.0.1', 7496)
[2025-10-05 20:20:04 UTC] === US-PRECLOSE REFRESH (v1) START ===
[2025-10-05 20:20:04 UTC] ticker_mapping.csv present → /Users/Finance/QuantETFUS_small/config/ticker_mapping.csv
[2025-10-05 20:20:04 UTC] s06_full_30min_historical → s06_full_30min_historical.py --client_id 57 --years 10 --sheet signalsUSD --excel /Users/Finance/QuantShared/ETF_list.xlsx
API connection failed: ConnectionRefusedError(61, "Connect call failed ('127.0.0.1', 7496)")
Make sure API port on TWS/IBG is open
[IB] Connecting 127.0.0.1:7496 (clientId=57) …
Traceback (most recent call last):
  File "/Users/Finance/QuantETFUS_small/scripts/s06_full_30min_historical.py", line 264, in <module>
    main()
    ~~~~^^
  File "/Users/Finance/QuantETFUS_small/scripts/s06_full_30min_historical.py", line 219, in main
    ib.connect(args.host, args.port, clientId=args.client_id, readonly=True)
    ~~~~~~~~~~^^^^^^^^^^^^^^^^^^^^^^^^^^^^^^^^^^^^^^^^^^^^^^^^^^^^^^^^^^^^^^
  File "/Users/Finance/QuantETFUS_small/venv/lib/python3.13/site-packages/ib_insync/ib.py", line 279, in connect
    return self._run(self.connectAsync(
           ~~~~~~~~~^^^^^^^^^^^^^^^^^^^
        host, port, clientId, timeout, readonly, account))
        ^^^^^^^^^^^^^^^^^^^^^^^^^^^^^^^^^^^^^^^^^^^^^^^^^^
  File "/Users/Finance/QuantETFUS_small/venv/lib/python3.13/site-packages/ib_insync/ib.py", line 318, in _run
    return util.run(*awaitables, timeout=self.RequestTimeout)
           ~~~~~~~~^^^^^^^^^^^^^^^^^^^^^^^^^^^^^^^^^^^^^^^^^^
  File "/Users/Finance/QuantETFUS_small/venv/lib/python3.13/site-packages/ib_insync/util.py", line 341, in run
    result = loop.run_until_complete(task)
  File "/opt/homebrew/Cellar/python@3.13/3.13.1/Frameworks/Python.framework/Versions/3.13/lib/python3.13/asyncio/base_events.py", line 720, in run_until_complete
    return future.result()
           ~~~~~~~~~~~~~^^
  File "/Users/Finance/QuantETFUS_small/venv/lib/python3.13/site-packages/ib_insync/ib.py", line 1748, in connectAsync
    await self.client.connectAsync(host, port, clientId, timeout)
  File "/Users/Finance/QuantETFUS_small/venv/lib/python3.13/site-packages/ib_insync/client.py", line 211, in connectAsync
    await asyncio.wait_for(self.conn.connectAsync(host, port), timeout)
  File "/opt/homebrew/Cellar/python@3.13/3.13.1/Frameworks/Python.framework/Versions/3.13/lib/python3.13/asyncio/tasks.py", line 507, in wait_for
    return await fut
           ^^^^^^^^^
  File "/Users/Finance/QuantETFUS_small/venv/lib/python3.13/site-packages/ib_insync/connection.py", line 39, in connectAsync
    self.transport, _ = await loop.create_connection(
                        ^^^^^^^^^^^^^^^^^^^^^^^^^^^^^
        lambda: self, host, port)
        ^^^^^^^^^^^^^^^^^^^^^^^^^
  File "/opt/homebrew/Cellar/python@3.13/3.13.1/Frameworks/Python.framework/Versions/3.13/lib/python3.13/asyncio/base_events.py", line 1161, in create_connection
    raise exceptions[0]
  File "/opt/homebrew/Cellar/python@3.13/3.13.1/Frameworks/Python.framework/Versions/3.13/lib/python3.13/asyncio/base_events.py", line 1136, in create_connection
    sock = await self._connect_sock(
           ^^^^^^^^^^^^^^^^^^^^^^^^^
        exceptions, addrinfo, laddr_infos)
        ^^^^^^^^^^^^^^^^^^^^^^^^^^^^^^^^^^
  File "/opt/homebrew/Cellar/python@3.13/3.13.1/Frameworks/Python.framework/Versions/3.13/lib/python3.13/asyncio/base_events.py", line 1039, in _connect_sock
    await self.sock_connect(sock, address)
  File "/opt/homebrew/Cellar/python@3.13/3.13.1/Frameworks/Python.framework/Versions/3.13/lib/python3.13/asyncio/selector_events.py", line 641, in sock_connect
    return await fut
           ^^^^^^^^^
  File "/opt/homebrew/Cellar/python@3.13/3.13.1/Frameworks/Python.framework/Versions/3.13/lib/python3.13/asyncio/selector_events.py", line 681, in _sock_connect_cb
    raise OSError(err, f'Connect call failed {address}')
ConnectionRefusedError: [Errno 61] Connect call failed ('127.0.0.1', 7496)
[2025-10-06 08:29:31 UTC] === US-PRECLOSE REFRESH (v1) START ===
[2025-10-06 08:29:31 UTC] ticker_mapping.csv present → /Users/Finance/QuantETFUS_small/config/ticker_mapping.csv
[2025-10-06 08:29:31 UTC] s06_full_30min_historical → s06_full_30min_historical.py --client_id 57 --years 10 --sheet signalsUSD --excel /Users/Finance/QuantShared/ETF_list.xlsx
API connection failed: ConnectionRefusedError(61, "Connect call failed ('127.0.0.1', 7496)")
Make sure API port on TWS/IBG is open
[IB] Connecting 127.0.0.1:7496 (clientId=57) …
Traceback (most recent call last):
  File "/Users/Finance/QuantETFUS_small/scripts/s06_full_30min_historical.py", line 264, in <module>
    main()
    ~~~~^^
  File "/Users/Finance/QuantETFUS_small/scripts/s06_full_30min_historical.py", line 219, in main
    ib.connect(args.host, args.port, clientId=args.client_id, readonly=True)
    ~~~~~~~~~~^^^^^^^^^^^^^^^^^^^^^^^^^^^^^^^^^^^^^^^^^^^^^^^^^^^^^^^^^^^^^^
  File "/Users/Finance/QuantETFUS_small/venv/lib/python3.13/site-packages/ib_insync/ib.py", line 279, in connect
    return self._run(self.connectAsync(
           ~~~~~~~~~^^^^^^^^^^^^^^^^^^^
        host, port, clientId, timeout, readonly, account))
        ^^^^^^^^^^^^^^^^^^^^^^^^^^^^^^^^^^^^^^^^^^^^^^^^^^
  File "/Users/Finance/QuantETFUS_small/venv/lib/python3.13/site-packages/ib_insync/ib.py", line 318, in _run
    return util.run(*awaitables, timeout=self.RequestTimeout)
           ~~~~~~~~^^^^^^^^^^^^^^^^^^^^^^^^^^^^^^^^^^^^^^^^^^
  File "/Users/Finance/QuantETFUS_small/venv/lib/python3.13/site-packages/ib_insync/util.py", line 341, in run
    result = loop.run_until_complete(task)
  File "/opt/homebrew/Cellar/python@3.13/3.13.1/Frameworks/Python.framework/Versions/3.13/lib/python3.13/asyncio/base_events.py", line 720, in run_until_complete
    return future.result()
           ~~~~~~~~~~~~~^^
  File "/Users/Finance/QuantETFUS_small/venv/lib/python3.13/site-packages/ib_insync/ib.py", line 1748, in connectAsync
    await self.client.connectAsync(host, port, clientId, timeout)
  File "/Users/Finance/QuantETFUS_small/venv/lib/python3.13/site-packages/ib_insync/client.py", line 211, in connectAsync
    await asyncio.wait_for(self.conn.connectAsync(host, port), timeout)
  File "/opt/homebrew/Cellar/python@3.13/3.13.1/Frameworks/Python.framework/Versions/3.13/lib/python3.13/asyncio/tasks.py", line 507, in wait_for
    return await fut
           ^^^^^^^^^
  File "/Users/Finance/QuantETFUS_small/venv/lib/python3.13/site-packages/ib_insync/connection.py", line 39, in connectAsync
    self.transport, _ = await loop.create_connection(
                        ^^^^^^^^^^^^^^^^^^^^^^^^^^^^^
        lambda: self, host, port)
        ^^^^^^^^^^^^^^^^^^^^^^^^^
  File "/opt/homebrew/Cellar/python@3.13/3.13.1/Frameworks/Python.framework/Versions/3.13/lib/python3.13/asyncio/base_events.py", line 1161, in create_connection
    raise exceptions[0]
  File "/opt/homebrew/Cellar/python@3.13/3.13.1/Frameworks/Python.framework/Versions/3.13/lib/python3.13/asyncio/base_events.py", line 1136, in create_connection
    sock = await self._connect_sock(
           ^^^^^^^^^^^^^^^^^^^^^^^^^
        exceptions, addrinfo, laddr_infos)
        ^^^^^^^^^^^^^^^^^^^^^^^^^^^^^^^^^^
  File "/opt/homebrew/Cellar/python@3.13/3.13.1/Frameworks/Python.framework/Versions/3.13/lib/python3.13/asyncio/base_events.py", line 1039, in _connect_sock
    await self.sock_connect(sock, address)
  File "/opt/homebrew/Cellar/python@3.13/3.13.1/Frameworks/Python.framework/Versions/3.13/lib/python3.13/asyncio/selector_events.py", line 641, in sock_connect
    return await fut
           ^^^^^^^^^
  File "/opt/homebrew/Cellar/python@3.13/3.13.1/Frameworks/Python.framework/Versions/3.13/lib/python3.13/asyncio/selector_events.py", line 681, in _sock_connect_cb
    raise OSError(err, f'Connect call failed {address}')
ConnectionRefusedError: [Errno 61] Connect call failed ('127.0.0.1', 7496)
