[2025-09-09 16:41:54 UTC] === US-OPEN REFRESH (v1) START ===
[2025-09-09 16:41:54 UTC] s10_ibkr_download_daily → s10_ibkr_download_daily.py
[INFO] Excel=/Users/Finance/QuantShared/ETF_list.xlsx | sheet=signalsUSD | out=/Users/Finance/QuantShared/data_raw_ETF_US/daily
[IB] Connecting 127.0.0.1:7496 (clientId=60) …
[2025-09-09 16:41:58 UTC] [ERR] /Users/Finance/QuantETFUS_small/scripts/us_open_v1.sh failed at line 96
[2025-09-09 16:57:06 UTC] === US-OPEN REFRESH (v1) START ===
[2025-09-09 16:57:07 UTC] s10_ibkr_download_daily → s10_ibkr_download_daily.py --client-id 87
[INFO] Excel=/Users/Finance/QuantShared/ETF_list.xlsx | sheet=signalsUSD | out=/Users/Finance/QuantShared/data_raw_ETF_US/daily
[2025-09-09 16:57:07 UTC] [ERR] /Users/Finance/QuantETFUS_small/scripts/us_open_v1.sh failed at line 96
[2025-09-10 14:45:05 UTC] === US-OPEN REFRESH (v1) START ===
[2025-09-10 14:45:05 UTC] s10_ibkr_download_daily → s10_ibkr_download_daily.py --client_id 87
[INFO] Excel=/Users/Finance/QuantShared/ETF_list.xlsx | sheet=signalsUSD | out=/Users/Finance/QuantShared/data_raw_ETF_US/daily
[IB] Connecting 127.0.0.1:7496 (clientId=87) …
[IB] Connected.
[1/32] BATT: +0 rows → /Users/Finance/QuantShared/data_raw_ETF_US/daily/BATT_daily_raw.csv
[2/32] COPX: +0 rows → /Users/Finance/QuantShared/data_raw_ETF_US/daily/COPX_daily_raw.csv
[3/32] DGTL: +0 rows → /Users/Finance/QuantShared/data_raw_ETF_US/daily/DGTL_daily_raw.csv
[4/32] GDX: +0 rows → /Users/Finance/QuantShared/data_raw_ETF_US/daily/GDX_daily_raw.csv
[5/32] GDXJ: +0 rows → /Users/Finance/QuantShared/data_raw_ETF_US/daily/GDXJ_daily_raw.csv
[6/32] IOGP: +0 rows → /Users/Finance/QuantShared/data_raw_ETF_US/daily/IOGP_daily_raw.csv
[7/32] ISAC: +0 rows → /Users/Finance/QuantShared/data_raw_ETF_US/daily/ISAC_daily_raw.csv
[8/32] ISUN: +0 rows → /Users/Finance/QuantShared/data_raw_ETF_US/daily/ISUN_daily_raw.csv
[9/32] IUCM: +0 rows → /Users/Finance/QuantShared/data_raw_ETF_US/daily/IUCM_daily_raw.csv
[10/32] IUCS: +0 rows → /Users/Finance/QuantShared/data_raw_ETF_US/daily/IUCS_daily_raw.csv
[11/32] IUES: +0 rows → /Users/Finance/QuantShared/data_raw_ETF_US/daily/IUES_daily_raw.csv
[12/32] IUFS: +0 rows → /Users/Finance/QuantShared/data_raw_ETF_US/daily/IUFS_daily_raw.csv
[13/32] IUHC: +0 rows → /Users/Finance/QuantShared/data_raw_ETF_US/daily/IUHC_daily_raw.csv
[14/32] IUIT: +0 rows → /Users/Finance/QuantShared/data_raw_ETF_US/daily/IUIT_daily_raw.csv
[15/32] IUUS: +0 rows → /Users/Finance/QuantShared/data_raw_ETF_US/daily/IUUS_daily_raw.csv
[16/32] IWDA: +0 rows → /Users/Finance/QuantShared/data_raw_ETF_US/daily/IWDA_daily_raw.csv
[17/32] PHAG: +0 rows → /Users/Finance/QuantShared/data_raw_ETF_US/daily/PHAG_daily_raw.csv
[18/32] RBOT: +0 rows → /Users/Finance/QuantShared/data_raw_ETF_US/daily/RBOT_daily_raw.csv
[19/32] RENW: +0 rows → /Users/Finance/QuantShared/data_raw_ETF_US/daily/RENW_daily_raw.csv
[20/32] SBIO: +0 rows → /Users/Finance/QuantShared/data_raw_ETF_US/daily/SBIO_daily_raw.csv
[21/32] SMH: +0 rows → /Users/Finance/QuantShared/data_raw_ETF_US/daily/SMH_daily_raw.csv
[22/32] SGLD: +0 rows → /Users/Finance/QuantShared/data_raw_ETF_US/daily/SGLD_daily_raw.csv
[23/32] SILV: +0 rows → /Users/Finance/QuantShared/data_raw_ETF_US/daily/SILV_daily_raw.csv
[24/32] URNJ: +0 rows → /Users/Finance/QuantShared/data_raw_ETF_US/daily/URNJ_daily_raw.csv
[25/32] URNM: +0 rows → /Users/Finance/QuantShared/data_raw_ETF_US/daily/URNM_daily_raw.csv
[26/32] USPY: +0 rows → /Users/Finance/QuantShared/data_raw_ETF_US/daily/USPY_daily_raw.csv
[27/32] VUAA: +0 rows → /Users/Finance/QuantShared/data_raw_ETF_US/daily/VUAA_daily_raw.csv
[28/32] XNAS: +0 rows → /Users/Finance/QuantShared/data_raw_ETF_US/daily/XNAS_daily_raw.csv
[29/32] XS2D: +0 rows → /Users/Finance/QuantShared/data_raw_ETF_US/daily/XS2D_daily_raw.csv
[30/32] XSPD: +0 rows → /Users/Finance/QuantShared/data_raw_ETF_US/daily/XSPD_daily_raw.csv
[31/32] XT2D: +0 rows → /Users/Finance/QuantShared/data_raw_ETF_US/daily/XT2D_daily_raw.csv
[32/32] AIGA: +0 rows → /Users/Finance/QuantShared/data_raw_ETF_US/daily/AIGA_daily_raw.csv
[DONE] s10_ibkr_download_daily (append-only, UTC) complete.
[2025-09-10 14:46:44 UTC] s12_ibkr_download_weekly → s12_ibkr_download_weekly.py
[INFO] Excel=/Users/Finance/QuantShared/ETF_list.xlsx | sheet=signalsUSD | outdir=/Users/Finance/QuantShared/data_raw_ETF_US/weekly
[INFO] Excel=/Users/Finance/QuantShared/ETF_list.xlsx | sheet=signalsUSD | outdir=/Users/Finance/QuantShared/data_raw_ETF_US/weekly
[IB] Connecting 127.0.0.1:7496 (clientId=62) …
[IB] Connected.
[1/32] BATT: +0 rows → /Users/Finance/QuantShared/data_raw_ETF_US/weekly/BATT_weekly_raw.csv
[2/32] COPX: +0 rows → /Users/Finance/QuantShared/data_raw_ETF_US/weekly/COPX_weekly_raw.csv
[3/32] DGTL: +0 rows → /Users/Finance/QuantShared/data_raw_ETF_US/weekly/DGTL_weekly_raw.csv
[4/32] GDX: +0 rows → /Users/Finance/QuantShared/data_raw_ETF_US/weekly/GDX_weekly_raw.csv
[5/32] GDXJ: +0 rows → /Users/Finance/QuantShared/data_raw_ETF_US/weekly/GDXJ_weekly_raw.csv
[6/32] IOGP: +0 rows → /Users/Finance/QuantShared/data_raw_ETF_US/weekly/IOGP_weekly_raw.csv
[7/32] ISAC: +0 rows → /Users/Finance/QuantShared/data_raw_ETF_US/weekly/ISAC_weekly_raw.csv
[8/32] ISUN: +0 rows → /Users/Finance/QuantShared/data_raw_ETF_US/weekly/ISUN_weekly_raw.csv
[9/32] IUCM: +0 rows → /Users/Finance/QuantShared/data_raw_ETF_US/weekly/IUCM_weekly_raw.csv
[10/32] IUCS: +0 rows → /Users/Finance/QuantShared/data_raw_ETF_US/weekly/IUCS_weekly_raw.csv
[11/32] IUES: +0 rows → /Users/Finance/QuantShared/data_raw_ETF_US/weekly/IUES_weekly_raw.csv
[12/32] IUFS: +0 rows → /Users/Finance/QuantShared/data_raw_ETF_US/weekly/IUFS_weekly_raw.csv
[13/32] IUHC: +0 rows → /Users/Finance/QuantShared/data_raw_ETF_US/weekly/IUHC_weekly_raw.csv
[14/32] IUIT: +0 rows → /Users/Finance/QuantShared/data_raw_ETF_US/weekly/IUIT_weekly_raw.csv
[15/32] IUUS: +0 rows → /Users/Finance/QuantShared/data_raw_ETF_US/weekly/IUUS_weekly_raw.csv
[16/32] IWDA: +0 rows → /Users/Finance/QuantShared/data_raw_ETF_US/weekly/IWDA_weekly_raw.csv
[17/32] PHAG: +0 rows → /Users/Finance/QuantShared/data_raw_ETF_US/weekly/PHAG_weekly_raw.csv
[18/32] RBOT: +0 rows → /Users/Finance/QuantShared/data_raw_ETF_US/weekly/RBOT_weekly_raw.csv
[19/32] RENW: +0 rows → /Users/Finance/QuantShared/data_raw_ETF_US/weekly/RENW_weekly_raw.csv
[20/32] SBIO: +0 rows → /Users/Finance/QuantShared/data_raw_ETF_US/weekly/SBIO_weekly_raw.csv
[21/32] SMH: +0 rows → /Users/Finance/QuantShared/data_raw_ETF_US/weekly/SMH_weekly_raw.csv
[22/32] SGLD: +0 rows → /Users/Finance/QuantShared/data_raw_ETF_US/weekly/SGLD_weekly_raw.csv
[23/32] SILV: +0 rows → /Users/Finance/QuantShared/data_raw_ETF_US/weekly/SILV_weekly_raw.csv
[24/32] URNJ: +0 rows → /Users/Finance/QuantShared/data_raw_ETF_US/weekly/URNJ_weekly_raw.csv
[25/32] URNM: +0 rows → /Users/Finance/QuantShared/data_raw_ETF_US/weekly/URNM_weekly_raw.csv
[26/32] USPY: +0 rows → /Users/Finance/QuantShared/data_raw_ETF_US/weekly/USPY_weekly_raw.csv
[27/32] VUAA: +0 rows → /Users/Finance/QuantShared/data_raw_ETF_US/weekly/VUAA_weekly_raw.csv
[28/32] XNAS: +0 rows → /Users/Finance/QuantShared/data_raw_ETF_US/weekly/XNAS_weekly_raw.csv
[29/32] XS2D: +0 rows → /Users/Finance/QuantShared/data_raw_ETF_US/weekly/XS2D_weekly_raw.csv
[30/32] XSPD: +0 rows → /Users/Finance/QuantShared/data_raw_ETF_US/weekly/XSPD_weekly_raw.csv
[31/32] XT2D: +0 rows → /Users/Finance/QuantShared/data_raw_ETF_US/weekly/XT2D_weekly_raw.csv
[32/32] AIGA: +0 rows → /Users/Finance/QuantShared/data_raw_ETF_US/weekly/AIGA_weekly_raw.csv
[DONE] s12_ibkr_download_weekly complete.
[2025-09-10 14:47:02 UTC] s13_market_trends_update → s13_market_trends_update.py
[INFO] Using list: /Users/Finance/QuantShared/ETF_list.xlsx | sheet=market_trends | tickers=66
[IB] Connecting 127.0.0.1:7496 (clientId=63) …
[IB] Connected.
CEW_DXY_ratio_TV_daily.csv: skip (ratio/composite)
CEW [STK/TRADES]: +0 rows → CEW_TV_daily.csv
DBC_SPY_ratio_TV_daily.csv: skip (ratio/composite)
DBC_TLT_ratio_TV_daily.csv: skip (ratio/composite)
DBC [STK/TRADES]: +0 rows → DBC_TV_daily.csv
DIA_QQQ_ratio_TV_daily.csv: skip (ratio/composite)
DIA [STK/TRADES]: +0 rows → DIA_TV_daily.csv
DXY_TV_daily.csv: skip (ticker not in ETF_list.xlsx → market_trends)
EEM_SPY_ratio_TV_daily.csv: skip (ratio/composite)
EEM [STK/TRADES]: +0 rows → EEM_TV_daily.csv
EFA_SPY_ratio_TV_daily.csv: skip (ratio/composite)
EFA [STK/TRADES]: +0 rows → EFA_TV_daily.csv
FEZ_SPY_ratio_TV_daily.csv: skip (ratio/composite)
FEZ [STK/TRADES]: +0 rows → FEZ_TV_daily.csv
GDX [STK/TRADES]: +0 rows → GDX_TV_daily.csv
GLD_SPY_ratio_TV_daily.csv: skip (ratio/composite)
GLD_TLT_ratio_TV_daily.csv: skip (ratio/composite)
GLD [STK/TRADES]: +0 rows → GLD_TV_daily.csv
HYG_IEI_ratio_TV_daily.csv: skip (ratio/composite)
HYG_LQD_ratio_TV_daily.csv: skip (ratio/composite)
HYG_TLT_ratio_TV_daily.csv: skip (ratio/composite)
HYG [STK/TRADES]: +0 rows → HYG_TV_daily.csv
IEI [STK/TRADES]: +0 rows → IEI_TV_daily.csv
IWC [STK/TRADES]: +0 rows → IWC_TV_daily.csv
IWM [STK/TRADES]: +0 rows → IWM_TV_daily.csv
JNK_LQD_ratio_TV_daily.csv: skip (ratio/composite)
JNK [STK/TRADES]: +0 rows → JNK_TV_daily.csv
KRE [STK/TRADES]: +0 rows → KRE_TV_daily.csv
LQD_TLT_ratio_TV_daily.csv: skip (ratio/composite)
LQD [STK/TRADES]: +0 rows → LQD_TV_daily.csv
PC_TV_daily.csv: skip (ticker not in ETF_list.xlsx → market_trends)
QQQ_IWM_ratio_TV_daily.csv: skip (ratio/composite)
QQQ_SPY_ratio_TV_daily.csv: skip (ratio/composite)
QQQ_TLT_ratio_TV_daily.csv: skip (ratio/composite)
QQQ [STK/TRADES]: +0 rows → QQQ_TV_daily.csv
RSP_QQQ_ratio_TV_daily.csv: skip (ratio/composite)
RSP_SPY_ratio_TV_daily.csv: skip (ratio/composite)
RSP [STK/TRADES]: +0 rows → RSP_TV_daily.csv
SLV [STK/TRADES]: +0 rows → SLV_TV_daily.csv
SPHB_SPY_ratio_TV_daily.csv: skip (ratio/composite)
SPHB [STK/TRADES]: +0 rows → SPHB_TV_daily.csv
SPYD [STK/TRADES]: +0 rows → SPYD_TV_daily.csv
SPY_TLT_ratio_TV_daily.csv: skip (ratio/composite)
SPY [STK/TRADES]: +0 rows → SPY_TV_daily.csv
TLT [STK/TRADES]: +0 rows → TLT_TV_daily.csv
VIX3M [IND/TRADES]: +0 rows → VIX3M_TV_daily.csv
VIX9D [IND/TRADES]: +0 rows → VIX9D_TV_daily.csv
VIX [IND/TRADES]: +0 rows → VIX_TV_daily.csv
VVIX [IND/TRADES]: +0 rows → VVIX_TV_daily.csv
XHB [STK/TRADES]: +0 rows → XHB_TV_daily.csv
XLB [STK/TRADES]: +0 rows → XLB_TV_daily.csv
XLC [STK/TRADES]: +0 rows → XLC_TV_daily.csv
XLE [STK/TRADES]: +0 rows → XLE_TV_daily.csv
XLF [STK/TRADES]: +0 rows → XLF_TV_daily.csv
XLI [STK/TRADES]: +0 rows → XLI_TV_daily.csv
XLK [STK/TRADES]: +0 rows → XLK_TV_daily.csv
XLP_SPY_ratio_TV_daily.csv: skip (ratio/composite)
XLP [STK/TRADES]: +0 rows → XLP_TV_daily.csv
XLRE [STK/TRADES]: +0 rows → XLRE_TV_daily.csv
XLU_SPY_ratio_TV_daily.csv: skip (ratio/composite)
XLU [STK/TRADES]: +0 rows → XLU_TV_daily.csv
XLU_XLV_XLP_composite_TV_daily.csv: skip (ratio/composite)
XLV [STK/TRADES]: +0 rows → XLV_TV_daily.csv
XLY [STK/TRADES]: +0 rows → XLY_TV_daily.csv
XLY_XLP_ratio_TV_daily.csv: skip (ratio/composite)
[IB] Disconnected.
[RATIO] DBC/SPY: rows=2524 → DBC_SPY_ratio_TV_daily.csv
[RATIO] DBC/TLT: rows=2524 → DBC_TLT_ratio_TV_daily.csv
[RATIO] DIA/QQQ: rows=2524 → DIA_QQQ_ratio_TV_daily.csv
[RATIO] EEM/SPY: rows=2525 → EEM_SPY_ratio_TV_daily.csv
[RATIO] EFA/SPY: rows=2525 → EFA_SPY_ratio_TV_daily.csv
[RATIO] FEZ/SPY: rows=2525 → FEZ_SPY_ratio_TV_daily.csv
[RATIO] GLD/SPY: rows=5235 → GLD_SPY_ratio_TV_daily.csv
[RATIO] GLD/TLT: rows=5235 → GLD_TLT_ratio_TV_daily.csv
[RATIO] HYG/IEI: rows=2037 → HYG_IEI_ratio_TV_daily.csv
[RATIO] JNK/LQD: rows=2524 → JNK_LQD_ratio_TV_daily.csv
[RATIO] QQQ/IWM: rows=2524 → QQQ_IWM_ratio_TV_daily.csv
[RATIO] QQQ/SPY: rows=2524 → QQQ_SPY_ratio_TV_daily.csv
[RATIO] SPHB/SPY: rows=2524 → SPHB_SPY_ratio_TV_daily.csv
[RATIO] XLP/SPY: rows=6720 → XLP_SPY_ratio_TV_daily.csv
[RATIO] XLY/XLP: rows=6720 → XLY_XLP_ratio_TV_daily.csv
[RATIO] HYG/TLT: rows=4635 → HYG_TLT_ratio_TV_daily.csv
[RATIO MISS] Missing input: /Users/Finance/QuantShared/market_trends/EMB_TV_daily.csv
[RATIO] LQD/TLT: rows=2525 → LQD_TLT_ratio_TV_daily.csv
[RATIO] RSP/SPY: rows=5628 → RSP_SPY_ratio_TV_daily.csv
[RATIO] RSP/QQQ: rows=2524 → RSP_QQQ_ratio_TV_daily.csv
[RATIO] SPY/TLT: rows=5819 → SPY_TLT_ratio_TV_daily.csv
[RATIO] QQQ/TLT: rows=2524 → QQQ_TLT_ratio_TV_daily.csv
[RATIO MISS] Missing input: /Users/Finance/QuantShared/market_trends/UUP_TV_daily.csv
[COMP ] XLU_XLV_XLP_composite: rows=6720 → XLU_XLV_XLP_composite_TV_daily.csv
[DONE] s13_market_trends_update complete.
[2025-09-10 14:48:22 UTC] s14_forex_update → s14_forex_update.py
[IB] Connecting 127.0.0.1:7496 (clientId=64) …
[IB] Connected.
[OK] USDEUR: +0 rows → /Users/Finance/QuantShared/forex/USDEUR_daily.csv
[IB] Disconnected.
[2025-09-10 14:48:23 UTC] s20_make_master_daily → s20_make_master_daily.py
[s20] ROOT=/Users/Finance
[s20] DATA_RAW(project)=/Users/Finance/data_raw
[s20] SHARED_BASE=/Users/Finance/QuantShared/data_raw_ETF_US
[s20] TT daily dir (read)=/Users/Finance/QuantShared/data_raw_ETF_US/daily
[s20] ETF list=/Users/Finance/QuantShared/ETF_list.xlsx (sheet=US_small)
[OK] Wrote /Users/Finance/data_raw/etf_prices_daily_master.csv | rows=63,211 | tickers=32
[2025-09-10 14:48:23 UTC] s30_enrich_to_parquet → s30_enrich_to_parquet.py
[2025-09-10 14:48:23 UTC] [ERR] /Users/Finance/QuantETFUS_small/scripts/us_open_v1.sh failed at line 123
[2025-09-11 14:45:02 UTC] === US-OPEN REFRESH (v1) START ===
[2025-09-11 14:45:02 UTC] s10_ibkr_download_daily → s10_ibkr_download_daily.py --client_id 87
[INFO] Excel=/Users/Finance/QuantShared/ETF_list.xlsx | sheet=signalsUSD | out=/Users/Finance/QuantShared/data_raw_ETF_US/daily
[IB] Connecting 127.0.0.1:7496 (clientId=87) …
[IB] Connected.
[1/35] BATT: +0 rows → /Users/Finance/QuantShared/data_raw_ETF_US/daily/BATT_daily_raw.csv
[2/35] COPX: +0 rows → /Users/Finance/QuantShared/data_raw_ETF_US/daily/COPX_daily_raw.csv
[3/35] DGTL: +0 rows → /Users/Finance/QuantShared/data_raw_ETF_US/daily/DGTL_daily_raw.csv
[4/35] GDX: +0 rows → /Users/Finance/QuantShared/data_raw_ETF_US/daily/GDX_daily_raw.csv
[5/35] GDXJ: +0 rows → /Users/Finance/QuantShared/data_raw_ETF_US/daily/GDXJ_daily_raw.csv
[6/35] IOGP: +0 rows → /Users/Finance/QuantShared/data_raw_ETF_US/daily/IOGP_daily_raw.csv
[7/35] ISAC: +0 rows → /Users/Finance/QuantShared/data_raw_ETF_US/daily/ISAC_daily_raw.csv
[8/35] ISUN: +0 rows → /Users/Finance/QuantShared/data_raw_ETF_US/daily/ISUN_daily_raw.csv
[9/35] IUCM: +0 rows → /Users/Finance/QuantShared/data_raw_ETF_US/daily/IUCM_daily_raw.csv
[10/35] IUCS: +0 rows → /Users/Finance/QuantShared/data_raw_ETF_US/daily/IUCS_daily_raw.csv
[11/35] IUES: +0 rows → /Users/Finance/QuantShared/data_raw_ETF_US/daily/IUES_daily_raw.csv
[12/35] IUFS: +0 rows → /Users/Finance/QuantShared/data_raw_ETF_US/daily/IUFS_daily_raw.csv
[13/35] IUHC: +0 rows → /Users/Finance/QuantShared/data_raw_ETF_US/daily/IUHC_daily_raw.csv
[14/35] IUIT: +0 rows → /Users/Finance/QuantShared/data_raw_ETF_US/daily/IUIT_daily_raw.csv
[15/35] IUUS: +0 rows → /Users/Finance/QuantShared/data_raw_ETF_US/daily/IUUS_daily_raw.csv
[16/35] IWDA: +0 rows → /Users/Finance/QuantShared/data_raw_ETF_US/daily/IWDA_daily_raw.csv
[17/35] PHAG: +0 rows → /Users/Finance/QuantShared/data_raw_ETF_US/daily/PHAG_daily_raw.csv
[18/35] RBOT: +0 rows → /Users/Finance/QuantShared/data_raw_ETF_US/daily/RBOT_daily_raw.csv
[19/35] RENW: +0 rows → /Users/Finance/QuantShared/data_raw_ETF_US/daily/RENW_daily_raw.csv
[20/35] SBIO: +0 rows → /Users/Finance/QuantShared/data_raw_ETF_US/daily/SBIO_daily_raw.csv
[21/35] SMH: +0 rows → /Users/Finance/QuantShared/data_raw_ETF_US/daily/SMH_daily_raw.csv
[22/35] SGLD: +0 rows → /Users/Finance/QuantShared/data_raw_ETF_US/daily/SGLD_daily_raw.csv
[23/35] SILV: +0 rows → /Users/Finance/QuantShared/data_raw_ETF_US/daily/SILV_daily_raw.csv
[24/35] URNJ: +0 rows → /Users/Finance/QuantShared/data_raw_ETF_US/daily/URNJ_daily_raw.csv
[25/35] URNM: +0 rows → /Users/Finance/QuantShared/data_raw_ETF_US/daily/URNM_daily_raw.csv
[26/35] USPY: +0 rows → /Users/Finance/QuantShared/data_raw_ETF_US/daily/USPY_daily_raw.csv
[27/35] VUAA: +0 rows → /Users/Finance/QuantShared/data_raw_ETF_US/daily/VUAA_daily_raw.csv
[28/35] XNAS: +0 rows → /Users/Finance/QuantShared/data_raw_ETF_US/daily/XNAS_daily_raw.csv
[29/35] XS2D: +0 rows → /Users/Finance/QuantShared/data_raw_ETF_US/daily/XS2D_daily_raw.csv
[30/35] XSPD: +0 rows → /Users/Finance/QuantShared/data_raw_ETF_US/daily/XSPD_daily_raw.csv
[31/35] XT2D: +0 rows → /Users/Finance/QuantShared/data_raw_ETF_US/daily/XT2D_daily_raw.csv
[32/35] AIGA: +0 rows → /Users/Finance/QuantShared/data_raw_ETF_US/daily/AIGA_daily_raw.csv
[33/35] AIAI: +0 rows → /Users/Finance/QuantShared/data_raw_ETF_US/daily/AIAI_daily_raw.csv
[34/35] XMED: +0 rows → /Users/Finance/QuantShared/data_raw_ETF_US/daily/XMED_daily_raw.csv
[35/35] ICOM: +0 rows → /Users/Finance/QuantShared/data_raw_ETF_US/daily/ICOM_daily_raw.csv
[DONE] s10_ibkr_download_daily (append-only, UTC) complete.
[2025-09-11 14:47:05 UTC] s12_ibkr_download_weekly → s12_ibkr_download_weekly.py
[INFO] Excel=/Users/Finance/QuantShared/ETF_list.xlsx | sheet=signalsUSD | outdir=/Users/Finance/QuantShared/data_raw_ETF_US/weekly
[INFO] Excel=/Users/Finance/QuantShared/ETF_list.xlsx | sheet=signalsUSD | outdir=/Users/Finance/QuantShared/data_raw_ETF_US/weekly
[IB] Connecting 127.0.0.1:7496 (clientId=62) …
[IB] Connected.
[1/35] BATT: +0 rows → /Users/Finance/QuantShared/data_raw_ETF_US/weekly/BATT_weekly_raw.csv
[2/35] COPX: +0 rows → /Users/Finance/QuantShared/data_raw_ETF_US/weekly/COPX_weekly_raw.csv
[3/35] DGTL: +0 rows → /Users/Finance/QuantShared/data_raw_ETF_US/weekly/DGTL_weekly_raw.csv
[4/35] GDX: +0 rows → /Users/Finance/QuantShared/data_raw_ETF_US/weekly/GDX_weekly_raw.csv
[5/35] GDXJ: +0 rows → /Users/Finance/QuantShared/data_raw_ETF_US/weekly/GDXJ_weekly_raw.csv
[6/35] IOGP: +0 rows → /Users/Finance/QuantShared/data_raw_ETF_US/weekly/IOGP_weekly_raw.csv
[7/35] ISAC: +0 rows → /Users/Finance/QuantShared/data_raw_ETF_US/weekly/ISAC_weekly_raw.csv
[8/35] ISUN: +0 rows → /Users/Finance/QuantShared/data_raw_ETF_US/weekly/ISUN_weekly_raw.csv
[9/35] IUCM: +0 rows → /Users/Finance/QuantShared/data_raw_ETF_US/weekly/IUCM_weekly_raw.csv
[10/35] IUCS: +0 rows → /Users/Finance/QuantShared/data_raw_ETF_US/weekly/IUCS_weekly_raw.csv
[11/35] IUES: +0 rows → /Users/Finance/QuantShared/data_raw_ETF_US/weekly/IUES_weekly_raw.csv
[12/35] IUFS: +0 rows → /Users/Finance/QuantShared/data_raw_ETF_US/weekly/IUFS_weekly_raw.csv
[13/35] IUHC: +0 rows → /Users/Finance/QuantShared/data_raw_ETF_US/weekly/IUHC_weekly_raw.csv
[14/35] IUIT: +0 rows → /Users/Finance/QuantShared/data_raw_ETF_US/weekly/IUIT_weekly_raw.csv
[15/35] IUUS: +0 rows → /Users/Finance/QuantShared/data_raw_ETF_US/weekly/IUUS_weekly_raw.csv
[16/35] IWDA: +0 rows → /Users/Finance/QuantShared/data_raw_ETF_US/weekly/IWDA_weekly_raw.csv
[17/35] PHAG: +0 rows → /Users/Finance/QuantShared/data_raw_ETF_US/weekly/PHAG_weekly_raw.csv
[18/35] RBOT: +0 rows → /Users/Finance/QuantShared/data_raw_ETF_US/weekly/RBOT_weekly_raw.csv
[19/35] RENW: +0 rows → /Users/Finance/QuantShared/data_raw_ETF_US/weekly/RENW_weekly_raw.csv
[20/35] SBIO: +0 rows → /Users/Finance/QuantShared/data_raw_ETF_US/weekly/SBIO_weekly_raw.csv
[21/35] SMH: +0 rows → /Users/Finance/QuantShared/data_raw_ETF_US/weekly/SMH_weekly_raw.csv
[22/35] SGLD: +0 rows → /Users/Finance/QuantShared/data_raw_ETF_US/weekly/SGLD_weekly_raw.csv
[23/35] SILV: +0 rows → /Users/Finance/QuantShared/data_raw_ETF_US/weekly/SILV_weekly_raw.csv
[24/35] URNJ: +0 rows → /Users/Finance/QuantShared/data_raw_ETF_US/weekly/URNJ_weekly_raw.csv
[25/35] URNM: +0 rows → /Users/Finance/QuantShared/data_raw_ETF_US/weekly/URNM_weekly_raw.csv
[26/35] USPY: +0 rows → /Users/Finance/QuantShared/data_raw_ETF_US/weekly/USPY_weekly_raw.csv
[27/35] VUAA: +0 rows → /Users/Finance/QuantShared/data_raw_ETF_US/weekly/VUAA_weekly_raw.csv
[28/35] XNAS: +0 rows → /Users/Finance/QuantShared/data_raw_ETF_US/weekly/XNAS_weekly_raw.csv
[29/35] XS2D: +0 rows → /Users/Finance/QuantShared/data_raw_ETF_US/weekly/XS2D_weekly_raw.csv
[30/35] XSPD: +0 rows → /Users/Finance/QuantShared/data_raw_ETF_US/weekly/XSPD_weekly_raw.csv
[31/35] XT2D: +0 rows → /Users/Finance/QuantShared/data_raw_ETF_US/weekly/XT2D_weekly_raw.csv
[32/35] AIGA: +0 rows → /Users/Finance/QuantShared/data_raw_ETF_US/weekly/AIGA_weekly_raw.csv
[33/35] AIAI: +0 rows → /Users/Finance/QuantShared/data_raw_ETF_US/weekly/AIAI_weekly_raw.csv
[34/35] XMED: +0 rows → /Users/Finance/QuantShared/data_raw_ETF_US/weekly/XMED_weekly_raw.csv
[35/35] ICOM: +0 rows → /Users/Finance/QuantShared/data_raw_ETF_US/weekly/ICOM_weekly_raw.csv
[DONE] s12_ibkr_download_weekly complete.
[2025-09-11 14:47:26 UTC] s13_market_trends_update → s13_market_trends_update.py
[INFO] Using list: /Users/Finance/QuantShared/ETF_list.xlsx | sheet=market_trends | tickers=66
[IB] Connecting 127.0.0.1:7496 (clientId=63) …
[IB] Connected.
CEW_DXY_ratio_TV_daily.csv: skip (ratio/composite)
CEW [STK/TRADES]: +1 rows → CEW_TV_daily.csv
DBC_SPY_ratio_TV_daily.csv: skip (ratio/composite)
DBC_TLT_ratio_TV_daily.csv: skip (ratio/composite)
DBC [STK/TRADES]: +1 rows → DBC_TV_daily.csv
DIA_QQQ_ratio_TV_daily.csv: skip (ratio/composite)
DIA [STK/TRADES]: +1 rows → DIA_TV_daily.csv
DXY_TV_daily.csv: skip (ticker not in ETF_list.xlsx → market_trends)
EEM_SPY_ratio_TV_daily.csv: skip (ratio/composite)
EEM [STK/TRADES]: +1 rows → EEM_TV_daily.csv
EFA_SPY_ratio_TV_daily.csv: skip (ratio/composite)
EFA [STK/TRADES]: +1 rows → EFA_TV_daily.csv
FEZ_SPY_ratio_TV_daily.csv: skip (ratio/composite)
FEZ [STK/TRADES]: +1 rows → FEZ_TV_daily.csv
GDX [STK/TRADES]: +0 rows → GDX_TV_daily.csv
GLD_SPY_ratio_TV_daily.csv: skip (ratio/composite)
GLD_TLT_ratio_TV_daily.csv: skip (ratio/composite)
GLD [STK/TRADES]: +1 rows → GLD_TV_daily.csv
HYG_IEI_ratio_TV_daily.csv: skip (ratio/composite)
HYG_LQD_ratio_TV_daily.csv: skip (ratio/composite)
HYG_TLT_ratio_TV_daily.csv: skip (ratio/composite)
HYG [STK/TRADES]: +1 rows → HYG_TV_daily.csv
IEI [STK/TRADES]: +1 rows → IEI_TV_daily.csv
IWC [STK/TRADES]: +1 rows → IWC_TV_daily.csv
IWM [STK/TRADES]: +1 rows → IWM_TV_daily.csv
JNK_LQD_ratio_TV_daily.csv: skip (ratio/composite)
JNK [STK/TRADES]: +1 rows → JNK_TV_daily.csv
KRE [STK/TRADES]: +1 rows → KRE_TV_daily.csv
LQD_TLT_ratio_TV_daily.csv: skip (ratio/composite)
LQD [STK/TRADES]: +1 rows → LQD_TV_daily.csv
PC_TV_daily.csv: skip (ticker not in ETF_list.xlsx → market_trends)
QQQ_IWM_ratio_TV_daily.csv: skip (ratio/composite)
QQQ_SPY_ratio_TV_daily.csv: skip (ratio/composite)
QQQ_TLT_ratio_TV_daily.csv: skip (ratio/composite)
QQQ [STK/TRADES]: +1 rows → QQQ_TV_daily.csv
RSP_QQQ_ratio_TV_daily.csv: skip (ratio/composite)
RSP_SPY_ratio_TV_daily.csv: skip (ratio/composite)
RSP [STK/TRADES]: +1 rows → RSP_TV_daily.csv
SLV [STK/TRADES]: +1 rows → SLV_TV_daily.csv
SPHB_SPY_ratio_TV_daily.csv: skip (ratio/composite)
SPHB [STK/TRADES]: +1 rows → SPHB_TV_daily.csv
SPYD [STK/TRADES]: +1 rows → SPYD_TV_daily.csv
SPY_TLT_ratio_TV_daily.csv: skip (ratio/composite)
SPY [STK/TRADES]: +1 rows → SPY_TV_daily.csv
TLT [STK/TRADES]: +1 rows → TLT_TV_daily.csv
VIX3M [IND/TRADES]: +1 rows → VIX3M_TV_daily.csv
VIX9D [IND/TRADES]: +1 rows → VIX9D_TV_daily.csv
VIX [IND/TRADES]: +0 rows → VIX_TV_daily.csv
VVIX [IND/TRADES]: +1 rows → VVIX_TV_daily.csv
XHB [STK/TRADES]: +1 rows → XHB_TV_daily.csv
XLB [STK/TRADES]: +1 rows → XLB_TV_daily.csv
XLC [STK/TRADES]: +1 rows → XLC_TV_daily.csv
XLE [STK/TRADES]: +1 rows → XLE_TV_daily.csv
XLF [STK/TRADES]: +1 rows → XLF_TV_daily.csv
XLI [STK/TRADES]: +1 rows → XLI_TV_daily.csv
XLK [STK/TRADES]: +1 rows → XLK_TV_daily.csv
XLP_SPY_ratio_TV_daily.csv: skip (ratio/composite)
XLP [STK/TRADES]: +1 rows → XLP_TV_daily.csv
XLRE [STK/TRADES]: +1 rows → XLRE_TV_daily.csv
XLU_SPY_ratio_TV_daily.csv: skip (ratio/composite)
XLU [STK/TRADES]: +1 rows → XLU_TV_daily.csv
XLU_XLV_XLP_composite_TV_daily.csv: skip (ratio/composite)
XLV [STK/TRADES]: +1 rows → XLV_TV_daily.csv
XLY [STK/TRADES]: +1 rows → XLY_TV_daily.csv
XLY_XLP_ratio_TV_daily.csv: skip (ratio/composite)
[IB] Disconnected.
[RATIO] DBC/SPY: rows=2525 → DBC_SPY_ratio_TV_daily.csv
[RATIO] DBC/TLT: rows=2525 → DBC_TLT_ratio_TV_daily.csv
[RATIO] DIA/QQQ: rows=2525 → DIA_QQQ_ratio_TV_daily.csv
[RATIO] EEM/SPY: rows=2526 → EEM_SPY_ratio_TV_daily.csv
[RATIO] EFA/SPY: rows=2526 → EFA_SPY_ratio_TV_daily.csv
[RATIO] FEZ/SPY: rows=2526 → FEZ_SPY_ratio_TV_daily.csv
[RATIO] GLD/SPY: rows=5236 → GLD_SPY_ratio_TV_daily.csv
[RATIO] GLD/TLT: rows=5236 → GLD_TLT_ratio_TV_daily.csv
[RATIO] HYG/IEI: rows=2038 → HYG_IEI_ratio_TV_daily.csv
[RATIO] JNK/LQD: rows=2525 → JNK_LQD_ratio_TV_daily.csv
[RATIO] QQQ/IWM: rows=2525 → QQQ_IWM_ratio_TV_daily.csv
[RATIO] QQQ/SPY: rows=2525 → QQQ_SPY_ratio_TV_daily.csv
[RATIO] SPHB/SPY: rows=2525 → SPHB_SPY_ratio_TV_daily.csv
[RATIO] XLP/SPY: rows=6721 → XLP_SPY_ratio_TV_daily.csv
[RATIO] XLY/XLP: rows=6721 → XLY_XLP_ratio_TV_daily.csv
[RATIO] HYG/TLT: rows=4636 → HYG_TLT_ratio_TV_daily.csv
[RATIO MISS] Missing input: /Users/Finance/QuantShared/market_trends/EMB_TV_daily.csv
[RATIO] LQD/TLT: rows=2526 → LQD_TLT_ratio_TV_daily.csv
[RATIO] RSP/SPY: rows=5629 → RSP_SPY_ratio_TV_daily.csv
[RATIO] RSP/QQQ: rows=2525 → RSP_QQQ_ratio_TV_daily.csv
[RATIO] SPY/TLT: rows=5820 → SPY_TLT_ratio_TV_daily.csv
[RATIO] QQQ/TLT: rows=2525 → QQQ_TLT_ratio_TV_daily.csv
[RATIO MISS] Missing input: /Users/Finance/QuantShared/market_trends/UUP_TV_daily.csv
[COMP ] XLU_XLV_XLP_composite: rows=6721 → XLU_XLV_XLP_composite_TV_daily.csv
[DONE] s13_market_trends_update complete.
[2025-09-11 14:48:43 UTC] s14_forex_update → s14_forex_update.py
[IB] Connecting 127.0.0.1:7496 (clientId=64) …
[IB] Connected.
[OK] USDEUR: +0 rows → /Users/Finance/QuantShared/forex/USDEUR_daily.csv
[IB] Disconnected.
[2025-09-11 14:48:44 UTC] s20_make_master_daily → s20_make_master_daily.py
[s20] ROOT=/Users/Finance
[s20] DATA_RAW(project)=/Users/Finance/data_raw
[s20] SHARED_BASE=/Users/Finance/QuantShared/data_raw_ETF_US
[s20] TT daily dir (read)=/Users/Finance/QuantShared/data_raw_ETF_US/daily
[s20] ETF list=/Users/Finance/QuantShared/ETF_list.xlsx (sheet=US_small)
[OK] Wrote /Users/Finance/data_raw/etf_prices_daily_master.csv | rows=70,092 | tickers=35
[2025-09-11 14:48:44 UTC] s30_enrich_to_parquet → s30_enrich_to_parquet.py
[2025-09-11 14:48:44 UTC] [ERR] /Users/Finance/QuantETFUS_small/scripts/us_open_v1.sh failed at line 123
[2025-09-12 14:45:05 UTC] === US-OPEN REFRESH (v1) START ===
[2025-09-12 14:45:05 UTC] s10_ibkr_download_daily → s10_ibkr_download_daily.py --client_id 87
[INFO] Excel=/Users/Finance/QuantShared/ETF_list.xlsx | sheet=signalsUSD | out=/Users/Finance/QuantShared/data_raw_ETF_US/daily
[IB] Connecting 127.0.0.1:7496 (clientId=87) …
[IB] Connected.
[1/35] BATT: +1 rows → /Users/Finance/QuantShared/data_raw_ETF_US/daily/BATT_daily_raw.csv
[2/35] COPX: +1 rows → /Users/Finance/QuantShared/data_raw_ETF_US/daily/COPX_daily_raw.csv
[3/35] DGTL: +1 rows → /Users/Finance/QuantShared/data_raw_ETF_US/daily/DGTL_daily_raw.csv
[4/35] GDX: +1 rows → /Users/Finance/QuantShared/data_raw_ETF_US/daily/GDX_daily_raw.csv
[5/35] GDXJ: +1 rows → /Users/Finance/QuantShared/data_raw_ETF_US/daily/GDXJ_daily_raw.csv
[6/35] IOGP: +1 rows → /Users/Finance/QuantShared/data_raw_ETF_US/daily/IOGP_daily_raw.csv
[7/35] ISAC: +1 rows → /Users/Finance/QuantShared/data_raw_ETF_US/daily/ISAC_daily_raw.csv
[8/35] ISUN: +1 rows → /Users/Finance/QuantShared/data_raw_ETF_US/daily/ISUN_daily_raw.csv
[9/35] IUCM: +1 rows → /Users/Finance/QuantShared/data_raw_ETF_US/daily/IUCM_daily_raw.csv
[10/35] IUCS: +1 rows → /Users/Finance/QuantShared/data_raw_ETF_US/daily/IUCS_daily_raw.csv
[11/35] IUES: +1 rows → /Users/Finance/QuantShared/data_raw_ETF_US/daily/IUES_daily_raw.csv
[12/35] IUFS: +1 rows → /Users/Finance/QuantShared/data_raw_ETF_US/daily/IUFS_daily_raw.csv
[13/35] IUHC: +1 rows → /Users/Finance/QuantShared/data_raw_ETF_US/daily/IUHC_daily_raw.csv
[14/35] IUIT: +1 rows → /Users/Finance/QuantShared/data_raw_ETF_US/daily/IUIT_daily_raw.csv
[15/35] IUUS: +1 rows → /Users/Finance/QuantShared/data_raw_ETF_US/daily/IUUS_daily_raw.csv
[16/35] IWDA: +1 rows → /Users/Finance/QuantShared/data_raw_ETF_US/daily/IWDA_daily_raw.csv
[17/35] PHAG: +1 rows → /Users/Finance/QuantShared/data_raw_ETF_US/daily/PHAG_daily_raw.csv
[18/35] RBOT: +1 rows → /Users/Finance/QuantShared/data_raw_ETF_US/daily/RBOT_daily_raw.csv
[19/35] RENW: +1 rows → /Users/Finance/QuantShared/data_raw_ETF_US/daily/RENW_daily_raw.csv
[20/35] SBIO: +1 rows → /Users/Finance/QuantShared/data_raw_ETF_US/daily/SBIO_daily_raw.csv
[21/35] SMH: +1 rows → /Users/Finance/QuantShared/data_raw_ETF_US/daily/SMH_daily_raw.csv
[22/35] SGLD: +1 rows → /Users/Finance/QuantShared/data_raw_ETF_US/daily/SGLD_daily_raw.csv
[23/35] SILV: +1 rows → /Users/Finance/QuantShared/data_raw_ETF_US/daily/SILV_daily_raw.csv
[24/35] URNJ: +1 rows → /Users/Finance/QuantShared/data_raw_ETF_US/daily/URNJ_daily_raw.csv
[25/35] URNM: +1 rows → /Users/Finance/QuantShared/data_raw_ETF_US/daily/URNM_daily_raw.csv
[26/35] USPY: +1 rows → /Users/Finance/QuantShared/data_raw_ETF_US/daily/USPY_daily_raw.csv
[27/35] VUAA: +1 rows → /Users/Finance/QuantShared/data_raw_ETF_US/daily/VUAA_daily_raw.csv
[28/35] XNAS: +1 rows → /Users/Finance/QuantShared/data_raw_ETF_US/daily/XNAS_daily_raw.csv
[29/35] XS2D: +1 rows → /Users/Finance/QuantShared/data_raw_ETF_US/daily/XS2D_daily_raw.csv
[30/35] XSPD: +1 rows → /Users/Finance/QuantShared/data_raw_ETF_US/daily/XSPD_daily_raw.csv
[31/35] XT2D: +1 rows → /Users/Finance/QuantShared/data_raw_ETF_US/daily/XT2D_daily_raw.csv
[32/35] AIGA: +1 rows → /Users/Finance/QuantShared/data_raw_ETF_US/daily/AIGA_daily_raw.csv
[33/35] AIAI: +1 rows → /Users/Finance/QuantShared/data_raw_ETF_US/daily/AIAI_daily_raw.csv
[34/35] XMED: +1 rows → /Users/Finance/QuantShared/data_raw_ETF_US/daily/XMED_daily_raw.csv
[35/35] ICOM: +1 rows → /Users/Finance/QuantShared/data_raw_ETF_US/daily/ICOM_daily_raw.csv
[DONE] s10_ibkr_download_daily (append-only, UTC) complete.
[2025-09-12 14:47:08 UTC] s12_ibkr_download_weekly → s12_ibkr_download_weekly.py
[INFO] Excel=/Users/Finance/QuantShared/ETF_list.xlsx | sheet=signalsUSD | outdir=/Users/Finance/QuantShared/data_raw_ETF_US/weekly
[INFO] Excel=/Users/Finance/QuantShared/ETF_list.xlsx | sheet=signalsUSD | outdir=/Users/Finance/QuantShared/data_raw_ETF_US/weekly
[IB] Connecting 127.0.0.1:7496 (clientId=62) …
[IB] Connected.
[1/35] BATT: +1 rows → /Users/Finance/QuantShared/data_raw_ETF_US/weekly/BATT_weekly_raw.csv
[2/35] COPX: +1 rows → /Users/Finance/QuantShared/data_raw_ETF_US/weekly/COPX_weekly_raw.csv
[3/35] DGTL: +1 rows → /Users/Finance/QuantShared/data_raw_ETF_US/weekly/DGTL_weekly_raw.csv
[4/35] GDX: +1 rows → /Users/Finance/QuantShared/data_raw_ETF_US/weekly/GDX_weekly_raw.csv
[5/35] GDXJ: +1 rows → /Users/Finance/QuantShared/data_raw_ETF_US/weekly/GDXJ_weekly_raw.csv
[6/35] IOGP: +1 rows → /Users/Finance/QuantShared/data_raw_ETF_US/weekly/IOGP_weekly_raw.csv
[7/35] ISAC: +1 rows → /Users/Finance/QuantShared/data_raw_ETF_US/weekly/ISAC_weekly_raw.csv
[8/35] ISUN: +1 rows → /Users/Finance/QuantShared/data_raw_ETF_US/weekly/ISUN_weekly_raw.csv
[9/35] IUCM: +1 rows → /Users/Finance/QuantShared/data_raw_ETF_US/weekly/IUCM_weekly_raw.csv
[10/35] IUCS: +1 rows → /Users/Finance/QuantShared/data_raw_ETF_US/weekly/IUCS_weekly_raw.csv
[11/35] IUES: +1 rows → /Users/Finance/QuantShared/data_raw_ETF_US/weekly/IUES_weekly_raw.csv
[12/35] IUFS: +1 rows → /Users/Finance/QuantShared/data_raw_ETF_US/weekly/IUFS_weekly_raw.csv
[13/35] IUHC: +1 rows → /Users/Finance/QuantShared/data_raw_ETF_US/weekly/IUHC_weekly_raw.csv
[14/35] IUIT: +1 rows → /Users/Finance/QuantShared/data_raw_ETF_US/weekly/IUIT_weekly_raw.csv
[15/35] IUUS: +1 rows → /Users/Finance/QuantShared/data_raw_ETF_US/weekly/IUUS_weekly_raw.csv
[16/35] IWDA: +1 rows → /Users/Finance/QuantShared/data_raw_ETF_US/weekly/IWDA_weekly_raw.csv
[17/35] PHAG: +1 rows → /Users/Finance/QuantShared/data_raw_ETF_US/weekly/PHAG_weekly_raw.csv
[18/35] RBOT: +1 rows → /Users/Finance/QuantShared/data_raw_ETF_US/weekly/RBOT_weekly_raw.csv
[19/35] RENW: +1 rows → /Users/Finance/QuantShared/data_raw_ETF_US/weekly/RENW_weekly_raw.csv
[20/35] SBIO: +1 rows → /Users/Finance/QuantShared/data_raw_ETF_US/weekly/SBIO_weekly_raw.csv
[21/35] SMH: +1 rows → /Users/Finance/QuantShared/data_raw_ETF_US/weekly/SMH_weekly_raw.csv
[22/35] SGLD: +1 rows → /Users/Finance/QuantShared/data_raw_ETF_US/weekly/SGLD_weekly_raw.csv
[23/35] SILV: +1 rows → /Users/Finance/QuantShared/data_raw_ETF_US/weekly/SILV_weekly_raw.csv
[24/35] URNJ: +1 rows → /Users/Finance/QuantShared/data_raw_ETF_US/weekly/URNJ_weekly_raw.csv
[25/35] URNM: +1 rows → /Users/Finance/QuantShared/data_raw_ETF_US/weekly/URNM_weekly_raw.csv
[26/35] USPY: +1 rows → /Users/Finance/QuantShared/data_raw_ETF_US/weekly/USPY_weekly_raw.csv
[27/35] VUAA: +1 rows → /Users/Finance/QuantShared/data_raw_ETF_US/weekly/VUAA_weekly_raw.csv
[28/35] XNAS: +1 rows → /Users/Finance/QuantShared/data_raw_ETF_US/weekly/XNAS_weekly_raw.csv
[29/35] XS2D: +1 rows → /Users/Finance/QuantShared/data_raw_ETF_US/weekly/XS2D_weekly_raw.csv
[30/35] XSPD: +1 rows → /Users/Finance/QuantShared/data_raw_ETF_US/weekly/XSPD_weekly_raw.csv
[31/35] XT2D: +1 rows → /Users/Finance/QuantShared/data_raw_ETF_US/weekly/XT2D_weekly_raw.csv
[32/35] AIGA: +1 rows → /Users/Finance/QuantShared/data_raw_ETF_US/weekly/AIGA_weekly_raw.csv
[33/35] AIAI: +1 rows → /Users/Finance/QuantShared/data_raw_ETF_US/weekly/AIAI_weekly_raw.csv
[34/35] XMED: +1 rows → /Users/Finance/QuantShared/data_raw_ETF_US/weekly/XMED_weekly_raw.csv
[35/35] ICOM: +1 rows → /Users/Finance/QuantShared/data_raw_ETF_US/weekly/ICOM_weekly_raw.csv
[DONE] s12_ibkr_download_weekly complete.
[2025-09-12 14:47:28 UTC] s13_market_trends_update → s13_market_trends_update.py
[INFO] Using list: /Users/Finance/QuantShared/ETF_list.xlsx | sheet=market_trends | tickers=66
[IB] Connecting 127.0.0.1:7496 (clientId=63) …
[IB] Connected.
CEW_DXY_ratio_TV_daily.csv: skip (ratio/composite)
CEW [STK/TRADES]: +1 rows → CEW_TV_daily.csv
DBC_SPY_ratio_TV_daily.csv: skip (ratio/composite)
DBC_TLT_ratio_TV_daily.csv: skip (ratio/composite)
DBC [STK/TRADES]: +1 rows → DBC_TV_daily.csv
DIA_QQQ_ratio_TV_daily.csv: skip (ratio/composite)
DIA [STK/TRADES]: +1 rows → DIA_TV_daily.csv
DXY_TV_daily.csv: skip (ticker not in ETF_list.xlsx → market_trends)
EEM_SPY_ratio_TV_daily.csv: skip (ratio/composite)
EEM [STK/TRADES]: +1 rows → EEM_TV_daily.csv
EFA_SPY_ratio_TV_daily.csv: skip (ratio/composite)
EFA [STK/TRADES]: +1 rows → EFA_TV_daily.csv
FEZ_SPY_ratio_TV_daily.csv: skip (ratio/composite)
FEZ [STK/TRADES]: +1 rows → FEZ_TV_daily.csv
GDX [STK/TRADES]: +1 rows → GDX_TV_daily.csv
GLD_SPY_ratio_TV_daily.csv: skip (ratio/composite)
GLD_TLT_ratio_TV_daily.csv: skip (ratio/composite)
GLD [STK/TRADES]: +1 rows → GLD_TV_daily.csv
HYG_IEI_ratio_TV_daily.csv: skip (ratio/composite)
HYG_LQD_ratio_TV_daily.csv: skip (ratio/composite)
HYG_TLT_ratio_TV_daily.csv: skip (ratio/composite)
HYG [STK/TRADES]: +1 rows → HYG_TV_daily.csv
IEI [STK/TRADES]: +1 rows → IEI_TV_daily.csv
IWC [STK/TRADES]: +1 rows → IWC_TV_daily.csv
IWM [STK/TRADES]: +1 rows → IWM_TV_daily.csv
JNK_LQD_ratio_TV_daily.csv: skip (ratio/composite)
JNK [STK/TRADES]: +1 rows → JNK_TV_daily.csv
KRE [STK/TRADES]: +1 rows → KRE_TV_daily.csv
LQD_TLT_ratio_TV_daily.csv: skip (ratio/composite)
LQD [STK/TRADES]: +1 rows → LQD_TV_daily.csv
PC_TV_daily.csv: skip (ticker not in ETF_list.xlsx → market_trends)
QQQ_IWM_ratio_TV_daily.csv: skip (ratio/composite)
QQQ_SPY_ratio_TV_daily.csv: skip (ratio/composite)
QQQ_TLT_ratio_TV_daily.csv: skip (ratio/composite)
QQQ [STK/TRADES]: +1 rows → QQQ_TV_daily.csv
RSP_QQQ_ratio_TV_daily.csv: skip (ratio/composite)
RSP_SPY_ratio_TV_daily.csv: skip (ratio/composite)
RSP [STK/TRADES]: +1 rows → RSP_TV_daily.csv
SLV [STK/TRADES]: +1 rows → SLV_TV_daily.csv
SPHB_SPY_ratio_TV_daily.csv: skip (ratio/composite)
SPHB [STK/TRADES]: +1 rows → SPHB_TV_daily.csv
SPYD [STK/TRADES]: +1 rows → SPYD_TV_daily.csv
SPY_TLT_ratio_TV_daily.csv: skip (ratio/composite)
SPY [STK/TRADES]: +1 rows → SPY_TV_daily.csv
TLT [STK/TRADES]: +1 rows → TLT_TV_daily.csv
VIX3M [IND/TRADES]: +1 rows → VIX3M_TV_daily.csv
VIX9D [IND/TRADES]: +1 rows → VIX9D_TV_daily.csv
VIX [IND/TRADES]: +1 rows → VIX_TV_daily.csv
VVIX [IND/TRADES]: +1 rows → VVIX_TV_daily.csv
XHB [STK/TRADES]: +1 rows → XHB_TV_daily.csv
XLB [STK/TRADES]: +1 rows → XLB_TV_daily.csv
XLC [STK/TRADES]: +1 rows → XLC_TV_daily.csv
XLE [STK/TRADES]: +1 rows → XLE_TV_daily.csv
XLF [STK/TRADES]: +1 rows → XLF_TV_daily.csv
XLI [STK/TRADES]: +1 rows → XLI_TV_daily.csv
XLK [STK/TRADES]: +1 rows → XLK_TV_daily.csv
XLP_SPY_ratio_TV_daily.csv: skip (ratio/composite)
XLP [STK/TRADES]: +1 rows → XLP_TV_daily.csv
XLRE [STK/TRADES]: +1 rows → XLRE_TV_daily.csv
XLU_SPY_ratio_TV_daily.csv: skip (ratio/composite)
XLU [STK/TRADES]: +1 rows → XLU_TV_daily.csv
XLU_XLV_XLP_composite_TV_daily.csv: skip (ratio/composite)
XLV [STK/TRADES]: +1 rows → XLV_TV_daily.csv
XLY [STK/TRADES]: +1 rows → XLY_TV_daily.csv
XLY_XLP_ratio_TV_daily.csv: skip (ratio/composite)
[IB] Disconnected.
[RATIO] DBC/SPY: rows=2526 → DBC_SPY_ratio_TV_daily.csv
[RATIO] DBC/TLT: rows=2526 → DBC_TLT_ratio_TV_daily.csv
[RATIO] DIA/QQQ: rows=2526 → DIA_QQQ_ratio_TV_daily.csv
[RATIO] EEM/SPY: rows=2527 → EEM_SPY_ratio_TV_daily.csv
[RATIO] EFA/SPY: rows=2527 → EFA_SPY_ratio_TV_daily.csv
[RATIO] FEZ/SPY: rows=2527 → FEZ_SPY_ratio_TV_daily.csv
[RATIO] GLD/SPY: rows=5237 → GLD_SPY_ratio_TV_daily.csv
[RATIO] GLD/TLT: rows=5237 → GLD_TLT_ratio_TV_daily.csv
[RATIO] HYG/IEI: rows=2039 → HYG_IEI_ratio_TV_daily.csv
[RATIO] JNK/LQD: rows=2526 → JNK_LQD_ratio_TV_daily.csv
[RATIO] QQQ/IWM: rows=2526 → QQQ_IWM_ratio_TV_daily.csv
[RATIO] QQQ/SPY: rows=2526 → QQQ_SPY_ratio_TV_daily.csv
[RATIO] SPHB/SPY: rows=2526 → SPHB_SPY_ratio_TV_daily.csv
[RATIO] XLP/SPY: rows=6722 → XLP_SPY_ratio_TV_daily.csv
[RATIO] XLY/XLP: rows=6722 → XLY_XLP_ratio_TV_daily.csv
[RATIO] HYG/TLT: rows=4637 → HYG_TLT_ratio_TV_daily.csv
[RATIO MISS] Missing input: /Users/Finance/QuantShared/market_trends/EMB_TV_daily.csv
[RATIO] LQD/TLT: rows=2527 → LQD_TLT_ratio_TV_daily.csv
[RATIO] RSP/SPY: rows=5630 → RSP_SPY_ratio_TV_daily.csv
[RATIO] RSP/QQQ: rows=2526 → RSP_QQQ_ratio_TV_daily.csv
[RATIO] SPY/TLT: rows=5821 → SPY_TLT_ratio_TV_daily.csv
[RATIO] QQQ/TLT: rows=2526 → QQQ_TLT_ratio_TV_daily.csv
[RATIO MISS] Missing input: /Users/Finance/QuantShared/market_trends/UUP_TV_daily.csv
[COMP ] XLU_XLV_XLP_composite: rows=6722 → XLU_XLV_XLP_composite_TV_daily.csv
[DONE] s13_market_trends_update complete.
[2025-09-12 14:48:48 UTC] s14_forex_update → s14_forex_update.py
[IB] Connecting 127.0.0.1:7496 (clientId=64) …
[IB] Connected.
[OK] USDEUR: +1 rows → /Users/Finance/QuantShared/forex/USDEUR_daily.csv
[IB] Disconnected.
[2025-09-12 14:48:50 UTC] s20_make_master_daily → s20_make_master_daily.py
[s20] ROOT=/Users/Finance
[s20] DATA_RAW(project)=/Users/Finance/data_raw
[s20] SHARED_BASE=/Users/Finance/QuantShared/data_raw_ETF_US
[s20] TT daily dir (read)=/Users/Finance/QuantShared/data_raw_ETF_US/daily
[s20] ETF list=/Users/Finance/QuantShared/ETF_list.xlsx (sheet=US_small)
[OK] Wrote /Users/Finance/data_raw/etf_prices_daily_master.csv | rows=70,127 | tickers=35
[2025-09-12 14:48:50 UTC] s30_enrich_to_parquet → s30_enrich_to_parquet.py
[2025-09-12 14:48:50 UTC] [ERR] /Users/Finance/QuantETFUS_small/scripts/us_open_v1.sh failed at line 123
[2025-09-13 14:45:05 UTC] === US-OPEN REFRESH (v1) START ===
[2025-09-13 14:45:05 UTC] s10_ibkr_download_daily → s10_ibkr_download_daily.py --client_id 87
[INFO] Excel=/Users/Finance/QuantShared/ETF_list.xlsx | sheet=signalsUSD | out=/Users/Finance/QuantShared/data_raw_ETF_US/daily
[IB] Connecting 127.0.0.1:7496 (clientId=87) …
[2025-09-13 14:45:06 UTC] [ERR] /Users/Finance/QuantETFUS_small/scripts/us_open_v1.sh failed at line 123
[2025-09-14 14:45:00 UTC] === US-OPEN REFRESH (v1) START ===
[2025-09-14 14:45:00 UTC] s10_ibkr_download_daily → s10_ibkr_download_daily.py --client_id 87
[INFO] Excel=/Users/Finance/QuantShared/ETF_list.xlsx | sheet=signalsUSD | out=/Users/Finance/QuantShared/data_raw_ETF_US/daily
[IB] Connecting 127.0.0.1:7496 (clientId=87) …
[2025-09-14 14:45:00 UTC] [ERR] /Users/Finance/QuantETFUS_small/scripts/us_open_v1.sh failed at line 123
[2025-09-15 14:45:05 UTC] === US-OPEN REFRESH (v1) START ===
[2025-09-15 14:45:05 UTC] s10_ibkr_download_daily → s10_ibkr_download_daily.py --client_id 87
[INFO] Excel=/Users/Finance/QuantShared/ETF_list.xlsx | sheet=signalsUSD | out=/Users/Finance/QuantShared/data_raw_ETF_US/daily
[IB] Connecting 127.0.0.1:7496 (clientId=87) …
[IB] Connected.
[1/35] BATT: +0 rows → /Users/Finance/QuantShared/data_raw_ETF_US/daily/BATT_daily_raw.csv
[2/35] COPX: +0 rows → /Users/Finance/QuantShared/data_raw_ETF_US/daily/COPX_daily_raw.csv
[3/35] DGTL: +0 rows → /Users/Finance/QuantShared/data_raw_ETF_US/daily/DGTL_daily_raw.csv
[4/35] GDX: +0 rows → /Users/Finance/QuantShared/data_raw_ETF_US/daily/GDX_daily_raw.csv
[5/35] GDXJ: +0 rows → /Users/Finance/QuantShared/data_raw_ETF_US/daily/GDXJ_daily_raw.csv
[6/35] IOGP: +0 rows → /Users/Finance/QuantShared/data_raw_ETF_US/daily/IOGP_daily_raw.csv
[7/35] ISAC: +0 rows → /Users/Finance/QuantShared/data_raw_ETF_US/daily/ISAC_daily_raw.csv
[8/35] ISUN: +0 rows → /Users/Finance/QuantShared/data_raw_ETF_US/daily/ISUN_daily_raw.csv
[9/35] IUCM: +0 rows → /Users/Finance/QuantShared/data_raw_ETF_US/daily/IUCM_daily_raw.csv
[10/35] IUCS: +0 rows → /Users/Finance/QuantShared/data_raw_ETF_US/daily/IUCS_daily_raw.csv
[11/35] IUES: +0 rows → /Users/Finance/QuantShared/data_raw_ETF_US/daily/IUES_daily_raw.csv
[12/35] IUFS: +0 rows → /Users/Finance/QuantShared/data_raw_ETF_US/daily/IUFS_daily_raw.csv
[13/35] IUHC: +0 rows → /Users/Finance/QuantShared/data_raw_ETF_US/daily/IUHC_daily_raw.csv
[14/35] IUIT: +0 rows → /Users/Finance/QuantShared/data_raw_ETF_US/daily/IUIT_daily_raw.csv
[15/35] IUUS: +0 rows → /Users/Finance/QuantShared/data_raw_ETF_US/daily/IUUS_daily_raw.csv
[16/35] IWDA: +0 rows → /Users/Finance/QuantShared/data_raw_ETF_US/daily/IWDA_daily_raw.csv
[17/35] PHAG: +0 rows → /Users/Finance/QuantShared/data_raw_ETF_US/daily/PHAG_daily_raw.csv
[18/35] RBOT: +0 rows → /Users/Finance/QuantShared/data_raw_ETF_US/daily/RBOT_daily_raw.csv
[19/35] RENW: +0 rows → /Users/Finance/QuantShared/data_raw_ETF_US/daily/RENW_daily_raw.csv
[20/35] SBIO: +0 rows → /Users/Finance/QuantShared/data_raw_ETF_US/daily/SBIO_daily_raw.csv
[21/35] SMH: +0 rows → /Users/Finance/QuantShared/data_raw_ETF_US/daily/SMH_daily_raw.csv
[22/35] SGLD: +0 rows → /Users/Finance/QuantShared/data_raw_ETF_US/daily/SGLD_daily_raw.csv
[23/35] SILV: +0 rows → /Users/Finance/QuantShared/data_raw_ETF_US/daily/SILV_daily_raw.csv
[24/35] URNJ: +0 rows → /Users/Finance/QuantShared/data_raw_ETF_US/daily/URNJ_daily_raw.csv
[25/35] URNM: +0 rows → /Users/Finance/QuantShared/data_raw_ETF_US/daily/URNM_daily_raw.csv
[26/35] USPY: +0 rows → /Users/Finance/QuantShared/data_raw_ETF_US/daily/USPY_daily_raw.csv
[27/35] VUAA: +0 rows → /Users/Finance/QuantShared/data_raw_ETF_US/daily/VUAA_daily_raw.csv
[28/35] XNAS: +0 rows → /Users/Finance/QuantShared/data_raw_ETF_US/daily/XNAS_daily_raw.csv
[29/35] XS2D: +0 rows → /Users/Finance/QuantShared/data_raw_ETF_US/daily/XS2D_daily_raw.csv
[30/35] XSPD: +0 rows → /Users/Finance/QuantShared/data_raw_ETF_US/daily/XSPD_daily_raw.csv
[31/35] XT2D: +0 rows → /Users/Finance/QuantShared/data_raw_ETF_US/daily/XT2D_daily_raw.csv
[32/35] AIGA: +0 rows → /Users/Finance/QuantShared/data_raw_ETF_US/daily/AIGA_daily_raw.csv
[33/35] AIAI: +0 rows → /Users/Finance/QuantShared/data_raw_ETF_US/daily/AIAI_daily_raw.csv
[34/35] XMED: +0 rows → /Users/Finance/QuantShared/data_raw_ETF_US/daily/XMED_daily_raw.csv
[35/35] ICOM: +0 rows → /Users/Finance/QuantShared/data_raw_ETF_US/daily/ICOM_daily_raw.csv
[DONE] s10_ibkr_download_daily (append-only, UTC) complete.
[2025-09-15 14:47:09 UTC] s12_ibkr_download_weekly → s12_ibkr_download_weekly.py
[INFO] Excel=/Users/Finance/QuantShared/ETF_list.xlsx | sheet=signalsUSD | outdir=/Users/Finance/QuantShared/data_raw_ETF_US/weekly
[INFO] Excel=/Users/Finance/QuantShared/ETF_list.xlsx | sheet=signalsUSD | outdir=/Users/Finance/QuantShared/data_raw_ETF_US/weekly
[IB] Connecting 127.0.0.1:7496 (clientId=62) …
[IB] Connected.
[1/35] BATT: +0 rows → /Users/Finance/QuantShared/data_raw_ETF_US/weekly/BATT_weekly_raw.csv
[2/35] COPX: +0 rows → /Users/Finance/QuantShared/data_raw_ETF_US/weekly/COPX_weekly_raw.csv
[3/35] DGTL: +0 rows → /Users/Finance/QuantShared/data_raw_ETF_US/weekly/DGTL_weekly_raw.csv
[4/35] GDX: +0 rows → /Users/Finance/QuantShared/data_raw_ETF_US/weekly/GDX_weekly_raw.csv
[5/35] GDXJ: +0 rows → /Users/Finance/QuantShared/data_raw_ETF_US/weekly/GDXJ_weekly_raw.csv
[6/35] IOGP: +0 rows → /Users/Finance/QuantShared/data_raw_ETF_US/weekly/IOGP_weekly_raw.csv
[7/35] ISAC: +0 rows → /Users/Finance/QuantShared/data_raw_ETF_US/weekly/ISAC_weekly_raw.csv
[8/35] ISUN: +0 rows → /Users/Finance/QuantShared/data_raw_ETF_US/weekly/ISUN_weekly_raw.csv
[9/35] IUCM: +0 rows → /Users/Finance/QuantShared/data_raw_ETF_US/weekly/IUCM_weekly_raw.csv
[10/35] IUCS: +0 rows → /Users/Finance/QuantShared/data_raw_ETF_US/weekly/IUCS_weekly_raw.csv
[11/35] IUES: +0 rows → /Users/Finance/QuantShared/data_raw_ETF_US/weekly/IUES_weekly_raw.csv
[12/35] IUFS: +0 rows → /Users/Finance/QuantShared/data_raw_ETF_US/weekly/IUFS_weekly_raw.csv
[13/35] IUHC: +0 rows → /Users/Finance/QuantShared/data_raw_ETF_US/weekly/IUHC_weekly_raw.csv
[14/35] IUIT: +0 rows → /Users/Finance/QuantShared/data_raw_ETF_US/weekly/IUIT_weekly_raw.csv
[15/35] IUUS: +0 rows → /Users/Finance/QuantShared/data_raw_ETF_US/weekly/IUUS_weekly_raw.csv
[16/35] IWDA: +0 rows → /Users/Finance/QuantShared/data_raw_ETF_US/weekly/IWDA_weekly_raw.csv
[17/35] PHAG: +0 rows → /Users/Finance/QuantShared/data_raw_ETF_US/weekly/PHAG_weekly_raw.csv
[18/35] RBOT: +0 rows → /Users/Finance/QuantShared/data_raw_ETF_US/weekly/RBOT_weekly_raw.csv
[19/35] RENW: +0 rows → /Users/Finance/QuantShared/data_raw_ETF_US/weekly/RENW_weekly_raw.csv
[20/35] SBIO: +0 rows → /Users/Finance/QuantShared/data_raw_ETF_US/weekly/SBIO_weekly_raw.csv
[21/35] SMH: +0 rows → /Users/Finance/QuantShared/data_raw_ETF_US/weekly/SMH_weekly_raw.csv
[22/35] SGLD: +0 rows → /Users/Finance/QuantShared/data_raw_ETF_US/weekly/SGLD_weekly_raw.csv
[23/35] SILV: +0 rows → /Users/Finance/QuantShared/data_raw_ETF_US/weekly/SILV_weekly_raw.csv
[24/35] URNJ: +0 rows → /Users/Finance/QuantShared/data_raw_ETF_US/weekly/URNJ_weekly_raw.csv
[25/35] URNM: +0 rows → /Users/Finance/QuantShared/data_raw_ETF_US/weekly/URNM_weekly_raw.csv
[26/35] USPY: +0 rows → /Users/Finance/QuantShared/data_raw_ETF_US/weekly/USPY_weekly_raw.csv
[27/35] VUAA: +0 rows → /Users/Finance/QuantShared/data_raw_ETF_US/weekly/VUAA_weekly_raw.csv
[28/35] XNAS: +0 rows → /Users/Finance/QuantShared/data_raw_ETF_US/weekly/XNAS_weekly_raw.csv
[29/35] XS2D: +0 rows → /Users/Finance/QuantShared/data_raw_ETF_US/weekly/XS2D_weekly_raw.csv
[30/35] XSPD: +0 rows → /Users/Finance/QuantShared/data_raw_ETF_US/weekly/XSPD_weekly_raw.csv
[31/35] XT2D: +0 rows → /Users/Finance/QuantShared/data_raw_ETF_US/weekly/XT2D_weekly_raw.csv
[32/35] AIGA: +0 rows → /Users/Finance/QuantShared/data_raw_ETF_US/weekly/AIGA_weekly_raw.csv
[33/35] AIAI: +0 rows → /Users/Finance/QuantShared/data_raw_ETF_US/weekly/AIAI_weekly_raw.csv
[34/35] XMED: +0 rows → /Users/Finance/QuantShared/data_raw_ETF_US/weekly/XMED_weekly_raw.csv
[35/35] ICOM: +0 rows → /Users/Finance/QuantShared/data_raw_ETF_US/weekly/ICOM_weekly_raw.csv
[DONE] s12_ibkr_download_weekly complete.
[2025-09-15 14:47:28 UTC] s13_market_trends_update → s13_market_trends_update.py
[INFO] Using list: /Users/Finance/QuantShared/ETF_list.xlsx | sheet=market_trends | tickers=66
[IB] Connecting 127.0.0.1:7496 (clientId=63) …
[IB] Connected.
CEW_DXY_ratio_TV_daily.csv: skip (ratio/composite)
CEW [STK/TRADES]: +1 rows → CEW_TV_daily.csv
DBC_SPY_ratio_TV_daily.csv: skip (ratio/composite)
DBC_TLT_ratio_TV_daily.csv: skip (ratio/composite)
DBC [STK/TRADES]: +1 rows → DBC_TV_daily.csv
DIA_QQQ_ratio_TV_daily.csv: skip (ratio/composite)
DIA [STK/TRADES]: +1 rows → DIA_TV_daily.csv
DXY_TV_daily.csv: skip (ticker not in ETF_list.xlsx → market_trends)
EEM_SPY_ratio_TV_daily.csv: skip (ratio/composite)
EEM [STK/TRADES]: +1 rows → EEM_TV_daily.csv
EFA_SPY_ratio_TV_daily.csv: skip (ratio/composite)
EFA [STK/TRADES]: +1 rows → EFA_TV_daily.csv
FEZ_SPY_ratio_TV_daily.csv: skip (ratio/composite)
FEZ [STK/TRADES]: +1 rows → FEZ_TV_daily.csv
GDX [STK/TRADES]: +0 rows → GDX_TV_daily.csv
GLD_SPY_ratio_TV_daily.csv: skip (ratio/composite)
GLD_TLT_ratio_TV_daily.csv: skip (ratio/composite)
GLD [STK/TRADES]: +1 rows → GLD_TV_daily.csv
HYG_IEI_ratio_TV_daily.csv: skip (ratio/composite)
HYG_LQD_ratio_TV_daily.csv: skip (ratio/composite)
HYG_TLT_ratio_TV_daily.csv: skip (ratio/composite)
HYG [STK/TRADES]: +1 rows → HYG_TV_daily.csv
IEI [STK/TRADES]: +1 rows → IEI_TV_daily.csv
IWC [STK/TRADES]: +1 rows → IWC_TV_daily.csv
IWM [STK/TRADES]: +1 rows → IWM_TV_daily.csv
JNK_LQD_ratio_TV_daily.csv: skip (ratio/composite)
JNK [STK/TRADES]: +1 rows → JNK_TV_daily.csv
KRE [STK/TRADES]: +1 rows → KRE_TV_daily.csv
LQD_TLT_ratio_TV_daily.csv: skip (ratio/composite)
LQD [STK/TRADES]: +1 rows → LQD_TV_daily.csv
PC_TV_daily.csv: skip (ticker not in ETF_list.xlsx → market_trends)
QQQ_IWM_ratio_TV_daily.csv: skip (ratio/composite)
QQQ_SPY_ratio_TV_daily.csv: skip (ratio/composite)
QQQ_TLT_ratio_TV_daily.csv: skip (ratio/composite)
QQQ [STK/TRADES]: +1 rows → QQQ_TV_daily.csv
RSP_QQQ_ratio_TV_daily.csv: skip (ratio/composite)
RSP_SPY_ratio_TV_daily.csv: skip (ratio/composite)
RSP [STK/TRADES]: +1 rows → RSP_TV_daily.csv
SLV [STK/TRADES]: +1 rows → SLV_TV_daily.csv
SPHB_SPY_ratio_TV_daily.csv: skip (ratio/composite)
SPHB [STK/TRADES]: +1 rows → SPHB_TV_daily.csv
SPYD [STK/TRADES]: +1 rows → SPYD_TV_daily.csv
SPY_TLT_ratio_TV_daily.csv: skip (ratio/composite)
SPY [STK/TRADES]: +1 rows → SPY_TV_daily.csv
TLT [STK/TRADES]: +1 rows → TLT_TV_daily.csv
VIX3M [IND/TRADES]: +1 rows → VIX3M_TV_daily.csv
VIX9D [IND/TRADES]: +1 rows → VIX9D_TV_daily.csv
VIX [IND/TRADES]: +0 rows → VIX_TV_daily.csv
VVIX [IND/TRADES]: +1 rows → VVIX_TV_daily.csv
XHB [STK/TRADES]: +1 rows → XHB_TV_daily.csv
XLB [STK/TRADES]: +1 rows → XLB_TV_daily.csv
XLC [STK/TRADES]: +1 rows → XLC_TV_daily.csv
XLE [STK/TRADES]: +1 rows → XLE_TV_daily.csv
XLF [STK/TRADES]: +1 rows → XLF_TV_daily.csv
XLI [STK/TRADES]: +1 rows → XLI_TV_daily.csv
XLK [STK/TRADES]: +1 rows → XLK_TV_daily.csv
XLP_SPY_ratio_TV_daily.csv: skip (ratio/composite)
XLP [STK/TRADES]: +1 rows → XLP_TV_daily.csv
XLRE [STK/TRADES]: +1 rows → XLRE_TV_daily.csv
XLU_SPY_ratio_TV_daily.csv: skip (ratio/composite)
XLU [STK/TRADES]: +1 rows → XLU_TV_daily.csv
XLU_XLV_XLP_composite_TV_daily.csv: skip (ratio/composite)
XLV [STK/TRADES]: +1 rows → XLV_TV_daily.csv
XLY [STK/TRADES]: +1 rows → XLY_TV_daily.csv
XLY_XLP_ratio_TV_daily.csv: skip (ratio/composite)
[IB] Disconnected.
[RATIO] DBC/SPY: rows=2527 → DBC_SPY_ratio_TV_daily.csv
[RATIO] DBC/TLT: rows=2527 → DBC_TLT_ratio_TV_daily.csv
[RATIO] DIA/QQQ: rows=2527 → DIA_QQQ_ratio_TV_daily.csv
[RATIO] EEM/SPY: rows=2528 → EEM_SPY_ratio_TV_daily.csv
[RATIO] EFA/SPY: rows=2528 → EFA_SPY_ratio_TV_daily.csv
[RATIO] FEZ/SPY: rows=2528 → FEZ_SPY_ratio_TV_daily.csv
[RATIO] GLD/SPY: rows=5238 → GLD_SPY_ratio_TV_daily.csv
[RATIO] GLD/TLT: rows=5238 → GLD_TLT_ratio_TV_daily.csv
[RATIO] HYG/IEI: rows=2040 → HYG_IEI_ratio_TV_daily.csv
[RATIO] JNK/LQD: rows=2527 → JNK_LQD_ratio_TV_daily.csv
[RATIO] QQQ/IWM: rows=2527 → QQQ_IWM_ratio_TV_daily.csv
[RATIO] QQQ/SPY: rows=2527 → QQQ_SPY_ratio_TV_daily.csv
[RATIO] SPHB/SPY: rows=2527 → SPHB_SPY_ratio_TV_daily.csv
[RATIO] XLP/SPY: rows=6723 → XLP_SPY_ratio_TV_daily.csv
[RATIO] XLY/XLP: rows=6723 → XLY_XLP_ratio_TV_daily.csv
[RATIO] HYG/TLT: rows=4638 → HYG_TLT_ratio_TV_daily.csv
[RATIO MISS] Missing input: /Users/Finance/QuantShared/market_trends/EMB_TV_daily.csv
[RATIO] LQD/TLT: rows=2528 → LQD_TLT_ratio_TV_daily.csv
[RATIO] RSP/SPY: rows=5631 → RSP_SPY_ratio_TV_daily.csv
[RATIO] RSP/QQQ: rows=2527 → RSP_QQQ_ratio_TV_daily.csv
[RATIO] SPY/TLT: rows=5822 → SPY_TLT_ratio_TV_daily.csv
[RATIO] QQQ/TLT: rows=2527 → QQQ_TLT_ratio_TV_daily.csv
[RATIO MISS] Missing input: /Users/Finance/QuantShared/market_trends/UUP_TV_daily.csv
[COMP ] XLU_XLV_XLP_composite: rows=6723 → XLU_XLV_XLP_composite_TV_daily.csv
[DONE] s13_market_trends_update complete.
[2025-09-15 14:48:46 UTC] s14_forex_update → s14_forex_update.py
[IB] Connecting 127.0.0.1:7496 (clientId=64) …
[IB] Connected.
[OK] USDEUR: +0 rows → /Users/Finance/QuantShared/forex/USDEUR_daily.csv
[IB] Disconnected.
[2025-09-15 14:48:46 UTC] s20_make_master_daily → s20_make_master_daily.py
[s20] ROOT=/Users/Finance
[s20] DATA_RAW(project)=/Users/Finance/data_raw
[s20] SHARED_BASE=/Users/Finance/QuantShared/data_raw_ETF_US
[s20] TT daily dir (read)=/Users/Finance/QuantShared/data_raw_ETF_US/daily
[s20] ETF list=/Users/Finance/QuantShared/ETF_list.xlsx (sheet=US_small)
[OK] Wrote /Users/Finance/data_raw/etf_prices_daily_master.csv | rows=70,162 | tickers=35
[2025-09-15 14:48:47 UTC] s30_enrich_to_parquet → s30_enrich_to_parquet.py
[2025-09-15 14:48:47 UTC] [ERR] /Users/Finance/QuantETFUS_small/scripts/us_open_v1.sh failed at line 123
[2025-09-16 14:45:05 UTC] === US-OPEN REFRESH (v1) START ===
[2025-09-16 14:45:05 UTC] s10_ibkr_download_daily → s10_ibkr_download_daily.py --client_id 87
[INFO] Excel=/Users/Finance/QuantShared/ETF_list.xlsx | sheet=signalsUSD | out=/Users/Finance/QuantShared/data_raw_ETF_US/daily
[IB] Connecting 127.0.0.1:7496 (clientId=87) …
[IB] Connected.
[1/35] BATT: +1 rows → /Users/Finance/QuantShared/data_raw_ETF_US/daily/BATT_daily_raw.csv
[2/35] COPX: +1 rows → /Users/Finance/QuantShared/data_raw_ETF_US/daily/COPX_daily_raw.csv
[3/35] DGTL: +1 rows → /Users/Finance/QuantShared/data_raw_ETF_US/daily/DGTL_daily_raw.csv
[4/35] GDX: +1 rows → /Users/Finance/QuantShared/data_raw_ETF_US/daily/GDX_daily_raw.csv
[5/35] GDXJ: +1 rows → /Users/Finance/QuantShared/data_raw_ETF_US/daily/GDXJ_daily_raw.csv
[6/35] IOGP: +1 rows → /Users/Finance/QuantShared/data_raw_ETF_US/daily/IOGP_daily_raw.csv
[7/35] ISAC: +1 rows → /Users/Finance/QuantShared/data_raw_ETF_US/daily/ISAC_daily_raw.csv
[8/35] ISUN: +1 rows → /Users/Finance/QuantShared/data_raw_ETF_US/daily/ISUN_daily_raw.csv
[9/35] IUCM: +1 rows → /Users/Finance/QuantShared/data_raw_ETF_US/daily/IUCM_daily_raw.csv
[10/35] IUCS: +1 rows → /Users/Finance/QuantShared/data_raw_ETF_US/daily/IUCS_daily_raw.csv
[11/35] IUES: +1 rows → /Users/Finance/QuantShared/data_raw_ETF_US/daily/IUES_daily_raw.csv
[12/35] IUFS: +1 rows → /Users/Finance/QuantShared/data_raw_ETF_US/daily/IUFS_daily_raw.csv
[13/35] IUHC: +1 rows → /Users/Finance/QuantShared/data_raw_ETF_US/daily/IUHC_daily_raw.csv
[14/35] IUIT: +1 rows → /Users/Finance/QuantShared/data_raw_ETF_US/daily/IUIT_daily_raw.csv
[15/35] IUUS: +1 rows → /Users/Finance/QuantShared/data_raw_ETF_US/daily/IUUS_daily_raw.csv
[16/35] IWDA: +1 rows → /Users/Finance/QuantShared/data_raw_ETF_US/daily/IWDA_daily_raw.csv
[17/35] PHAG: +1 rows → /Users/Finance/QuantShared/data_raw_ETF_US/daily/PHAG_daily_raw.csv
[18/35] RBOT: +1 rows → /Users/Finance/QuantShared/data_raw_ETF_US/daily/RBOT_daily_raw.csv
[19/35] RENW: +1 rows → /Users/Finance/QuantShared/data_raw_ETF_US/daily/RENW_daily_raw.csv
[20/35] SBIO: +1 rows → /Users/Finance/QuantShared/data_raw_ETF_US/daily/SBIO_daily_raw.csv
[21/35] SMH: +1 rows → /Users/Finance/QuantShared/data_raw_ETF_US/daily/SMH_daily_raw.csv
[22/35] SGLD: +1 rows → /Users/Finance/QuantShared/data_raw_ETF_US/daily/SGLD_daily_raw.csv
[23/35] SILV: +1 rows → /Users/Finance/QuantShared/data_raw_ETF_US/daily/SILV_daily_raw.csv
[24/35] URNJ: +1 rows → /Users/Finance/QuantShared/data_raw_ETF_US/daily/URNJ_daily_raw.csv
[25/35] URNM: +1 rows → /Users/Finance/QuantShared/data_raw_ETF_US/daily/URNM_daily_raw.csv
[26/35] USPY: +1 rows → /Users/Finance/QuantShared/data_raw_ETF_US/daily/USPY_daily_raw.csv
[27/35] VUAA: +1 rows → /Users/Finance/QuantShared/data_raw_ETF_US/daily/VUAA_daily_raw.csv
[28/35] XNAS: +1 rows → /Users/Finance/QuantShared/data_raw_ETF_US/daily/XNAS_daily_raw.csv
[29/35] XS2D: +1 rows → /Users/Finance/QuantShared/data_raw_ETF_US/daily/XS2D_daily_raw.csv
[30/35] XSPD: +1 rows → /Users/Finance/QuantShared/data_raw_ETF_US/daily/XSPD_daily_raw.csv
[31/35] XT2D: +1 rows → /Users/Finance/QuantShared/data_raw_ETF_US/daily/XT2D_daily_raw.csv
[32/35] AIGA: +1 rows → /Users/Finance/QuantShared/data_raw_ETF_US/daily/AIGA_daily_raw.csv
[33/35] AIAI: +1 rows → /Users/Finance/QuantShared/data_raw_ETF_US/daily/AIAI_daily_raw.csv
[34/35] XMED: +1 rows → /Users/Finance/QuantShared/data_raw_ETF_US/daily/XMED_daily_raw.csv
[35/35] ICOM: +1 rows → /Users/Finance/QuantShared/data_raw_ETF_US/daily/ICOM_daily_raw.csv
[DONE] s10_ibkr_download_daily (append-only, UTC) complete.
[2025-09-16 14:47:08 UTC] s12_ibkr_download_weekly → s12_ibkr_download_weekly.py
[INFO] Excel=/Users/Finance/QuantShared/ETF_list.xlsx | sheet=signalsUSD | outdir=/Users/Finance/QuantShared/data_raw_ETF_US/weekly
[INFO] Excel=/Users/Finance/QuantShared/ETF_list.xlsx | sheet=signalsUSD | outdir=/Users/Finance/QuantShared/data_raw_ETF_US/weekly
[IB] Connecting 127.0.0.1:7496 (clientId=62) …
[IB] Connected.
[1/35] BATT: +1 rows → /Users/Finance/QuantShared/data_raw_ETF_US/weekly/BATT_weekly_raw.csv
[2/35] COPX: +1 rows → /Users/Finance/QuantShared/data_raw_ETF_US/weekly/COPX_weekly_raw.csv
[3/35] DGTL: +1 rows → /Users/Finance/QuantShared/data_raw_ETF_US/weekly/DGTL_weekly_raw.csv
[4/35] GDX: +1 rows → /Users/Finance/QuantShared/data_raw_ETF_US/weekly/GDX_weekly_raw.csv
[5/35] GDXJ: +1 rows → /Users/Finance/QuantShared/data_raw_ETF_US/weekly/GDXJ_weekly_raw.csv
[6/35] IOGP: +1 rows → /Users/Finance/QuantShared/data_raw_ETF_US/weekly/IOGP_weekly_raw.csv
[7/35] ISAC: +1 rows → /Users/Finance/QuantShared/data_raw_ETF_US/weekly/ISAC_weekly_raw.csv
[8/35] ISUN: +1 rows → /Users/Finance/QuantShared/data_raw_ETF_US/weekly/ISUN_weekly_raw.csv
[9/35] IUCM: +1 rows → /Users/Finance/QuantShared/data_raw_ETF_US/weekly/IUCM_weekly_raw.csv
[10/35] IUCS: +1 rows → /Users/Finance/QuantShared/data_raw_ETF_US/weekly/IUCS_weekly_raw.csv
[11/35] IUES: +1 rows → /Users/Finance/QuantShared/data_raw_ETF_US/weekly/IUES_weekly_raw.csv
[12/35] IUFS: +1 rows → /Users/Finance/QuantShared/data_raw_ETF_US/weekly/IUFS_weekly_raw.csv
[13/35] IUHC: +1 rows → /Users/Finance/QuantShared/data_raw_ETF_US/weekly/IUHC_weekly_raw.csv
[14/35] IUIT: +1 rows → /Users/Finance/QuantShared/data_raw_ETF_US/weekly/IUIT_weekly_raw.csv
[15/35] IUUS: +1 rows → /Users/Finance/QuantShared/data_raw_ETF_US/weekly/IUUS_weekly_raw.csv
[16/35] IWDA: +1 rows → /Users/Finance/QuantShared/data_raw_ETF_US/weekly/IWDA_weekly_raw.csv
[17/35] PHAG: +1 rows → /Users/Finance/QuantShared/data_raw_ETF_US/weekly/PHAG_weekly_raw.csv
[18/35] RBOT: +1 rows → /Users/Finance/QuantShared/data_raw_ETF_US/weekly/RBOT_weekly_raw.csv
[19/35] RENW: +1 rows → /Users/Finance/QuantShared/data_raw_ETF_US/weekly/RENW_weekly_raw.csv
[20/35] SBIO: +1 rows → /Users/Finance/QuantShared/data_raw_ETF_US/weekly/SBIO_weekly_raw.csv
[21/35] SMH: +1 rows → /Users/Finance/QuantShared/data_raw_ETF_US/weekly/SMH_weekly_raw.csv
[22/35] SGLD: +1 rows → /Users/Finance/QuantShared/data_raw_ETF_US/weekly/SGLD_weekly_raw.csv
[23/35] SILV: +1 rows → /Users/Finance/QuantShared/data_raw_ETF_US/weekly/SILV_weekly_raw.csv
[24/35] URNJ: +1 rows → /Users/Finance/QuantShared/data_raw_ETF_US/weekly/URNJ_weekly_raw.csv
[25/35] URNM: +1 rows → /Users/Finance/QuantShared/data_raw_ETF_US/weekly/URNM_weekly_raw.csv
[26/35] USPY: +1 rows → /Users/Finance/QuantShared/data_raw_ETF_US/weekly/USPY_weekly_raw.csv
[27/35] VUAA: +1 rows → /Users/Finance/QuantShared/data_raw_ETF_US/weekly/VUAA_weekly_raw.csv
[28/35] XNAS: +1 rows → /Users/Finance/QuantShared/data_raw_ETF_US/weekly/XNAS_weekly_raw.csv
[29/35] XS2D: +1 rows → /Users/Finance/QuantShared/data_raw_ETF_US/weekly/XS2D_weekly_raw.csv
[30/35] XSPD: +1 rows → /Users/Finance/QuantShared/data_raw_ETF_US/weekly/XSPD_weekly_raw.csv
[31/35] XT2D: +1 rows → /Users/Finance/QuantShared/data_raw_ETF_US/weekly/XT2D_weekly_raw.csv
[32/35] AIGA: +1 rows → /Users/Finance/QuantShared/data_raw_ETF_US/weekly/AIGA_weekly_raw.csv
[33/35] AIAI: +1 rows → /Users/Finance/QuantShared/data_raw_ETF_US/weekly/AIAI_weekly_raw.csv
[34/35] XMED: +1 rows → /Users/Finance/QuantShared/data_raw_ETF_US/weekly/XMED_weekly_raw.csv
[35/35] ICOM: +1 rows → /Users/Finance/QuantShared/data_raw_ETF_US/weekly/ICOM_weekly_raw.csv
[DONE] s12_ibkr_download_weekly complete.
[2025-09-16 14:47:31 UTC] s13_market_trends_update → s13_market_trends_update.py
[INFO] Using list: /Users/Finance/QuantShared/ETF_list.xlsx | sheet=market_trends | tickers=66
[IB] Connecting 127.0.0.1:7496 (clientId=63) …
[IB] Connected.
CEW_DXY_ratio_TV_daily.csv: skip (ratio/composite)
CEW [STK/TRADES]: +1 rows → CEW_TV_daily.csv
DBC_SPY_ratio_TV_daily.csv: skip (ratio/composite)
DBC_TLT_ratio_TV_daily.csv: skip (ratio/composite)
DBC [STK/TRADES]: +1 rows → DBC_TV_daily.csv
DIA_QQQ_ratio_TV_daily.csv: skip (ratio/composite)
DIA [STK/TRADES]: +1 rows → DIA_TV_daily.csv
DXY_TV_daily.csv: skip (ticker not in ETF_list.xlsx → market_trends)
EEM_SPY_ratio_TV_daily.csv: skip (ratio/composite)
EEM [STK/TRADES]: +1 rows → EEM_TV_daily.csv
EFA_SPY_ratio_TV_daily.csv: skip (ratio/composite)
EFA [STK/TRADES]: +1 rows → EFA_TV_daily.csv
FEZ_SPY_ratio_TV_daily.csv: skip (ratio/composite)
FEZ [STK/TRADES]: +1 rows → FEZ_TV_daily.csv
GDX [STK/TRADES]: +1 rows → GDX_TV_daily.csv
GLD_SPY_ratio_TV_daily.csv: skip (ratio/composite)
GLD_TLT_ratio_TV_daily.csv: skip (ratio/composite)
GLD [STK/TRADES]: +1 rows → GLD_TV_daily.csv
HYG_IEI_ratio_TV_daily.csv: skip (ratio/composite)
HYG_LQD_ratio_TV_daily.csv: skip (ratio/composite)
HYG_TLT_ratio_TV_daily.csv: skip (ratio/composite)
HYG [STK/TRADES]: +1 rows → HYG_TV_daily.csv
IEI [STK/TRADES]: +1 rows → IEI_TV_daily.csv
IWC [STK/TRADES]: +1 rows → IWC_TV_daily.csv
IWM [STK/TRADES]: +1 rows → IWM_TV_daily.csv
JNK_LQD_ratio_TV_daily.csv: skip (ratio/composite)
JNK [STK/TRADES]: +1 rows → JNK_TV_daily.csv
KRE [STK/TRADES]: +1 rows → KRE_TV_daily.csv
LQD_TLT_ratio_TV_daily.csv: skip (ratio/composite)
LQD [STK/TRADES]: +1 rows → LQD_TV_daily.csv
PC_TV_daily.csv: skip (ticker not in ETF_list.xlsx → market_trends)
QQQ_IWM_ratio_TV_daily.csv: skip (ratio/composite)
QQQ_SPY_ratio_TV_daily.csv: skip (ratio/composite)
QQQ_TLT_ratio_TV_daily.csv: skip (ratio/composite)
QQQ [STK/TRADES]: +1 rows → QQQ_TV_daily.csv
RSP_QQQ_ratio_TV_daily.csv: skip (ratio/composite)
RSP_SPY_ratio_TV_daily.csv: skip (ratio/composite)
RSP [STK/TRADES]: +1 rows → RSP_TV_daily.csv
SLV [STK/TRADES]: +1 rows → SLV_TV_daily.csv
SPHB_SPY_ratio_TV_daily.csv: skip (ratio/composite)
SPHB [STK/TRADES]: +1 rows → SPHB_TV_daily.csv
SPYD [STK/TRADES]: +1 rows → SPYD_TV_daily.csv
SPY_TLT_ratio_TV_daily.csv: skip (ratio/composite)
SPY [STK/TRADES]: +1 rows → SPY_TV_daily.csv
TLT [STK/TRADES]: +1 rows → TLT_TV_daily.csv
VIX3M [IND/TRADES]: +1 rows → VIX3M_TV_daily.csv
VIX9D [IND/TRADES]: +1 rows → VIX9D_TV_daily.csv
VIX [IND/TRADES]: +1 rows → VIX_TV_daily.csv
VVIX [IND/TRADES]: +1 rows → VVIX_TV_daily.csv
XHB [STK/TRADES]: +1 rows → XHB_TV_daily.csv
XLB [STK/TRADES]: +1 rows → XLB_TV_daily.csv
XLC [STK/TRADES]: +1 rows → XLC_TV_daily.csv
XLE [STK/TRADES]: +1 rows → XLE_TV_daily.csv
XLF [STK/TRADES]: +1 rows → XLF_TV_daily.csv
XLI [STK/TRADES]: +1 rows → XLI_TV_daily.csv
XLK [STK/TRADES]: +1 rows → XLK_TV_daily.csv
XLP_SPY_ratio_TV_daily.csv: skip (ratio/composite)
XLP [STK/TRADES]: +1 rows → XLP_TV_daily.csv
XLRE [STK/TRADES]: +1 rows → XLRE_TV_daily.csv
XLU_SPY_ratio_TV_daily.csv: skip (ratio/composite)
XLU [STK/TRADES]: +1 rows → XLU_TV_daily.csv
XLU_XLV_XLP_composite_TV_daily.csv: skip (ratio/composite)
XLV [STK/TRADES]: +1 rows → XLV_TV_daily.csv
XLY [STK/TRADES]: +1 rows → XLY_TV_daily.csv
XLY_XLP_ratio_TV_daily.csv: skip (ratio/composite)
[IB] Disconnected.
[RATIO] DBC/SPY: rows=2528 → DBC_SPY_ratio_TV_daily.csv
[RATIO] DBC/TLT: rows=2528 → DBC_TLT_ratio_TV_daily.csv
[RATIO] DIA/QQQ: rows=2528 → DIA_QQQ_ratio_TV_daily.csv
[RATIO] EEM/SPY: rows=2529 → EEM_SPY_ratio_TV_daily.csv
[RATIO] EFA/SPY: rows=2529 → EFA_SPY_ratio_TV_daily.csv
[RATIO] FEZ/SPY: rows=2529 → FEZ_SPY_ratio_TV_daily.csv
[RATIO] GLD/SPY: rows=5239 → GLD_SPY_ratio_TV_daily.csv
[RATIO] GLD/TLT: rows=5239 → GLD_TLT_ratio_TV_daily.csv
[RATIO] HYG/IEI: rows=2041 → HYG_IEI_ratio_TV_daily.csv
[RATIO] JNK/LQD: rows=2528 → JNK_LQD_ratio_TV_daily.csv
[RATIO] QQQ/IWM: rows=2528 → QQQ_IWM_ratio_TV_daily.csv
[RATIO] QQQ/SPY: rows=2528 → QQQ_SPY_ratio_TV_daily.csv
[RATIO] SPHB/SPY: rows=2528 → SPHB_SPY_ratio_TV_daily.csv
[RATIO] XLP/SPY: rows=6724 → XLP_SPY_ratio_TV_daily.csv
[RATIO] XLY/XLP: rows=6724 → XLY_XLP_ratio_TV_daily.csv
[RATIO] HYG/TLT: rows=4639 → HYG_TLT_ratio_TV_daily.csv
[RATIO MISS] Missing input: /Users/Finance/QuantShared/market_trends/EMB_TV_daily.csv
[RATIO] LQD/TLT: rows=2529 → LQD_TLT_ratio_TV_daily.csv
[RATIO] RSP/SPY: rows=5632 → RSP_SPY_ratio_TV_daily.csv
[RATIO] RSP/QQQ: rows=2528 → RSP_QQQ_ratio_TV_daily.csv
[RATIO] SPY/TLT: rows=5823 → SPY_TLT_ratio_TV_daily.csv
[RATIO] QQQ/TLT: rows=2528 → QQQ_TLT_ratio_TV_daily.csv
[RATIO MISS] Missing input: /Users/Finance/QuantShared/market_trends/UUP_TV_daily.csv
[COMP ] XLU_XLV_XLP_composite: rows=6724 → XLU_XLV_XLP_composite_TV_daily.csv
[DONE] s13_market_trends_update complete.
[2025-09-16 14:48:50 UTC] s14_forex_update → s14_forex_update.py
[IB] Connecting 127.0.0.1:7496 (clientId=64) …
[IB] Connected.
[OK] USDEUR: +0 rows → /Users/Finance/QuantShared/forex/USDEUR_daily.csv
[IB] Disconnected.
[2025-09-16 14:48:51 UTC] s20_make_master_daily → s20_make_master_daily.py
[s20] ROOT=/Users/Finance
[s20] DATA_RAW(project)=/Users/Finance/data_raw
[s20] SHARED_BASE=/Users/Finance/QuantShared/data_raw_ETF_US
[s20] TT daily dir (read)=/Users/Finance/QuantShared/data_raw_ETF_US/daily
[s20] ETF list=/Users/Finance/QuantShared/ETF_list.xlsx (sheet=US_small)
[OK] Wrote /Users/Finance/data_raw/etf_prices_daily_master.csv | rows=70,197 | tickers=35
[2025-09-16 14:48:51 UTC] s30_enrich_to_parquet → s30_enrich_to_parquet.py
[2025-09-16 14:48:51 UTC] [ERR] /Users/Finance/QuantETFUS_small/scripts/us_open_v1.sh failed at line 123
[2025-09-17 14:45:05 UTC] === US-OPEN REFRESH (v1) START ===
[2025-09-17 14:45:05 UTC] s10_ibkr_download_daily → s10_ibkr_download_daily.py --client_id 87
[INFO] Excel=/Users/Finance/QuantShared/ETF_list.xlsx | sheet=signalsUSD | out=/Users/Finance/QuantShared/data_raw_ETF_US/daily
[IB] Connecting 127.0.0.1:7496 (clientId=87) …
[IB] Connected.
[1/35] BATT: +0 rows → /Users/Finance/QuantShared/data_raw_ETF_US/daily/BATT_daily_raw.csv
[2/35] COPX: +0 rows → /Users/Finance/QuantShared/data_raw_ETF_US/daily/COPX_daily_raw.csv
[3/35] DGTL: +0 rows → /Users/Finance/QuantShared/data_raw_ETF_US/daily/DGTL_daily_raw.csv
[4/35] GDX: +0 rows → /Users/Finance/QuantShared/data_raw_ETF_US/daily/GDX_daily_raw.csv
[5/35] GDXJ: +0 rows → /Users/Finance/QuantShared/data_raw_ETF_US/daily/GDXJ_daily_raw.csv
[6/35] IOGP: +0 rows → /Users/Finance/QuantShared/data_raw_ETF_US/daily/IOGP_daily_raw.csv
[7/35] ISAC: +0 rows → /Users/Finance/QuantShared/data_raw_ETF_US/daily/ISAC_daily_raw.csv
[8/35] ISUN: +1 rows → /Users/Finance/QuantShared/data_raw_ETF_US/daily/ISUN_daily_raw.csv
[9/35] IUCM: +0 rows → /Users/Finance/QuantShared/data_raw_ETF_US/daily/IUCM_daily_raw.csv
[10/35] IUCS: +0 rows → /Users/Finance/QuantShared/data_raw_ETF_US/daily/IUCS_daily_raw.csv
[11/35] IUES: +0 rows → /Users/Finance/QuantShared/data_raw_ETF_US/daily/IUES_daily_raw.csv
[12/35] IUFS: +0 rows → /Users/Finance/QuantShared/data_raw_ETF_US/daily/IUFS_daily_raw.csv
[13/35] IUHC: +0 rows → /Users/Finance/QuantShared/data_raw_ETF_US/daily/IUHC_daily_raw.csv
[14/35] IUIT: +0 rows → /Users/Finance/QuantShared/data_raw_ETF_US/daily/IUIT_daily_raw.csv
[15/35] IUUS: +0 rows → /Users/Finance/QuantShared/data_raw_ETF_US/daily/IUUS_daily_raw.csv
[16/35] IWDA: +0 rows → /Users/Finance/QuantShared/data_raw_ETF_US/daily/IWDA_daily_raw.csv
[17/35] PHAG: +0 rows → /Users/Finance/QuantShared/data_raw_ETF_US/daily/PHAG_daily_raw.csv
[18/35] RBOT: +0 rows → /Users/Finance/QuantShared/data_raw_ETF_US/daily/RBOT_daily_raw.csv
[19/35] RENW: +0 rows → /Users/Finance/QuantShared/data_raw_ETF_US/daily/RENW_daily_raw.csv
[20/35] SBIO: +0 rows → /Users/Finance/QuantShared/data_raw_ETF_US/daily/SBIO_daily_raw.csv
[21/35] SMH: +0 rows → /Users/Finance/QuantShared/data_raw_ETF_US/daily/SMH_daily_raw.csv
[22/35] SGLD: +0 rows → /Users/Finance/QuantShared/data_raw_ETF_US/daily/SGLD_daily_raw.csv
[23/35] SILV: +0 rows → /Users/Finance/QuantShared/data_raw_ETF_US/daily/SILV_daily_raw.csv
[24/35] URNJ: +0 rows → /Users/Finance/QuantShared/data_raw_ETF_US/daily/URNJ_daily_raw.csv
[25/35] URNM: +0 rows → /Users/Finance/QuantShared/data_raw_ETF_US/daily/URNM_daily_raw.csv
[26/35] USPY: +0 rows → /Users/Finance/QuantShared/data_raw_ETF_US/daily/USPY_daily_raw.csv
[27/35] VUAA: +0 rows → /Users/Finance/QuantShared/data_raw_ETF_US/daily/VUAA_daily_raw.csv
[28/35] XNAS: +0 rows → /Users/Finance/QuantShared/data_raw_ETF_US/daily/XNAS_daily_raw.csv
[29/35] XS2D: +0 rows → /Users/Finance/QuantShared/data_raw_ETF_US/daily/XS2D_daily_raw.csv
[30/35] XSPD: +0 rows → /Users/Finance/QuantShared/data_raw_ETF_US/daily/XSPD_daily_raw.csv
[31/35] XT2D: +0 rows → /Users/Finance/QuantShared/data_raw_ETF_US/daily/XT2D_daily_raw.csv
[32/35] AIGA: +0 rows → /Users/Finance/QuantShared/data_raw_ETF_US/daily/AIGA_daily_raw.csv
[33/35] AIAI: +0 rows → /Users/Finance/QuantShared/data_raw_ETF_US/daily/AIAI_daily_raw.csv
[34/35] XMED: +0 rows → /Users/Finance/QuantShared/data_raw_ETF_US/daily/XMED_daily_raw.csv
[35/35] ICOM: +0 rows → /Users/Finance/QuantShared/data_raw_ETF_US/daily/ICOM_daily_raw.csv
[DONE] s10_ibkr_download_daily (append-only, UTC) complete.
[2025-09-17 14:47:10 UTC] s12_ibkr_download_weekly → s12_ibkr_download_weekly.py
[INFO] Excel=/Users/Finance/QuantShared/ETF_list.xlsx | sheet=signalsUSD | outdir=/Users/Finance/QuantShared/data_raw_ETF_US/weekly
[INFO] Excel=/Users/Finance/QuantShared/ETF_list.xlsx | sheet=signalsUSD | outdir=/Users/Finance/QuantShared/data_raw_ETF_US/weekly
[IB] Connecting 127.0.0.1:7496 (clientId=62) …
[IB] Connected.
[1/35] BATT: +0 rows → /Users/Finance/QuantShared/data_raw_ETF_US/weekly/BATT_weekly_raw.csv
[2/35] COPX: +0 rows → /Users/Finance/QuantShared/data_raw_ETF_US/weekly/COPX_weekly_raw.csv
[3/35] DGTL: +0 rows → /Users/Finance/QuantShared/data_raw_ETF_US/weekly/DGTL_weekly_raw.csv
[4/35] GDX: +0 rows → /Users/Finance/QuantShared/data_raw_ETF_US/weekly/GDX_weekly_raw.csv
[5/35] GDXJ: +0 rows → /Users/Finance/QuantShared/data_raw_ETF_US/weekly/GDXJ_weekly_raw.csv
[6/35] IOGP: +0 rows → /Users/Finance/QuantShared/data_raw_ETF_US/weekly/IOGP_weekly_raw.csv
[7/35] ISAC: +0 rows → /Users/Finance/QuantShared/data_raw_ETF_US/weekly/ISAC_weekly_raw.csv
[8/35] ISUN: +0 rows → /Users/Finance/QuantShared/data_raw_ETF_US/weekly/ISUN_weekly_raw.csv
[9/35] IUCM: +0 rows → /Users/Finance/QuantShared/data_raw_ETF_US/weekly/IUCM_weekly_raw.csv
[10/35] IUCS: +0 rows → /Users/Finance/QuantShared/data_raw_ETF_US/weekly/IUCS_weekly_raw.csv
[11/35] IUES: +0 rows → /Users/Finance/QuantShared/data_raw_ETF_US/weekly/IUES_weekly_raw.csv
[12/35] IUFS: +0 rows → /Users/Finance/QuantShared/data_raw_ETF_US/weekly/IUFS_weekly_raw.csv
[13/35] IUHC: +0 rows → /Users/Finance/QuantShared/data_raw_ETF_US/weekly/IUHC_weekly_raw.csv
[14/35] IUIT: +0 rows → /Users/Finance/QuantShared/data_raw_ETF_US/weekly/IUIT_weekly_raw.csv
[15/35] IUUS: +0 rows → /Users/Finance/QuantShared/data_raw_ETF_US/weekly/IUUS_weekly_raw.csv
[16/35] IWDA: +0 rows → /Users/Finance/QuantShared/data_raw_ETF_US/weekly/IWDA_weekly_raw.csv
[17/35] PHAG: +0 rows → /Users/Finance/QuantShared/data_raw_ETF_US/weekly/PHAG_weekly_raw.csv
[18/35] RBOT: +0 rows → /Users/Finance/QuantShared/data_raw_ETF_US/weekly/RBOT_weekly_raw.csv
[19/35] RENW: +0 rows → /Users/Finance/QuantShared/data_raw_ETF_US/weekly/RENW_weekly_raw.csv
[20/35] SBIO: +0 rows → /Users/Finance/QuantShared/data_raw_ETF_US/weekly/SBIO_weekly_raw.csv
[21/35] SMH: +0 rows → /Users/Finance/QuantShared/data_raw_ETF_US/weekly/SMH_weekly_raw.csv
[22/35] SGLD: +0 rows → /Users/Finance/QuantShared/data_raw_ETF_US/weekly/SGLD_weekly_raw.csv
[23/35] SILV: +0 rows → /Users/Finance/QuantShared/data_raw_ETF_US/weekly/SILV_weekly_raw.csv
[24/35] URNJ: +0 rows → /Users/Finance/QuantShared/data_raw_ETF_US/weekly/URNJ_weekly_raw.csv
[25/35] URNM: +0 rows → /Users/Finance/QuantShared/data_raw_ETF_US/weekly/URNM_weekly_raw.csv
[26/35] USPY: +0 rows → /Users/Finance/QuantShared/data_raw_ETF_US/weekly/USPY_weekly_raw.csv
[27/35] VUAA: +0 rows → /Users/Finance/QuantShared/data_raw_ETF_US/weekly/VUAA_weekly_raw.csv
[28/35] XNAS: +0 rows → /Users/Finance/QuantShared/data_raw_ETF_US/weekly/XNAS_weekly_raw.csv
[29/35] XS2D: +0 rows → /Users/Finance/QuantShared/data_raw_ETF_US/weekly/XS2D_weekly_raw.csv
[30/35] XSPD: +0 rows → /Users/Finance/QuantShared/data_raw_ETF_US/weekly/XSPD_weekly_raw.csv
[31/35] XT2D: +0 rows → /Users/Finance/QuantShared/data_raw_ETF_US/weekly/XT2D_weekly_raw.csv
[32/35] AIGA: +0 rows → /Users/Finance/QuantShared/data_raw_ETF_US/weekly/AIGA_weekly_raw.csv
[33/35] AIAI: +0 rows → /Users/Finance/QuantShared/data_raw_ETF_US/weekly/AIAI_weekly_raw.csv
[34/35] XMED: +0 rows → /Users/Finance/QuantShared/data_raw_ETF_US/weekly/XMED_weekly_raw.csv
[35/35] ICOM: +0 rows → /Users/Finance/QuantShared/data_raw_ETF_US/weekly/ICOM_weekly_raw.csv
[DONE] s12_ibkr_download_weekly complete.
[2025-09-17 14:47:30 UTC] s13_market_trends_update → s13_market_trends_update.py
[INFO] Using list: /Users/Finance/QuantShared/ETF_list.xlsx | sheet=market_trends | tickers=66
[IB] Connecting 127.0.0.1:7496 (clientId=63) …
[IB] Connected.
CEW_DXY_ratio_TV_daily.csv: skip (ratio/composite)
CEW [STK/TRADES]: +1 rows → CEW_TV_daily.csv
DBC_SPY_ratio_TV_daily.csv: skip (ratio/composite)
DBC_TLT_ratio_TV_daily.csv: skip (ratio/composite)
DBC [STK/TRADES]: +1 rows → DBC_TV_daily.csv
DIA_QQQ_ratio_TV_daily.csv: skip (ratio/composite)
DIA [STK/TRADES]: +1 rows → DIA_TV_daily.csv
DXY_TV_daily.csv: skip (ticker not in ETF_list.xlsx → market_trends)
EEM_SPY_ratio_TV_daily.csv: skip (ratio/composite)
EEM [STK/TRADES]: +1 rows → EEM_TV_daily.csv
EFA_SPY_ratio_TV_daily.csv: skip (ratio/composite)
EFA [STK/TRADES]: +1 rows → EFA_TV_daily.csv
FEZ_SPY_ratio_TV_daily.csv: skip (ratio/composite)
FEZ [STK/TRADES]: +1 rows → FEZ_TV_daily.csv
GDX [STK/TRADES]: +0 rows → GDX_TV_daily.csv
GLD_SPY_ratio_TV_daily.csv: skip (ratio/composite)
GLD_TLT_ratio_TV_daily.csv: skip (ratio/composite)
GLD [STK/TRADES]: +1 rows → GLD_TV_daily.csv
HYG_IEI_ratio_TV_daily.csv: skip (ratio/composite)
HYG_LQD_ratio_TV_daily.csv: skip (ratio/composite)
HYG_TLT_ratio_TV_daily.csv: skip (ratio/composite)
HYG [STK/TRADES]: +1 rows → HYG_TV_daily.csv
IEI [STK/TRADES]: +1 rows → IEI_TV_daily.csv
IWC [STK/TRADES]: +1 rows → IWC_TV_daily.csv
IWM [STK/TRADES]: +1 rows → IWM_TV_daily.csv
JNK_LQD_ratio_TV_daily.csv: skip (ratio/composite)
JNK [STK/TRADES]: +1 rows → JNK_TV_daily.csv
KRE [STK/TRADES]: +1 rows → KRE_TV_daily.csv
LQD_TLT_ratio_TV_daily.csv: skip (ratio/composite)
LQD [STK/TRADES]: +1 rows → LQD_TV_daily.csv
PC_TV_daily.csv: skip (ticker not in ETF_list.xlsx → market_trends)
QQQ_IWM_ratio_TV_daily.csv: skip (ratio/composite)
QQQ_SPY_ratio_TV_daily.csv: skip (ratio/composite)
QQQ_TLT_ratio_TV_daily.csv: skip (ratio/composite)
QQQ [STK/TRADES]: +1 rows → QQQ_TV_daily.csv
RSP_QQQ_ratio_TV_daily.csv: skip (ratio/composite)
RSP_SPY_ratio_TV_daily.csv: skip (ratio/composite)
RSP [STK/TRADES]: +1 rows → RSP_TV_daily.csv
SLV [STK/TRADES]: +1 rows → SLV_TV_daily.csv
SPHB_SPY_ratio_TV_daily.csv: skip (ratio/composite)
SPHB [STK/TRADES]: +1 rows → SPHB_TV_daily.csv
SPYD [STK/TRADES]: +1 rows → SPYD_TV_daily.csv
SPY_TLT_ratio_TV_daily.csv: skip (ratio/composite)
SPY [STK/TRADES]: +1 rows → SPY_TV_daily.csv
TLT [STK/TRADES]: +1 rows → TLT_TV_daily.csv
VIX3M [IND/TRADES]: +1 rows → VIX3M_TV_daily.csv
VIX9D [IND/TRADES]: +1 rows → VIX9D_TV_daily.csv
VIX [IND/TRADES]: +0 rows → VIX_TV_daily.csv
VVIX [IND/TRADES]: +1 rows → VVIX_TV_daily.csv
XHB [STK/TRADES]: +1 rows → XHB_TV_daily.csv
XLB [STK/TRADES]: +1 rows → XLB_TV_daily.csv
XLC [STK/TRADES]: +1 rows → XLC_TV_daily.csv
XLE [STK/TRADES]: +1 rows → XLE_TV_daily.csv
XLF [STK/TRADES]: +1 rows → XLF_TV_daily.csv
XLI [STK/TRADES]: +1 rows → XLI_TV_daily.csv
XLK [STK/TRADES]: +1 rows → XLK_TV_daily.csv
XLP_SPY_ratio_TV_daily.csv: skip (ratio/composite)
XLP [STK/TRADES]: +1 rows → XLP_TV_daily.csv
XLRE [STK/TRADES]: +1 rows → XLRE_TV_daily.csv
XLU_SPY_ratio_TV_daily.csv: skip (ratio/composite)
XLU [STK/TRADES]: +1 rows → XLU_TV_daily.csv
XLU_XLV_XLP_composite_TV_daily.csv: skip (ratio/composite)
XLV [STK/TRADES]: +1 rows → XLV_TV_daily.csv
XLY [STK/TRADES]: +1 rows → XLY_TV_daily.csv
XLY_XLP_ratio_TV_daily.csv: skip (ratio/composite)
[IB] Disconnected.
[RATIO] DBC/SPY: rows=2529 → DBC_SPY_ratio_TV_daily.csv
[RATIO] DBC/TLT: rows=2529 → DBC_TLT_ratio_TV_daily.csv
[RATIO] DIA/QQQ: rows=2529 → DIA_QQQ_ratio_TV_daily.csv
[RATIO] EEM/SPY: rows=2530 → EEM_SPY_ratio_TV_daily.csv
[RATIO] EFA/SPY: rows=2530 → EFA_SPY_ratio_TV_daily.csv
[RATIO] FEZ/SPY: rows=2530 → FEZ_SPY_ratio_TV_daily.csv
[RATIO] GLD/SPY: rows=5240 → GLD_SPY_ratio_TV_daily.csv
[RATIO] GLD/TLT: rows=5240 → GLD_TLT_ratio_TV_daily.csv
[RATIO] HYG/IEI: rows=2042 → HYG_IEI_ratio_TV_daily.csv
[RATIO] JNK/LQD: rows=2529 → JNK_LQD_ratio_TV_daily.csv
[RATIO] QQQ/IWM: rows=2529 → QQQ_IWM_ratio_TV_daily.csv
[RATIO] QQQ/SPY: rows=2529 → QQQ_SPY_ratio_TV_daily.csv
[RATIO] SPHB/SPY: rows=2529 → SPHB_SPY_ratio_TV_daily.csv
[RATIO] XLP/SPY: rows=6725 → XLP_SPY_ratio_TV_daily.csv
[RATIO] XLY/XLP: rows=6725 → XLY_XLP_ratio_TV_daily.csv
[RATIO] HYG/TLT: rows=4640 → HYG_TLT_ratio_TV_daily.csv
[RATIO MISS] Missing input: /Users/Finance/QuantShared/market_trends/EMB_TV_daily.csv
[RATIO] LQD/TLT: rows=2530 → LQD_TLT_ratio_TV_daily.csv
[RATIO] RSP/SPY: rows=5633 → RSP_SPY_ratio_TV_daily.csv
[RATIO] RSP/QQQ: rows=2529 → RSP_QQQ_ratio_TV_daily.csv
[RATIO] SPY/TLT: rows=5824 → SPY_TLT_ratio_TV_daily.csv
[RATIO] QQQ/TLT: rows=2529 → QQQ_TLT_ratio_TV_daily.csv
[RATIO MISS] Missing input: /Users/Finance/QuantShared/market_trends/UUP_TV_daily.csv
[COMP ] XLU_XLV_XLP_composite: rows=6725 → XLU_XLV_XLP_composite_TV_daily.csv
[DONE] s13_market_trends_update complete.
[2025-09-17 14:48:48 UTC] s14_forex_update → s14_forex_update.py
[IB] Connecting 127.0.0.1:7496 (clientId=64) …
[IB] Connected.
[OK] USDEUR: +0 rows → /Users/Finance/QuantShared/forex/USDEUR_daily.csv
[IB] Disconnected.
[2025-09-17 14:48:49 UTC] s20_make_master_daily → s20_make_master_daily.py
[s20] ROOT=/Users/Finance
[s20] DATA_RAW(project)=/Users/Finance/data_raw
[s20] SHARED_BASE=/Users/Finance/QuantShared/data_raw_ETF_US
[s20] TT daily dir (read)=/Users/Finance/QuantShared/data_raw_ETF_US/daily
[s20] ETF list=/Users/Finance/QuantShared/ETF_list.xlsx (sheet=US_small)
[OK] Wrote /Users/Finance/data_raw/etf_prices_daily_master.csv | rows=70,232 | tickers=35
[2025-09-17 14:48:49 UTC] s30_enrich_to_parquet → s30_enrich_to_parquet.py
[2025-09-17 14:48:49 UTC] [ERR] /Users/Finance/QuantETFUS_small/scripts/us_open_v1.sh failed at line 123
[2025-09-18 07:50:05 UTC] === US-OPEN REFRESH (v1) START ===
[2025-09-18 07:50:05 UTC] s10_ibkr_download_daily → s10_ibkr_download_daily.py --client_id 87
[INFO] Excel=/Users/Finance/QuantShared/ETF_list.xlsx | sheet=signalsUSD | out=/Users/Finance/QuantShared/data_raw_ETF_US/daily
[IB] Connecting 127.0.0.1:7496 (clientId=87) …
[2025-09-18 07:50:18 UTC] [ERR] /Users/Finance/QuantETFUS_small/scripts/us_open_v1.sh failed at line 123
[2025-09-18 14:45:00 UTC] === US-OPEN REFRESH (v1) START ===
[2025-09-18 14:45:00 UTC] s10_ibkr_download_daily → s10_ibkr_download_daily.py --client_id 87
[INFO] Excel=/Users/Finance/QuantShared/ETF_list.xlsx | sheet=signalsUSD | out=/Users/Finance/QuantShared/data_raw_ETF_US/daily
[IB] Connecting 127.0.0.1:7496 (clientId=87) …
[IB] Connected.
[1/35] BATT: +0 rows → /Users/Finance/QuantShared/data_raw_ETF_US/daily/BATT_daily_raw.csv
[2/35] COPX: +0 rows → /Users/Finance/QuantShared/data_raw_ETF_US/daily/COPX_daily_raw.csv
[3/35] DGTL: +0 rows → /Users/Finance/QuantShared/data_raw_ETF_US/daily/DGTL_daily_raw.csv
[4/35] GDX: +0 rows → /Users/Finance/QuantShared/data_raw_ETF_US/daily/GDX_daily_raw.csv
[5/35] GDXJ: +0 rows → /Users/Finance/QuantShared/data_raw_ETF_US/daily/GDXJ_daily_raw.csv
[6/35] IOGP: +0 rows → /Users/Finance/QuantShared/data_raw_ETF_US/daily/IOGP_daily_raw.csv
[7/35] ISAC: +0 rows → /Users/Finance/QuantShared/data_raw_ETF_US/daily/ISAC_daily_raw.csv
[8/35] ISUN: +1 rows → /Users/Finance/QuantShared/data_raw_ETF_US/daily/ISUN_daily_raw.csv
[9/35] IUCM: +0 rows → /Users/Finance/QuantShared/data_raw_ETF_US/daily/IUCM_daily_raw.csv
[10/35] IUCS: +0 rows → /Users/Finance/QuantShared/data_raw_ETF_US/daily/IUCS_daily_raw.csv
[11/35] IUES: +0 rows → /Users/Finance/QuantShared/data_raw_ETF_US/daily/IUES_daily_raw.csv
[12/35] IUFS: +0 rows → /Users/Finance/QuantShared/data_raw_ETF_US/daily/IUFS_daily_raw.csv
[13/35] IUHC: +0 rows → /Users/Finance/QuantShared/data_raw_ETF_US/daily/IUHC_daily_raw.csv
[14/35] IUIT: +0 rows → /Users/Finance/QuantShared/data_raw_ETF_US/daily/IUIT_daily_raw.csv
[15/35] IUUS: +0 rows → /Users/Finance/QuantShared/data_raw_ETF_US/daily/IUUS_daily_raw.csv
[16/35] IWDA: +0 rows → /Users/Finance/QuantShared/data_raw_ETF_US/daily/IWDA_daily_raw.csv
[17/35] PHAG: +0 rows → /Users/Finance/QuantShared/data_raw_ETF_US/daily/PHAG_daily_raw.csv
[18/35] RBOT: +0 rows → /Users/Finance/QuantShared/data_raw_ETF_US/daily/RBOT_daily_raw.csv
[19/35] RENW: +0 rows → /Users/Finance/QuantShared/data_raw_ETF_US/daily/RENW_daily_raw.csv
[20/35] SBIO: +0 rows → /Users/Finance/QuantShared/data_raw_ETF_US/daily/SBIO_daily_raw.csv
[21/35] SMH: +0 rows → /Users/Finance/QuantShared/data_raw_ETF_US/daily/SMH_daily_raw.csv
[22/35] SGLD: +0 rows → /Users/Finance/QuantShared/data_raw_ETF_US/daily/SGLD_daily_raw.csv
[23/35] SILV: +0 rows → /Users/Finance/QuantShared/data_raw_ETF_US/daily/SILV_daily_raw.csv
[24/35] URNJ: +0 rows → /Users/Finance/QuantShared/data_raw_ETF_US/daily/URNJ_daily_raw.csv
[25/35] URNM: +0 rows → /Users/Finance/QuantShared/data_raw_ETF_US/daily/URNM_daily_raw.csv
[26/35] USPY: +0 rows → /Users/Finance/QuantShared/data_raw_ETF_US/daily/USPY_daily_raw.csv
[27/35] VUAA: +0 rows → /Users/Finance/QuantShared/data_raw_ETF_US/daily/VUAA_daily_raw.csv
[28/35] XNAS: +0 rows → /Users/Finance/QuantShared/data_raw_ETF_US/daily/XNAS_daily_raw.csv
[29/35] XS2D: +0 rows → /Users/Finance/QuantShared/data_raw_ETF_US/daily/XS2D_daily_raw.csv
[30/35] XSPD: +0 rows → /Users/Finance/QuantShared/data_raw_ETF_US/daily/XSPD_daily_raw.csv
[31/35] XT2D: +1 rows → /Users/Finance/QuantShared/data_raw_ETF_US/daily/XT2D_daily_raw.csv
[32/35] AIGA: +0 rows → /Users/Finance/QuantShared/data_raw_ETF_US/daily/AIGA_daily_raw.csv
[33/35] AIAI: +0 rows → /Users/Finance/QuantShared/data_raw_ETF_US/daily/AIAI_daily_raw.csv
[34/35] XMED: +0 rows → /Users/Finance/QuantShared/data_raw_ETF_US/daily/XMED_daily_raw.csv
[35/35] ICOM: +0 rows → /Users/Finance/QuantShared/data_raw_ETF_US/daily/ICOM_daily_raw.csv
[DONE] s10_ibkr_download_daily (append-only, UTC) complete.
[2025-09-18 14:47:03 UTC] s12_ibkr_download_weekly → s12_ibkr_download_weekly.py
[INFO] Excel=/Users/Finance/QuantShared/ETF_list.xlsx | sheet=signalsUSD | outdir=/Users/Finance/QuantShared/data_raw_ETF_US/weekly
[INFO] Excel=/Users/Finance/QuantShared/ETF_list.xlsx | sheet=signalsUSD | outdir=/Users/Finance/QuantShared/data_raw_ETF_US/weekly
[IB] Connecting 127.0.0.1:7496 (clientId=62) …
[IB] Connected.
[1/35] BATT: +0 rows → /Users/Finance/QuantShared/data_raw_ETF_US/weekly/BATT_weekly_raw.csv
[2/35] COPX: +0 rows → /Users/Finance/QuantShared/data_raw_ETF_US/weekly/COPX_weekly_raw.csv
[3/35] DGTL: +0 rows → /Users/Finance/QuantShared/data_raw_ETF_US/weekly/DGTL_weekly_raw.csv
[4/35] GDX: +0 rows → /Users/Finance/QuantShared/data_raw_ETF_US/weekly/GDX_weekly_raw.csv
[5/35] GDXJ: +0 rows → /Users/Finance/QuantShared/data_raw_ETF_US/weekly/GDXJ_weekly_raw.csv
[6/35] IOGP: +0 rows → /Users/Finance/QuantShared/data_raw_ETF_US/weekly/IOGP_weekly_raw.csv
[7/35] ISAC: +0 rows → /Users/Finance/QuantShared/data_raw_ETF_US/weekly/ISAC_weekly_raw.csv
[8/35] ISUN: +0 rows → /Users/Finance/QuantShared/data_raw_ETF_US/weekly/ISUN_weekly_raw.csv
[9/35] IUCM: +0 rows → /Users/Finance/QuantShared/data_raw_ETF_US/weekly/IUCM_weekly_raw.csv
[10/35] IUCS: +0 rows → /Users/Finance/QuantShared/data_raw_ETF_US/weekly/IUCS_weekly_raw.csv
[11/35] IUES: +0 rows → /Users/Finance/QuantShared/data_raw_ETF_US/weekly/IUES_weekly_raw.csv
[12/35] IUFS: +0 rows → /Users/Finance/QuantShared/data_raw_ETF_US/weekly/IUFS_weekly_raw.csv
[13/35] IUHC: +0 rows → /Users/Finance/QuantShared/data_raw_ETF_US/weekly/IUHC_weekly_raw.csv
[14/35] IUIT: +0 rows → /Users/Finance/QuantShared/data_raw_ETF_US/weekly/IUIT_weekly_raw.csv
[15/35] IUUS: +0 rows → /Users/Finance/QuantShared/data_raw_ETF_US/weekly/IUUS_weekly_raw.csv
[16/35] IWDA: +0 rows → /Users/Finance/QuantShared/data_raw_ETF_US/weekly/IWDA_weekly_raw.csv
[17/35] PHAG: +0 rows → /Users/Finance/QuantShared/data_raw_ETF_US/weekly/PHAG_weekly_raw.csv
[18/35] RBOT: +0 rows → /Users/Finance/QuantShared/data_raw_ETF_US/weekly/RBOT_weekly_raw.csv
[19/35] RENW: +0 rows → /Users/Finance/QuantShared/data_raw_ETF_US/weekly/RENW_weekly_raw.csv
[20/35] SBIO: +0 rows → /Users/Finance/QuantShared/data_raw_ETF_US/weekly/SBIO_weekly_raw.csv
[21/35] SMH: +0 rows → /Users/Finance/QuantShared/data_raw_ETF_US/weekly/SMH_weekly_raw.csv
[22/35] SGLD: +0 rows → /Users/Finance/QuantShared/data_raw_ETF_US/weekly/SGLD_weekly_raw.csv
[23/35] SILV: +0 rows → /Users/Finance/QuantShared/data_raw_ETF_US/weekly/SILV_weekly_raw.csv
[24/35] URNJ: +0 rows → /Users/Finance/QuantShared/data_raw_ETF_US/weekly/URNJ_weekly_raw.csv
[25/35] URNM: +0 rows → /Users/Finance/QuantShared/data_raw_ETF_US/weekly/URNM_weekly_raw.csv
[26/35] USPY: +0 rows → /Users/Finance/QuantShared/data_raw_ETF_US/weekly/USPY_weekly_raw.csv
[27/35] VUAA: +0 rows → /Users/Finance/QuantShared/data_raw_ETF_US/weekly/VUAA_weekly_raw.csv
[28/35] XNAS: +0 rows → /Users/Finance/QuantShared/data_raw_ETF_US/weekly/XNAS_weekly_raw.csv
[29/35] XS2D: +0 rows → /Users/Finance/QuantShared/data_raw_ETF_US/weekly/XS2D_weekly_raw.csv
[30/35] XSPD: +0 rows → /Users/Finance/QuantShared/data_raw_ETF_US/weekly/XSPD_weekly_raw.csv
[31/35] XT2D: +0 rows → /Users/Finance/QuantShared/data_raw_ETF_US/weekly/XT2D_weekly_raw.csv
[32/35] AIGA: +0 rows → /Users/Finance/QuantShared/data_raw_ETF_US/weekly/AIGA_weekly_raw.csv
[33/35] AIAI: +0 rows → /Users/Finance/QuantShared/data_raw_ETF_US/weekly/AIAI_weekly_raw.csv
[34/35] XMED: +0 rows → /Users/Finance/QuantShared/data_raw_ETF_US/weekly/XMED_weekly_raw.csv
[35/35] ICOM: +0 rows → /Users/Finance/QuantShared/data_raw_ETF_US/weekly/ICOM_weekly_raw.csv
[DONE] s12_ibkr_download_weekly complete.
[2025-09-18 14:47:23 UTC] s13_market_trends_update → s13_market_trends_update.py
[INFO] Using list: /Users/Finance/QuantShared/ETF_list.xlsx | sheet=market_trends | tickers=66
[IB] Connecting 127.0.0.1:7496 (clientId=63) …
[IB] Connected.
CEW_DXY_ratio_TV_daily.csv: skip (ratio/composite)
CEW [STK/TRADES]: +1 rows → CEW_TV_daily.csv
DBC_SPY_ratio_TV_daily.csv: skip (ratio/composite)
DBC_TLT_ratio_TV_daily.csv: skip (ratio/composite)
DBC [STK/TRADES]: +1 rows → DBC_TV_daily.csv
DIA_QQQ_ratio_TV_daily.csv: skip (ratio/composite)
DIA [STK/TRADES]: +1 rows → DIA_TV_daily.csv
DXY_TV_daily.csv: skip (ticker not in ETF_list.xlsx → market_trends)
EEM_SPY_ratio_TV_daily.csv: skip (ratio/composite)
EEM [STK/TRADES]: +1 rows → EEM_TV_daily.csv
EFA_SPY_ratio_TV_daily.csv: skip (ratio/composite)
EFA [STK/TRADES]: +1 rows → EFA_TV_daily.csv
FEZ_SPY_ratio_TV_daily.csv: skip (ratio/composite)
FEZ [STK/TRADES]: +1 rows → FEZ_TV_daily.csv
GDX [STK/TRADES]: +0 rows → GDX_TV_daily.csv
GLD_SPY_ratio_TV_daily.csv: skip (ratio/composite)
GLD_TLT_ratio_TV_daily.csv: skip (ratio/composite)
GLD [STK/TRADES]: +1 rows → GLD_TV_daily.csv
HYG_IEI_ratio_TV_daily.csv: skip (ratio/composite)
HYG_LQD_ratio_TV_daily.csv: skip (ratio/composite)
HYG_TLT_ratio_TV_daily.csv: skip (ratio/composite)
HYG [STK/TRADES]: +1 rows → HYG_TV_daily.csv
IEI [STK/TRADES]: +1 rows → IEI_TV_daily.csv
IWC [STK/TRADES]: +1 rows → IWC_TV_daily.csv
IWM [STK/TRADES]: +1 rows → IWM_TV_daily.csv
JNK_LQD_ratio_TV_daily.csv: skip (ratio/composite)
JNK [STK/TRADES]: +1 rows → JNK_TV_daily.csv
KRE [STK/TRADES]: +1 rows → KRE_TV_daily.csv
LQD_TLT_ratio_TV_daily.csv: skip (ratio/composite)
LQD [STK/TRADES]: +1 rows → LQD_TV_daily.csv
PC_TV_daily.csv: skip (ticker not in ETF_list.xlsx → market_trends)
QQQ_IWM_ratio_TV_daily.csv: skip (ratio/composite)
QQQ_SPY_ratio_TV_daily.csv: skip (ratio/composite)
QQQ_TLT_ratio_TV_daily.csv: skip (ratio/composite)
QQQ [STK/TRADES]: +1 rows → QQQ_TV_daily.csv
RSP_QQQ_ratio_TV_daily.csv: skip (ratio/composite)
RSP_SPY_ratio_TV_daily.csv: skip (ratio/composite)
RSP [STK/TRADES]: +1 rows → RSP_TV_daily.csv
SLV [STK/TRADES]: +1 rows → SLV_TV_daily.csv
SPHB_SPY_ratio_TV_daily.csv: skip (ratio/composite)
SPHB [STK/TRADES]: +1 rows → SPHB_TV_daily.csv
SPYD [STK/TRADES]: +1 rows → SPYD_TV_daily.csv
SPY_TLT_ratio_TV_daily.csv: skip (ratio/composite)
SPY [STK/TRADES]: +1 rows → SPY_TV_daily.csv
TLT [STK/TRADES]: +1 rows → TLT_TV_daily.csv
VIX3M [IND/TRADES]: +1 rows → VIX3M_TV_daily.csv
VIX9D [IND/TRADES]: +1 rows → VIX9D_TV_daily.csv
VIX [IND/TRADES]: +0 rows → VIX_TV_daily.csv
VVIX [IND/TRADES]: +1 rows → VVIX_TV_daily.csv
XHB [STK/TRADES]: +1 rows → XHB_TV_daily.csv
XLB [STK/TRADES]: +1 rows → XLB_TV_daily.csv
XLC [STK/TRADES]: +1 rows → XLC_TV_daily.csv
XLE [STK/TRADES]: +1 rows → XLE_TV_daily.csv
XLF [STK/TRADES]: +1 rows → XLF_TV_daily.csv
XLI [STK/TRADES]: +1 rows → XLI_TV_daily.csv
XLK [STK/TRADES]: +1 rows → XLK_TV_daily.csv
XLP_SPY_ratio_TV_daily.csv: skip (ratio/composite)
XLP [STK/TRADES]: +1 rows → XLP_TV_daily.csv
XLRE [STK/TRADES]: +1 rows → XLRE_TV_daily.csv
XLU_SPY_ratio_TV_daily.csv: skip (ratio/composite)
XLU [STK/TRADES]: +1 rows → XLU_TV_daily.csv
XLU_XLV_XLP_composite_TV_daily.csv: skip (ratio/composite)
XLV [STK/TRADES]: +1 rows → XLV_TV_daily.csv
XLY [STK/TRADES]: +1 rows → XLY_TV_daily.csv
XLY_XLP_ratio_TV_daily.csv: skip (ratio/composite)
[IB] Disconnected.
[RATIO] DBC/SPY: rows=2530 → DBC_SPY_ratio_TV_daily.csv
[RATIO] DBC/TLT: rows=2530 → DBC_TLT_ratio_TV_daily.csv
[RATIO] DIA/QQQ: rows=2530 → DIA_QQQ_ratio_TV_daily.csv
[RATIO] EEM/SPY: rows=2531 → EEM_SPY_ratio_TV_daily.csv
[RATIO] EFA/SPY: rows=2531 → EFA_SPY_ratio_TV_daily.csv
[RATIO] FEZ/SPY: rows=2531 → FEZ_SPY_ratio_TV_daily.csv
[RATIO] GLD/SPY: rows=5241 → GLD_SPY_ratio_TV_daily.csv
[RATIO] GLD/TLT: rows=5241 → GLD_TLT_ratio_TV_daily.csv
[RATIO] HYG/IEI: rows=2043 → HYG_IEI_ratio_TV_daily.csv
[RATIO] JNK/LQD: rows=2530 → JNK_LQD_ratio_TV_daily.csv
[RATIO] QQQ/IWM: rows=2530 → QQQ_IWM_ratio_TV_daily.csv
[RATIO] QQQ/SPY: rows=2530 → QQQ_SPY_ratio_TV_daily.csv
[RATIO] SPHB/SPY: rows=2530 → SPHB_SPY_ratio_TV_daily.csv
[RATIO] XLP/SPY: rows=6726 → XLP_SPY_ratio_TV_daily.csv
[RATIO] XLY/XLP: rows=6726 → XLY_XLP_ratio_TV_daily.csv
[RATIO] HYG/TLT: rows=4641 → HYG_TLT_ratio_TV_daily.csv
[RATIO MISS] Missing input: /Users/Finance/QuantShared/market_trends/EMB_TV_daily.csv
[RATIO] LQD/TLT: rows=2531 → LQD_TLT_ratio_TV_daily.csv
[RATIO] RSP/SPY: rows=5634 → RSP_SPY_ratio_TV_daily.csv
[RATIO] RSP/QQQ: rows=2530 → RSP_QQQ_ratio_TV_daily.csv
[RATIO] SPY/TLT: rows=5825 → SPY_TLT_ratio_TV_daily.csv
[RATIO] QQQ/TLT: rows=2530 → QQQ_TLT_ratio_TV_daily.csv
[RATIO MISS] Missing input: /Users/Finance/QuantShared/market_trends/UUP_TV_daily.csv
[COMP ] XLU_XLV_XLP_composite: rows=6726 → XLU_XLV_XLP_composite_TV_daily.csv
[DONE] s13_market_trends_update complete.
[2025-09-18 14:48:41 UTC] s14_forex_update → s14_forex_update.py
[IB] Connecting 127.0.0.1:7496 (clientId=64) …
[IB] Connected.
[OK] USDEUR: +0 rows → /Users/Finance/QuantShared/forex/USDEUR_daily.csv
[IB] Disconnected.
[2025-09-18 14:48:42 UTC] s20_make_master_daily → s20_make_master_daily.py
[s20] ROOT=/Users/Finance
[s20] DATA_RAW(project)=/Users/Finance/data_raw
[s20] SHARED_BASE=/Users/Finance/QuantShared/data_raw_ETF_US
[s20] TT daily dir (read)=/Users/Finance/QuantShared/data_raw_ETF_US/daily
[s20] ETF list=/Users/Finance/QuantShared/ETF_list.xlsx (sheet=US_small)
[OK] Wrote /Users/Finance/data_raw/etf_prices_daily_master.csv | rows=70,267 | tickers=35
[2025-09-18 14:48:42 UTC] s30_enrich_to_parquet → s30_enrich_to_parquet.py
[2025-09-18 14:48:42 UTC] [ERR] /Users/Finance/QuantETFUS_small/scripts/us_open_v1.sh failed at line 123
[2025-09-19 09:40:11 UTC] === US-OPEN REFRESH (v1) START ===
[2025-09-19 09:40:11 UTC] s10_ibkr_download_daily → s10_ibkr_download_daily.py --client_id 87
[INFO] Excel=/Users/Finance/QuantShared/ETF_list.xlsx | sheet=signalsUSD | out=/Users/Finance/QuantShared/data_raw_ETF_US/daily
[IB] Connecting 127.0.0.1:7496 (clientId=87) …
[2025-09-19 09:40:21 UTC] [ERR] /Users/Finance/QuantETFUS_small/scripts/us_open_v1.sh failed at line 123
[2025-09-19 14:45:05 UTC] === US-OPEN REFRESH (v1) START ===
[2025-09-19 14:45:05 UTC] s10_ibkr_download_daily → s10_ibkr_download_daily.py --client_id 87
[INFO] Excel=/Users/Finance/QuantShared/ETF_list.xlsx | sheet=signalsUSD | out=/Users/Finance/QuantShared/data_raw_ETF_US/daily
[IB] Connecting 127.0.0.1:7496 (clientId=87) …
[IB] Connected.
[1/35] BATT: +0 rows → /Users/Finance/QuantShared/data_raw_ETF_US/daily/BATT_daily_raw.csv
[2/35] COPX: +0 rows → /Users/Finance/QuantShared/data_raw_ETF_US/daily/COPX_daily_raw.csv
[3/35] DGTL: +0 rows → /Users/Finance/QuantShared/data_raw_ETF_US/daily/DGTL_daily_raw.csv
[4/35] GDX: +0 rows → /Users/Finance/QuantShared/data_raw_ETF_US/daily/GDX_daily_raw.csv
[5/35] GDXJ: +0 rows → /Users/Finance/QuantShared/data_raw_ETF_US/daily/GDXJ_daily_raw.csv
[6/35] IOGP: +0 rows → /Users/Finance/QuantShared/data_raw_ETF_US/daily/IOGP_daily_raw.csv
[7/35] ISAC: +0 rows → /Users/Finance/QuantShared/data_raw_ETF_US/daily/ISAC_daily_raw.csv
[8/35] ISUN: +0 rows → /Users/Finance/QuantShared/data_raw_ETF_US/daily/ISUN_daily_raw.csv
[9/35] IUCM: +0 rows → /Users/Finance/QuantShared/data_raw_ETF_US/daily/IUCM_daily_raw.csv
[10/35] IUCS: +0 rows → /Users/Finance/QuantShared/data_raw_ETF_US/daily/IUCS_daily_raw.csv
[11/35] IUES: +0 rows → /Users/Finance/QuantShared/data_raw_ETF_US/daily/IUES_daily_raw.csv
[12/35] IUFS: +0 rows → /Users/Finance/QuantShared/data_raw_ETF_US/daily/IUFS_daily_raw.csv
[13/35] IUHC: +0 rows → /Users/Finance/QuantShared/data_raw_ETF_US/daily/IUHC_daily_raw.csv
[14/35] IUIT: +0 rows → /Users/Finance/QuantShared/data_raw_ETF_US/daily/IUIT_daily_raw.csv
[15/35] IUUS: +0 rows → /Users/Finance/QuantShared/data_raw_ETF_US/daily/IUUS_daily_raw.csv
[16/35] IWDA: +0 rows → /Users/Finance/QuantShared/data_raw_ETF_US/daily/IWDA_daily_raw.csv
[17/35] PHAG: +0 rows → /Users/Finance/QuantShared/data_raw_ETF_US/daily/PHAG_daily_raw.csv
[18/35] RBOT: +0 rows → /Users/Finance/QuantShared/data_raw_ETF_US/daily/RBOT_daily_raw.csv
[19/35] RENW: +0 rows → /Users/Finance/QuantShared/data_raw_ETF_US/daily/RENW_daily_raw.csv
[20/35] SBIO: +0 rows → /Users/Finance/QuantShared/data_raw_ETF_US/daily/SBIO_daily_raw.csv
[21/35] SMH: +0 rows → /Users/Finance/QuantShared/data_raw_ETF_US/daily/SMH_daily_raw.csv
[22/35] SGLD: +0 rows → /Users/Finance/QuantShared/data_raw_ETF_US/daily/SGLD_daily_raw.csv
[23/35] SILV: +0 rows → /Users/Finance/QuantShared/data_raw_ETF_US/daily/SILV_daily_raw.csv
[24/35] URNJ: +0 rows → /Users/Finance/QuantShared/data_raw_ETF_US/daily/URNJ_daily_raw.csv
[25/35] URNM: +0 rows → /Users/Finance/QuantShared/data_raw_ETF_US/daily/URNM_daily_raw.csv
[26/35] USPY: +0 rows → /Users/Finance/QuantShared/data_raw_ETF_US/daily/USPY_daily_raw.csv
[27/35] VUAA: +0 rows → /Users/Finance/QuantShared/data_raw_ETF_US/daily/VUAA_daily_raw.csv
[28/35] XNAS: +0 rows → /Users/Finance/QuantShared/data_raw_ETF_US/daily/XNAS_daily_raw.csv
[29/35] XS2D: +1 rows → /Users/Finance/QuantShared/data_raw_ETF_US/daily/XS2D_daily_raw.csv
[30/35] XSPD: +0 rows → /Users/Finance/QuantShared/data_raw_ETF_US/daily/XSPD_daily_raw.csv
[31/35] XT2D: +0 rows → /Users/Finance/QuantShared/data_raw_ETF_US/daily/XT2D_daily_raw.csv
[32/35] AIGA: +0 rows → /Users/Finance/QuantShared/data_raw_ETF_US/daily/AIGA_daily_raw.csv
[33/35] AIAI: +0 rows → /Users/Finance/QuantShared/data_raw_ETF_US/daily/AIAI_daily_raw.csv
[34/35] XMED: +0 rows → /Users/Finance/QuantShared/data_raw_ETF_US/daily/XMED_daily_raw.csv
[35/35] ICOM: +0 rows → /Users/Finance/QuantShared/data_raw_ETF_US/daily/ICOM_daily_raw.csv
[DONE] s10_ibkr_download_daily (append-only, UTC) complete.
[2025-09-19 14:47:09 UTC] s12_ibkr_download_weekly → s12_ibkr_download_weekly.py
[INFO] Excel=/Users/Finance/QuantShared/ETF_list.xlsx | sheet=signalsUSD | outdir=/Users/Finance/QuantShared/data_raw_ETF_US/weekly
[INFO] Excel=/Users/Finance/QuantShared/ETF_list.xlsx | sheet=signalsUSD | outdir=/Users/Finance/QuantShared/data_raw_ETF_US/weekly
[IB] Connecting 127.0.0.1:7496 (clientId=62) …
[IB] Connected.
[1/35] BATT: +0 rows → /Users/Finance/QuantShared/data_raw_ETF_US/weekly/BATT_weekly_raw.csv
[2/35] COPX: +0 rows → /Users/Finance/QuantShared/data_raw_ETF_US/weekly/COPX_weekly_raw.csv
[3/35] DGTL: +0 rows → /Users/Finance/QuantShared/data_raw_ETF_US/weekly/DGTL_weekly_raw.csv
[4/35] GDX: +0 rows → /Users/Finance/QuantShared/data_raw_ETF_US/weekly/GDX_weekly_raw.csv
[5/35] GDXJ: +0 rows → /Users/Finance/QuantShared/data_raw_ETF_US/weekly/GDXJ_weekly_raw.csv
[6/35] IOGP: +0 rows → /Users/Finance/QuantShared/data_raw_ETF_US/weekly/IOGP_weekly_raw.csv
[7/35] ISAC: +0 rows → /Users/Finance/QuantShared/data_raw_ETF_US/weekly/ISAC_weekly_raw.csv
[8/35] ISUN: +0 rows → /Users/Finance/QuantShared/data_raw_ETF_US/weekly/ISUN_weekly_raw.csv
[9/35] IUCM: +0 rows → /Users/Finance/QuantShared/data_raw_ETF_US/weekly/IUCM_weekly_raw.csv
[10/35] IUCS: +0 rows → /Users/Finance/QuantShared/data_raw_ETF_US/weekly/IUCS_weekly_raw.csv
[11/35] IUES: +0 rows → /Users/Finance/QuantShared/data_raw_ETF_US/weekly/IUES_weekly_raw.csv
[12/35] IUFS: +0 rows → /Users/Finance/QuantShared/data_raw_ETF_US/weekly/IUFS_weekly_raw.csv
[13/35] IUHC: +0 rows → /Users/Finance/QuantShared/data_raw_ETF_US/weekly/IUHC_weekly_raw.csv
[14/35] IUIT: +0 rows → /Users/Finance/QuantShared/data_raw_ETF_US/weekly/IUIT_weekly_raw.csv
[15/35] IUUS: +0 rows → /Users/Finance/QuantShared/data_raw_ETF_US/weekly/IUUS_weekly_raw.csv
[16/35] IWDA: +0 rows → /Users/Finance/QuantShared/data_raw_ETF_US/weekly/IWDA_weekly_raw.csv
[17/35] PHAG: +0 rows → /Users/Finance/QuantShared/data_raw_ETF_US/weekly/PHAG_weekly_raw.csv
[18/35] RBOT: +0 rows → /Users/Finance/QuantShared/data_raw_ETF_US/weekly/RBOT_weekly_raw.csv
[19/35] RENW: +0 rows → /Users/Finance/QuantShared/data_raw_ETF_US/weekly/RENW_weekly_raw.csv
[20/35] SBIO: +0 rows → /Users/Finance/QuantShared/data_raw_ETF_US/weekly/SBIO_weekly_raw.csv
[21/35] SMH: +0 rows → /Users/Finance/QuantShared/data_raw_ETF_US/weekly/SMH_weekly_raw.csv
[22/35] SGLD: +0 rows → /Users/Finance/QuantShared/data_raw_ETF_US/weekly/SGLD_weekly_raw.csv
[23/35] SILV: +0 rows → /Users/Finance/QuantShared/data_raw_ETF_US/weekly/SILV_weekly_raw.csv
[24/35] URNJ: +0 rows → /Users/Finance/QuantShared/data_raw_ETF_US/weekly/URNJ_weekly_raw.csv
[25/35] URNM: +0 rows → /Users/Finance/QuantShared/data_raw_ETF_US/weekly/URNM_weekly_raw.csv
[26/35] USPY: +0 rows → /Users/Finance/QuantShared/data_raw_ETF_US/weekly/USPY_weekly_raw.csv
[27/35] VUAA: +0 rows → /Users/Finance/QuantShared/data_raw_ETF_US/weekly/VUAA_weekly_raw.csv
[28/35] XNAS: +0 rows → /Users/Finance/QuantShared/data_raw_ETF_US/weekly/XNAS_weekly_raw.csv
[29/35] XS2D: +0 rows → /Users/Finance/QuantShared/data_raw_ETF_US/weekly/XS2D_weekly_raw.csv
[30/35] XSPD: +0 rows → /Users/Finance/QuantShared/data_raw_ETF_US/weekly/XSPD_weekly_raw.csv
[31/35] XT2D: +0 rows → /Users/Finance/QuantShared/data_raw_ETF_US/weekly/XT2D_weekly_raw.csv
[32/35] AIGA: +0 rows → /Users/Finance/QuantShared/data_raw_ETF_US/weekly/AIGA_weekly_raw.csv
[33/35] AIAI: +0 rows → /Users/Finance/QuantShared/data_raw_ETF_US/weekly/AIAI_weekly_raw.csv
[34/35] XMED: +0 rows → /Users/Finance/QuantShared/data_raw_ETF_US/weekly/XMED_weekly_raw.csv
[35/35] ICOM: +0 rows → /Users/Finance/QuantShared/data_raw_ETF_US/weekly/ICOM_weekly_raw.csv
[DONE] s12_ibkr_download_weekly complete.
[2025-09-19 14:47:28 UTC] s13_market_trends_update → s13_market_trends_update.py
[INFO] Using list: /Users/Finance/QuantShared/ETF_list.xlsx | sheet=market_trends | tickers=66
[IB] Connecting 127.0.0.1:7496 (clientId=63) …
[IB] Connected.
CEW_DXY_ratio_TV_daily.csv: skip (ratio/composite)
CEW [STK/TRADES]: +1 rows → CEW_TV_daily.csv
DBC_SPY_ratio_TV_daily.csv: skip (ratio/composite)
DBC_TLT_ratio_TV_daily.csv: skip (ratio/composite)
DBC [STK/TRADES]: +1 rows → DBC_TV_daily.csv
DIA_QQQ_ratio_TV_daily.csv: skip (ratio/composite)
DIA [STK/TRADES]: +1 rows → DIA_TV_daily.csv
DXY_TV_daily.csv: skip (ticker not in ETF_list.xlsx → market_trends)
EEM_SPY_ratio_TV_daily.csv: skip (ratio/composite)
EEM [STK/TRADES]: +1 rows → EEM_TV_daily.csv
EFA_SPY_ratio_TV_daily.csv: skip (ratio/composite)
EFA [STK/TRADES]: +1 rows → EFA_TV_daily.csv
FEZ_SPY_ratio_TV_daily.csv: skip (ratio/composite)
FEZ [STK/TRADES]: +1 rows → FEZ_TV_daily.csv
GDX [STK/TRADES]: +0 rows → GDX_TV_daily.csv
GLD_SPY_ratio_TV_daily.csv: skip (ratio/composite)
GLD_TLT_ratio_TV_daily.csv: skip (ratio/composite)
GLD [STK/TRADES]: +1 rows → GLD_TV_daily.csv
HYG_IEI_ratio_TV_daily.csv: skip (ratio/composite)
HYG_LQD_ratio_TV_daily.csv: skip (ratio/composite)
HYG_TLT_ratio_TV_daily.csv: skip (ratio/composite)
HYG [STK/TRADES]: +1 rows → HYG_TV_daily.csv
IEI [STK/TRADES]: +1 rows → IEI_TV_daily.csv
IWC [STK/TRADES]: +1 rows → IWC_TV_daily.csv
IWM [STK/TRADES]: +1 rows → IWM_TV_daily.csv
JNK_LQD_ratio_TV_daily.csv: skip (ratio/composite)
JNK [STK/TRADES]: +1 rows → JNK_TV_daily.csv
KRE [STK/TRADES]: +1 rows → KRE_TV_daily.csv
LQD_TLT_ratio_TV_daily.csv: skip (ratio/composite)
LQD [STK/TRADES]: +1 rows → LQD_TV_daily.csv
PC_TV_daily.csv: skip (ticker not in ETF_list.xlsx → market_trends)
QQQ_IWM_ratio_TV_daily.csv: skip (ratio/composite)
QQQ_SPY_ratio_TV_daily.csv: skip (ratio/composite)
QQQ_TLT_ratio_TV_daily.csv: skip (ratio/composite)
QQQ [STK/TRADES]: +1 rows → QQQ_TV_daily.csv
RSP_QQQ_ratio_TV_daily.csv: skip (ratio/composite)
RSP_SPY_ratio_TV_daily.csv: skip (ratio/composite)
RSP [STK/TRADES]: +1 rows → RSP_TV_daily.csv
SLV [STK/TRADES]: +1 rows → SLV_TV_daily.csv
SPHB_SPY_ratio_TV_daily.csv: skip (ratio/composite)
SPHB [STK/TRADES]: +1 rows → SPHB_TV_daily.csv
SPYD [STK/TRADES]: +1 rows → SPYD_TV_daily.csv
SPY_TLT_ratio_TV_daily.csv: skip (ratio/composite)
SPY [STK/TRADES]: +1 rows → SPY_TV_daily.csv
TLT [STK/TRADES]: +1 rows → TLT_TV_daily.csv
VIX3M [IND/TRADES]: +1 rows → VIX3M_TV_daily.csv
VIX9D [IND/TRADES]: +1 rows → VIX9D_TV_daily.csv
VIX [IND/TRADES]: +0 rows → VIX_TV_daily.csv
VVIX [IND/TRADES]: +1 rows → VVIX_TV_daily.csv
XHB [STK/TRADES]: +1 rows → XHB_TV_daily.csv
XLB [STK/TRADES]: +1 rows → XLB_TV_daily.csv
XLC [STK/TRADES]: +1 rows → XLC_TV_daily.csv
XLE [STK/TRADES]: +1 rows → XLE_TV_daily.csv
XLF [STK/TRADES]: +1 rows → XLF_TV_daily.csv
XLI [STK/TRADES]: +1 rows → XLI_TV_daily.csv
XLK [STK/TRADES]: +1 rows → XLK_TV_daily.csv
XLP_SPY_ratio_TV_daily.csv: skip (ratio/composite)
XLP [STK/TRADES]: +1 rows → XLP_TV_daily.csv
XLRE [STK/TRADES]: +1 rows → XLRE_TV_daily.csv
XLU_SPY_ratio_TV_daily.csv: skip (ratio/composite)
XLU [STK/TRADES]: +1 rows → XLU_TV_daily.csv
XLU_XLV_XLP_composite_TV_daily.csv: skip (ratio/composite)
XLV [STK/TRADES]: +1 rows → XLV_TV_daily.csv
XLY [STK/TRADES]: +1 rows → XLY_TV_daily.csv
XLY_XLP_ratio_TV_daily.csv: skip (ratio/composite)
[IB] Disconnected.
[RATIO] DBC/SPY: rows=2531 → DBC_SPY_ratio_TV_daily.csv
[RATIO] DBC/TLT: rows=2531 → DBC_TLT_ratio_TV_daily.csv
[RATIO] DIA/QQQ: rows=2531 → DIA_QQQ_ratio_TV_daily.csv
[RATIO] EEM/SPY: rows=2532 → EEM_SPY_ratio_TV_daily.csv
[RATIO] EFA/SPY: rows=2532 → EFA_SPY_ratio_TV_daily.csv
[RATIO] FEZ/SPY: rows=2532 → FEZ_SPY_ratio_TV_daily.csv
[RATIO] GLD/SPY: rows=5242 → GLD_SPY_ratio_TV_daily.csv
[RATIO] GLD/TLT: rows=5242 → GLD_TLT_ratio_TV_daily.csv
[RATIO] HYG/IEI: rows=2044 → HYG_IEI_ratio_TV_daily.csv
[RATIO] JNK/LQD: rows=2531 → JNK_LQD_ratio_TV_daily.csv
[RATIO] QQQ/IWM: rows=2531 → QQQ_IWM_ratio_TV_daily.csv
[RATIO] QQQ/SPY: rows=2531 → QQQ_SPY_ratio_TV_daily.csv
[RATIO] SPHB/SPY: rows=2531 → SPHB_SPY_ratio_TV_daily.csv
[RATIO] XLP/SPY: rows=6727 → XLP_SPY_ratio_TV_daily.csv
[RATIO] XLY/XLP: rows=6727 → XLY_XLP_ratio_TV_daily.csv
[RATIO] HYG/TLT: rows=4642 → HYG_TLT_ratio_TV_daily.csv
[RATIO MISS] Missing input: /Users/Finance/QuantShared/market_trends/EMB_TV_daily.csv
[RATIO] LQD/TLT: rows=2532 → LQD_TLT_ratio_TV_daily.csv
[RATIO] RSP/SPY: rows=5635 → RSP_SPY_ratio_TV_daily.csv
[RATIO] RSP/QQQ: rows=2531 → RSP_QQQ_ratio_TV_daily.csv
[RATIO] SPY/TLT: rows=5826 → SPY_TLT_ratio_TV_daily.csv
[RATIO] QQQ/TLT: rows=2531 → QQQ_TLT_ratio_TV_daily.csv
[RATIO MISS] Missing input: /Users/Finance/QuantShared/market_trends/UUP_TV_daily.csv
[COMP ] XLU_XLV_XLP_composite: rows=6727 → XLU_XLV_XLP_composite_TV_daily.csv
[DONE] s13_market_trends_update complete.
[2025-09-19 14:48:45 UTC] s14_forex_update → s14_forex_update.py
[IB] Connecting 127.0.0.1:7496 (clientId=64) …
[IB] Connected.
[OK] USDEUR: +0 rows → /Users/Finance/QuantShared/forex/USDEUR_daily.csv
[IB] Disconnected.
[2025-09-19 14:48:46 UTC] s20_make_master_daily → s20_make_master_daily.py
[s20] ROOT=/Users/Finance
[s20] DATA_RAW(project)=/Users/Finance/data_raw
[s20] SHARED_BASE=/Users/Finance/QuantShared/data_raw_ETF_US
[s20] TT daily dir (read)=/Users/Finance/QuantShared/data_raw_ETF_US/daily
[s20] ETF list=/Users/Finance/QuantShared/ETF_list.xlsx (sheet=US_small)
[OK] Wrote /Users/Finance/data_raw/etf_prices_daily_master.csv | rows=70,301 | tickers=35
[2025-09-19 14:48:46 UTC] s30_enrich_to_parquet → s30_enrich_to_parquet.py
[2025-09-19 14:48:46 UTC] [ERR] /Users/Finance/QuantETFUS_small/scripts/us_open_v1.sh failed at line 123
[2025-09-20 14:45:04 UTC] === US-OPEN REFRESH (v1) START ===
[2025-09-20 14:45:04 UTC] s10_ibkr_download_daily → s10_ibkr_download_daily.py --client_id 87
[INFO] Excel=/Users/Finance/QuantShared/ETF_list.xlsx | sheet=signalsUSD | out=/Users/Finance/QuantShared/data_raw_ETF_US/daily
[IB] Connecting 127.0.0.1:7496 (clientId=87) …
[IB] Connected.
[1/37] BATT: +0 rows → /Users/Finance/QuantShared/data_raw_ETF_US/daily/BATT_daily_raw.csv
[2/37] COPX: +0 rows → /Users/Finance/QuantShared/data_raw_ETF_US/daily/COPX_daily_raw.csv
[3/37] DGTL: +0 rows → /Users/Finance/QuantShared/data_raw_ETF_US/daily/DGTL_daily_raw.csv
[4/37] GDX: +0 rows → /Users/Finance/QuantShared/data_raw_ETF_US/daily/GDX_daily_raw.csv
[5/37] GDXJ: +0 rows → /Users/Finance/QuantShared/data_raw_ETF_US/daily/GDXJ_daily_raw.csv
[6/37] IOGP: +0 rows → /Users/Finance/QuantShared/data_raw_ETF_US/daily/IOGP_daily_raw.csv
[7/37] ISAC: +0 rows → /Users/Finance/QuantShared/data_raw_ETF_US/daily/ISAC_daily_raw.csv
[8/37] ISUN: +0 rows → /Users/Finance/QuantShared/data_raw_ETF_US/daily/ISUN_daily_raw.csv
[9/37] IUCM: +0 rows → /Users/Finance/QuantShared/data_raw_ETF_US/daily/IUCM_daily_raw.csv
[10/37] IUCS: +0 rows → /Users/Finance/QuantShared/data_raw_ETF_US/daily/IUCS_daily_raw.csv
[11/37] IUES: +0 rows → /Users/Finance/QuantShared/data_raw_ETF_US/daily/IUES_daily_raw.csv
[12/37] IUFS: +0 rows → /Users/Finance/QuantShared/data_raw_ETF_US/daily/IUFS_daily_raw.csv
[13/37] IUHC: +0 rows → /Users/Finance/QuantShared/data_raw_ETF_US/daily/IUHC_daily_raw.csv
[14/37] IUIT: +0 rows → /Users/Finance/QuantShared/data_raw_ETF_US/daily/IUIT_daily_raw.csv
[15/37] IUUS: +0 rows → /Users/Finance/QuantShared/data_raw_ETF_US/daily/IUUS_daily_raw.csv
[16/37] IWDA: +0 rows → /Users/Finance/QuantShared/data_raw_ETF_US/daily/IWDA_daily_raw.csv
[17/37] PHAG: +0 rows → /Users/Finance/QuantShared/data_raw_ETF_US/daily/PHAG_daily_raw.csv
[18/37] RBOT: +0 rows → /Users/Finance/QuantShared/data_raw_ETF_US/daily/RBOT_daily_raw.csv
[19/37] RENW: +0 rows → /Users/Finance/QuantShared/data_raw_ETF_US/daily/RENW_daily_raw.csv
[20/37] SBIO: +0 rows → /Users/Finance/QuantShared/data_raw_ETF_US/daily/SBIO_daily_raw.csv
[21/37] SMH: +0 rows → /Users/Finance/QuantShared/data_raw_ETF_US/daily/SMH_daily_raw.csv
[22/37] SGLD: +0 rows → /Users/Finance/QuantShared/data_raw_ETF_US/daily/SGLD_daily_raw.csv
[23/37] SILV: +0 rows → /Users/Finance/QuantShared/data_raw_ETF_US/daily/SILV_daily_raw.csv
[24/37] URNJ: +0 rows → /Users/Finance/QuantShared/data_raw_ETF_US/daily/URNJ_daily_raw.csv
[25/37] URNM: +0 rows → /Users/Finance/QuantShared/data_raw_ETF_US/daily/URNM_daily_raw.csv
[26/37] USPY: +0 rows → /Users/Finance/QuantShared/data_raw_ETF_US/daily/USPY_daily_raw.csv
[WARN] CSPX: could not qualify contract (check mapping/permissions). Skipping.
[28/37] XNAS: +0 rows → /Users/Finance/QuantShared/data_raw_ETF_US/daily/XNAS_daily_raw.csv
[29/37] XS2D: +0 rows → /Users/Finance/QuantShared/data_raw_ETF_US/daily/XS2D_daily_raw.csv
[30/37] XSPD: +0 rows → /Users/Finance/QuantShared/data_raw_ETF_US/daily/XSPD_daily_raw.csv
[31/37] XT2D: +0 rows → /Users/Finance/QuantShared/data_raw_ETF_US/daily/XT2D_daily_raw.csv
[32/37] AIGA: +0 rows → /Users/Finance/QuantShared/data_raw_ETF_US/daily/AIGA_daily_raw.csv
[33/37] AIAI: +0 rows → /Users/Finance/QuantShared/data_raw_ETF_US/daily/AIAI_daily_raw.csv
[34/37] XMED: +0 rows → /Users/Finance/QuantShared/data_raw_ETF_US/daily/XMED_daily_raw.csv
[35/37] ICOM: +0 rows → /Users/Finance/QuantShared/data_raw_ETF_US/daily/ICOM_daily_raw.csv
[36/37] R2US: +0 rows → /Users/Finance/QuantShared/data_raw_ETF_US/daily/R2US_daily_raw.csv
[37/37] VUAA: +0 rows → /Users/Finance/QuantShared/data_raw_ETF_US/daily/VUAA_daily_raw.csv
[DONE] s10_ibkr_download_daily (append-only, UTC) complete.
[2025-09-20 14:47:09 UTC] s12_ibkr_download_weekly → s12_ibkr_download_weekly.py
[INFO] Excel=/Users/Finance/QuantShared/ETF_list.xlsx | sheet=signalsUSD | outdir=/Users/Finance/QuantShared/data_raw_ETF_US/weekly
[INFO] Excel=/Users/Finance/QuantShared/ETF_list.xlsx | sheet=signalsUSD | outdir=/Users/Finance/QuantShared/data_raw_ETF_US/weekly
[IB] Connecting 127.0.0.1:7496 (clientId=62) …
[IB] Connected.
[1/37] BATT: +0 rows → /Users/Finance/QuantShared/data_raw_ETF_US/weekly/BATT_weekly_raw.csv
[2/37] COPX: +0 rows → /Users/Finance/QuantShared/data_raw_ETF_US/weekly/COPX_weekly_raw.csv
[3/37] DGTL: +0 rows → /Users/Finance/QuantShared/data_raw_ETF_US/weekly/DGTL_weekly_raw.csv
[4/37] GDX: +0 rows → /Users/Finance/QuantShared/data_raw_ETF_US/weekly/GDX_weekly_raw.csv
[5/37] GDXJ: +0 rows → /Users/Finance/QuantShared/data_raw_ETF_US/weekly/GDXJ_weekly_raw.csv
[6/37] IOGP: +0 rows → /Users/Finance/QuantShared/data_raw_ETF_US/weekly/IOGP_weekly_raw.csv
[7/37] ISAC: +0 rows → /Users/Finance/QuantShared/data_raw_ETF_US/weekly/ISAC_weekly_raw.csv
[8/37] ISUN: +0 rows → /Users/Finance/QuantShared/data_raw_ETF_US/weekly/ISUN_weekly_raw.csv
[9/37] IUCM: +0 rows → /Users/Finance/QuantShared/data_raw_ETF_US/weekly/IUCM_weekly_raw.csv
[10/37] IUCS: +0 rows → /Users/Finance/QuantShared/data_raw_ETF_US/weekly/IUCS_weekly_raw.csv
[11/37] IUES: +0 rows → /Users/Finance/QuantShared/data_raw_ETF_US/weekly/IUES_weekly_raw.csv
[12/37] IUFS: +0 rows → /Users/Finance/QuantShared/data_raw_ETF_US/weekly/IUFS_weekly_raw.csv
[13/37] IUHC: +0 rows → /Users/Finance/QuantShared/data_raw_ETF_US/weekly/IUHC_weekly_raw.csv
[14/37] IUIT: +0 rows → /Users/Finance/QuantShared/data_raw_ETF_US/weekly/IUIT_weekly_raw.csv
[15/37] IUUS: +0 rows → /Users/Finance/QuantShared/data_raw_ETF_US/weekly/IUUS_weekly_raw.csv
[16/37] IWDA: +0 rows → /Users/Finance/QuantShared/data_raw_ETF_US/weekly/IWDA_weekly_raw.csv
[17/37] PHAG: +0 rows → /Users/Finance/QuantShared/data_raw_ETF_US/weekly/PHAG_weekly_raw.csv
[18/37] RBOT: +0 rows → /Users/Finance/QuantShared/data_raw_ETF_US/weekly/RBOT_weekly_raw.csv
[19/37] RENW: +0 rows → /Users/Finance/QuantShared/data_raw_ETF_US/weekly/RENW_weekly_raw.csv
[20/37] SBIO: +0 rows → /Users/Finance/QuantShared/data_raw_ETF_US/weekly/SBIO_weekly_raw.csv
[21/37] SMH: +0 rows → /Users/Finance/QuantShared/data_raw_ETF_US/weekly/SMH_weekly_raw.csv
[22/37] SGLD: +0 rows → /Users/Finance/QuantShared/data_raw_ETF_US/weekly/SGLD_weekly_raw.csv
[23/37] SILV: +0 rows → /Users/Finance/QuantShared/data_raw_ETF_US/weekly/SILV_weekly_raw.csv
[24/37] URNJ: +0 rows → /Users/Finance/QuantShared/data_raw_ETF_US/weekly/URNJ_weekly_raw.csv
[25/37] URNM: +0 rows → /Users/Finance/QuantShared/data_raw_ETF_US/weekly/URNM_weekly_raw.csv
[26/37] USPY: +0 rows → /Users/Finance/QuantShared/data_raw_ETF_US/weekly/USPY_weekly_raw.csv
[27/37] CSPX: [SKIP] could not qualify.
[28/37] XNAS: +0 rows → /Users/Finance/QuantShared/data_raw_ETF_US/weekly/XNAS_weekly_raw.csv
[29/37] XS2D: +0 rows → /Users/Finance/QuantShared/data_raw_ETF_US/weekly/XS2D_weekly_raw.csv
[30/37] XSPD: +0 rows → /Users/Finance/QuantShared/data_raw_ETF_US/weekly/XSPD_weekly_raw.csv
[31/37] XT2D: +0 rows → /Users/Finance/QuantShared/data_raw_ETF_US/weekly/XT2D_weekly_raw.csv
[32/37] AIGA: +0 rows → /Users/Finance/QuantShared/data_raw_ETF_US/weekly/AIGA_weekly_raw.csv
[33/37] AIAI: +0 rows → /Users/Finance/QuantShared/data_raw_ETF_US/weekly/AIAI_weekly_raw.csv
[34/37] XMED: +0 rows → /Users/Finance/QuantShared/data_raw_ETF_US/weekly/XMED_weekly_raw.csv
[35/37] ICOM: +0 rows → /Users/Finance/QuantShared/data_raw_ETF_US/weekly/ICOM_weekly_raw.csv
[36/37] R2US: +0 rows → /Users/Finance/QuantShared/data_raw_ETF_US/weekly/R2US_weekly_raw.csv
[37/37] VUAA: +0 rows → /Users/Finance/QuantShared/data_raw_ETF_US/weekly/VUAA_weekly_raw.csv
[DONE] s12_ibkr_download_weekly complete.
[2025-09-20 14:47:29 UTC] s13_market_trends_update → s13_market_trends_update.py
[INFO] Using list: /Users/Finance/QuantShared/ETF_list.xlsx | sheet=market_trends | tickers=66
[IB] Connecting 127.0.0.1:7496 (clientId=63) …
[IB] Connected.
CEW_DXY_ratio_TV_daily.csv: skip (ratio/composite)
CEW [STK/TRADES]: +0 rows → CEW_TV_daily.csv
DBC_SPY_ratio_TV_daily.csv: skip (ratio/composite)
DBC_TLT_ratio_TV_daily.csv: skip (ratio/composite)
DBC [STK/TRADES]: +0 rows → DBC_TV_daily.csv
DIA_QQQ_ratio_TV_daily.csv: skip (ratio/composite)
DIA [STK/TRADES]: +0 rows → DIA_TV_daily.csv
DXY_TV_daily.csv: skip (ticker not in ETF_list.xlsx → market_trends)
EEM_SPY_ratio_TV_daily.csv: skip (ratio/composite)
EEM [STK/TRADES]: +0 rows → EEM_TV_daily.csv
EFA_SPY_ratio_TV_daily.csv: skip (ratio/composite)
EFA [STK/TRADES]: +0 rows → EFA_TV_daily.csv
FEZ_SPY_ratio_TV_daily.csv: skip (ratio/composite)
FEZ [STK/TRADES]: +0 rows → FEZ_TV_daily.csv
GDX [STK/TRADES]: +0 rows → GDX_TV_daily.csv
GLD_SPY_ratio_TV_daily.csv: skip (ratio/composite)
GLD_TLT_ratio_TV_daily.csv: skip (ratio/composite)
GLD [STK/TRADES]: +0 rows → GLD_TV_daily.csv
HYG_IEI_ratio_TV_daily.csv: skip (ratio/composite)
HYG_LQD_ratio_TV_daily.csv: skip (ratio/composite)
HYG_TLT_ratio_TV_daily.csv: skip (ratio/composite)
HYG [STK/TRADES]: +0 rows → HYG_TV_daily.csv
IEI [STK/TRADES]: +0 rows → IEI_TV_daily.csv
IWC [STK/TRADES]: +0 rows → IWC_TV_daily.csv
IWM [STK/TRADES]: +0 rows → IWM_TV_daily.csv
JNK_LQD_ratio_TV_daily.csv: skip (ratio/composite)
JNK [STK/TRADES]: +0 rows → JNK_TV_daily.csv
KRE [STK/TRADES]: +0 rows → KRE_TV_daily.csv
LQD_TLT_ratio_TV_daily.csv: skip (ratio/composite)
LQD [STK/TRADES]: +0 rows → LQD_TV_daily.csv
PC_TV_daily.csv: skip (ticker not in ETF_list.xlsx → market_trends)
QQQ_IWM_ratio_TV_daily.csv: skip (ratio/composite)
QQQ_SPY_ratio_TV_daily.csv: skip (ratio/composite)
QQQ_TLT_ratio_TV_daily.csv: skip (ratio/composite)
QQQ [STK/TRADES]: +0 rows → QQQ_TV_daily.csv
RSP_QQQ_ratio_TV_daily.csv: skip (ratio/composite)
RSP_SPY_ratio_TV_daily.csv: skip (ratio/composite)
RSP [STK/TRADES]: +0 rows → RSP_TV_daily.csv
SLV [STK/TRADES]: +0 rows → SLV_TV_daily.csv
SPHB_SPY_ratio_TV_daily.csv: skip (ratio/composite)
SPHB [STK/TRADES]: +0 rows → SPHB_TV_daily.csv
SPYD [STK/TRADES]: +0 rows → SPYD_TV_daily.csv
SPY_TLT_ratio_TV_daily.csv: skip (ratio/composite)
SPY [STK/TRADES]: +0 rows → SPY_TV_daily.csv
TLT [STK/TRADES]: +0 rows → TLT_TV_daily.csv
VIX3M [IND/TRADES]: +0 rows → VIX3M_TV_daily.csv
VIX9D [IND/TRADES]: +0 rows → VIX9D_TV_daily.csv
VIX [IND/TRADES]: +0 rows → VIX_TV_daily.csv
VVIX [IND/TRADES]: +0 rows → VVIX_TV_daily.csv
XHB [STK/TRADES]: +0 rows → XHB_TV_daily.csv
XLB [STK/TRADES]: +0 rows → XLB_TV_daily.csv
XLC [STK/TRADES]: +0 rows → XLC_TV_daily.csv
XLE [STK/TRADES]: +0 rows → XLE_TV_daily.csv
XLF [STK/TRADES]: +0 rows → XLF_TV_daily.csv
XLI [STK/TRADES]: +0 rows → XLI_TV_daily.csv
XLK [STK/TRADES]: +0 rows → XLK_TV_daily.csv
XLP_SPY_ratio_TV_daily.csv: skip (ratio/composite)
XLP [STK/TRADES]: +0 rows → XLP_TV_daily.csv
XLRE [STK/TRADES]: +0 rows → XLRE_TV_daily.csv
XLU_SPY_ratio_TV_daily.csv: skip (ratio/composite)
XLU [STK/TRADES]: +0 rows → XLU_TV_daily.csv
XLU_XLV_XLP_composite_TV_daily.csv: skip (ratio/composite)
XLV [STK/TRADES]: +0 rows → XLV_TV_daily.csv
XLY [STK/TRADES]: +0 rows → XLY_TV_daily.csv
XLY_XLP_ratio_TV_daily.csv: skip (ratio/composite)
[IB] Disconnected.
[RATIO] DBC/SPY: rows=2531 → DBC_SPY_ratio_TV_daily.csv
[RATIO] DBC/TLT: rows=2531 → DBC_TLT_ratio_TV_daily.csv
[RATIO] DIA/QQQ: rows=2531 → DIA_QQQ_ratio_TV_daily.csv
[RATIO] EEM/SPY: rows=2532 → EEM_SPY_ratio_TV_daily.csv
[RATIO] EFA/SPY: rows=2532 → EFA_SPY_ratio_TV_daily.csv
[RATIO] FEZ/SPY: rows=2532 → FEZ_SPY_ratio_TV_daily.csv
[RATIO] GLD/SPY: rows=5242 → GLD_SPY_ratio_TV_daily.csv
[RATIO] GLD/TLT: rows=5242 → GLD_TLT_ratio_TV_daily.csv
[RATIO] HYG/IEI: rows=2044 → HYG_IEI_ratio_TV_daily.csv
[RATIO] JNK/LQD: rows=2531 → JNK_LQD_ratio_TV_daily.csv
[RATIO] QQQ/IWM: rows=2531 → QQQ_IWM_ratio_TV_daily.csv
[RATIO] QQQ/SPY: rows=2531 → QQQ_SPY_ratio_TV_daily.csv
[RATIO] SPHB/SPY: rows=2531 → SPHB_SPY_ratio_TV_daily.csv
[RATIO] XLP/SPY: rows=6727 → XLP_SPY_ratio_TV_daily.csv
[RATIO] XLY/XLP: rows=6727 → XLY_XLP_ratio_TV_daily.csv
[RATIO] HYG/TLT: rows=4642 → HYG_TLT_ratio_TV_daily.csv
[RATIO MISS] Missing input: /Users/Finance/QuantShared/market_trends/EMB_TV_daily.csv
[RATIO] LQD/TLT: rows=2532 → LQD_TLT_ratio_TV_daily.csv
[RATIO] RSP/SPY: rows=5635 → RSP_SPY_ratio_TV_daily.csv
[RATIO] RSP/QQQ: rows=2531 → RSP_QQQ_ratio_TV_daily.csv
[RATIO] SPY/TLT: rows=5826 → SPY_TLT_ratio_TV_daily.csv
[RATIO] QQQ/TLT: rows=2531 → QQQ_TLT_ratio_TV_daily.csv
[RATIO MISS] Missing input: /Users/Finance/QuantShared/market_trends/UUP_TV_daily.csv
[COMP ] XLU_XLV_XLP_composite: rows=6727 → XLU_XLV_XLP_composite_TV_daily.csv
[DONE] s13_market_trends_update complete.
[2025-09-20 14:49:36 UTC] s14_forex_update → s14_forex_update.py
[IB] Connecting 127.0.0.1:7496 (clientId=64) …
[IB] Connected.
[OK] USDEUR: +0 rows → /Users/Finance/QuantShared/forex/USDEUR_daily.csv
[IB] Disconnected.
[2025-09-20 14:49:37 UTC] s20_make_master_daily → s20_make_master_daily.py
[s20] ROOT=/Users/Finance
[s20] DATA_RAW(project)=/Users/Finance/data_raw
[s20] SHARED_BASE=/Users/Finance/QuantShared/data_raw_ETF_US
[s20] TT daily dir (read)=/Users/Finance/QuantShared/data_raw_ETF_US/daily
[s20] ETF list=/Users/Finance/QuantShared/ETF_list.xlsx (sheet=US_small)
[OK] Wrote /Users/Finance/data_raw/etf_prices_daily_master.csv | rows=72,789 | tickers=36
[2025-09-20 14:49:37 UTC] s30_enrich_to_parquet → s30_enrich_to_parquet.py
[2025-09-20 14:49:37 UTC] [ERR] /Users/Finance/QuantETFUS_small/scripts/us_open_v1.sh failed at line 123
[2025-09-21 14:45:03 UTC] === US-OPEN REFRESH (v1) START ===
[2025-09-21 14:45:03 UTC] s10_ibkr_download_daily → s10_ibkr_download_daily.py --client_id 87
[INFO] Excel=/Users/Finance/QuantShared/ETF_list.xlsx | sheet=signalsUSD | out=/Users/Finance/QuantShared/data_raw_ETF_US/daily
[IB] Connecting 127.0.0.1:7496 (clientId=87) …
[2025-09-21 14:45:04 UTC] [ERR] /Users/Finance/QuantETFUS_small/scripts/us_open_v1.sh failed at line 123
[2025-09-22 14:45:04 UTC] === US-OPEN REFRESH (v1) START ===
[2025-09-22 14:45:04 UTC] s10_ibkr_download_daily → s10_ibkr_download_daily.py --client_id 87
[INFO] Excel=/Users/Finance/QuantShared/ETF_list.xlsx | sheet=signalsUSD | out=/Users/Finance/QuantShared/data_raw_ETF_US/daily
[IB] Connecting 127.0.0.1:7496 (clientId=87) …
[IB] Connected.
[1/37] BATT: +0 rows → /Users/Finance/QuantShared/data_raw_ETF_US/daily/BATT_daily_raw.csv
[2/37] COPX: +0 rows → /Users/Finance/QuantShared/data_raw_ETF_US/daily/COPX_daily_raw.csv
[3/37] DGTL: +0 rows → /Users/Finance/QuantShared/data_raw_ETF_US/daily/DGTL_daily_raw.csv
[4/37] GDX: +0 rows → /Users/Finance/QuantShared/data_raw_ETF_US/daily/GDX_daily_raw.csv
[5/37] GDXJ: +0 rows → /Users/Finance/QuantShared/data_raw_ETF_US/daily/GDXJ_daily_raw.csv
[6/37] IOGP: +0 rows → /Users/Finance/QuantShared/data_raw_ETF_US/daily/IOGP_daily_raw.csv
[7/37] ISAC: +0 rows → /Users/Finance/QuantShared/data_raw_ETF_US/daily/ISAC_daily_raw.csv
[8/37] ISUN: +0 rows → /Users/Finance/QuantShared/data_raw_ETF_US/daily/ISUN_daily_raw.csv
[9/37] IUCM: +0 rows → /Users/Finance/QuantShared/data_raw_ETF_US/daily/IUCM_daily_raw.csv
[10/37] IUCS: +0 rows → /Users/Finance/QuantShared/data_raw_ETF_US/daily/IUCS_daily_raw.csv
[11/37] IUES: +0 rows → /Users/Finance/QuantShared/data_raw_ETF_US/daily/IUES_daily_raw.csv
[12/37] IUFS: +0 rows → /Users/Finance/QuantShared/data_raw_ETF_US/daily/IUFS_daily_raw.csv
[13/37] IUHC: +0 rows → /Users/Finance/QuantShared/data_raw_ETF_US/daily/IUHC_daily_raw.csv
[14/37] IUIT: +0 rows → /Users/Finance/QuantShared/data_raw_ETF_US/daily/IUIT_daily_raw.csv
[15/37] IUUS: +0 rows → /Users/Finance/QuantShared/data_raw_ETF_US/daily/IUUS_daily_raw.csv
[16/37] IWDA: +0 rows → /Users/Finance/QuantShared/data_raw_ETF_US/daily/IWDA_daily_raw.csv
[17/37] PHAG: +0 rows → /Users/Finance/QuantShared/data_raw_ETF_US/daily/PHAG_daily_raw.csv
[18/37] RBOT: +0 rows → /Users/Finance/QuantShared/data_raw_ETF_US/daily/RBOT_daily_raw.csv
[19/37] RENW: +1 rows → /Users/Finance/QuantShared/data_raw_ETF_US/daily/RENW_daily_raw.csv
[20/37] SBIO: +0 rows → /Users/Finance/QuantShared/data_raw_ETF_US/daily/SBIO_daily_raw.csv
[21/37] SMH: +0 rows → /Users/Finance/QuantShared/data_raw_ETF_US/daily/SMH_daily_raw.csv
[22/37] SGLD: +0 rows → /Users/Finance/QuantShared/data_raw_ETF_US/daily/SGLD_daily_raw.csv
[23/37] SILV: +0 rows → /Users/Finance/QuantShared/data_raw_ETF_US/daily/SILV_daily_raw.csv
[24/37] URNJ: +0 rows → /Users/Finance/QuantShared/data_raw_ETF_US/daily/URNJ_daily_raw.csv
[25/37] URNM: +0 rows → /Users/Finance/QuantShared/data_raw_ETF_US/daily/URNM_daily_raw.csv
[26/37] USPY: +0 rows → /Users/Finance/QuantShared/data_raw_ETF_US/daily/USPY_daily_raw.csv
[WARN] CSPX: could not qualify contract (check mapping/permissions). Skipping.
[28/37] XNAS: +0 rows → /Users/Finance/QuantShared/data_raw_ETF_US/daily/XNAS_daily_raw.csv
[29/37] XS2D: +0 rows → /Users/Finance/QuantShared/data_raw_ETF_US/daily/XS2D_daily_raw.csv
[30/37] XSPD: +0 rows → /Users/Finance/QuantShared/data_raw_ETF_US/daily/XSPD_daily_raw.csv
[31/37] XT2D: +1 rows → /Users/Finance/QuantShared/data_raw_ETF_US/daily/XT2D_daily_raw.csv
[32/37] AIGA: +0 rows → /Users/Finance/QuantShared/data_raw_ETF_US/daily/AIGA_daily_raw.csv
[33/37] AIAI: +0 rows → /Users/Finance/QuantShared/data_raw_ETF_US/daily/AIAI_daily_raw.csv
[34/37] XMED: +0 rows → /Users/Finance/QuantShared/data_raw_ETF_US/daily/XMED_daily_raw.csv
[35/37] ICOM: +0 rows → /Users/Finance/QuantShared/data_raw_ETF_US/daily/ICOM_daily_raw.csv
[36/37] R2US: +0 rows → /Users/Finance/QuantShared/data_raw_ETF_US/daily/R2US_daily_raw.csv
[37/37] VUAA: +0 rows → /Users/Finance/QuantShared/data_raw_ETF_US/daily/VUAA_daily_raw.csv
[DONE] s10_ibkr_download_daily (append-only, UTC) complete.
[2025-09-22 14:47:11 UTC] s12_ibkr_download_weekly → s12_ibkr_download_weekly.py
[INFO] Excel=/Users/Finance/QuantShared/ETF_list.xlsx | sheet=signalsUSD | outdir=/Users/Finance/QuantShared/data_raw_ETF_US/weekly
[INFO] Excel=/Users/Finance/QuantShared/ETF_list.xlsx | sheet=signalsUSD | outdir=/Users/Finance/QuantShared/data_raw_ETF_US/weekly
[IB] Connecting 127.0.0.1:7496 (clientId=62) …
[IB] Connected.
[1/37] BATT: +0 rows → /Users/Finance/QuantShared/data_raw_ETF_US/weekly/BATT_weekly_raw.csv
[2/37] COPX: +0 rows → /Users/Finance/QuantShared/data_raw_ETF_US/weekly/COPX_weekly_raw.csv
[3/37] DGTL: +0 rows → /Users/Finance/QuantShared/data_raw_ETF_US/weekly/DGTL_weekly_raw.csv
[4/37] GDX: +0 rows → /Users/Finance/QuantShared/data_raw_ETF_US/weekly/GDX_weekly_raw.csv
[5/37] GDXJ: +0 rows → /Users/Finance/QuantShared/data_raw_ETF_US/weekly/GDXJ_weekly_raw.csv
[6/37] IOGP: +0 rows → /Users/Finance/QuantShared/data_raw_ETF_US/weekly/IOGP_weekly_raw.csv
[7/37] ISAC: +0 rows → /Users/Finance/QuantShared/data_raw_ETF_US/weekly/ISAC_weekly_raw.csv
[8/37] ISUN: +0 rows → /Users/Finance/QuantShared/data_raw_ETF_US/weekly/ISUN_weekly_raw.csv
[9/37] IUCM: +0 rows → /Users/Finance/QuantShared/data_raw_ETF_US/weekly/IUCM_weekly_raw.csv
[10/37] IUCS: +0 rows → /Users/Finance/QuantShared/data_raw_ETF_US/weekly/IUCS_weekly_raw.csv
[11/37] IUES: +0 rows → /Users/Finance/QuantShared/data_raw_ETF_US/weekly/IUES_weekly_raw.csv
[12/37] IUFS: +0 rows → /Users/Finance/QuantShared/data_raw_ETF_US/weekly/IUFS_weekly_raw.csv
[13/37] IUHC: +0 rows → /Users/Finance/QuantShared/data_raw_ETF_US/weekly/IUHC_weekly_raw.csv
[14/37] IUIT: +0 rows → /Users/Finance/QuantShared/data_raw_ETF_US/weekly/IUIT_weekly_raw.csv
[15/37] IUUS: +0 rows → /Users/Finance/QuantShared/data_raw_ETF_US/weekly/IUUS_weekly_raw.csv
[16/37] IWDA: +0 rows → /Users/Finance/QuantShared/data_raw_ETF_US/weekly/IWDA_weekly_raw.csv
[17/37] PHAG: +0 rows → /Users/Finance/QuantShared/data_raw_ETF_US/weekly/PHAG_weekly_raw.csv
[18/37] RBOT: +0 rows → /Users/Finance/QuantShared/data_raw_ETF_US/weekly/RBOT_weekly_raw.csv
[19/37] RENW: +1 rows → /Users/Finance/QuantShared/data_raw_ETF_US/weekly/RENW_weekly_raw.csv
[20/37] SBIO: +0 rows → /Users/Finance/QuantShared/data_raw_ETF_US/weekly/SBIO_weekly_raw.csv
[21/37] SMH: +0 rows → /Users/Finance/QuantShared/data_raw_ETF_US/weekly/SMH_weekly_raw.csv
[22/37] SGLD: +0 rows → /Users/Finance/QuantShared/data_raw_ETF_US/weekly/SGLD_weekly_raw.csv
[23/37] SILV: +0 rows → /Users/Finance/QuantShared/data_raw_ETF_US/weekly/SILV_weekly_raw.csv
[24/37] URNJ: +0 rows → /Users/Finance/QuantShared/data_raw_ETF_US/weekly/URNJ_weekly_raw.csv
[25/37] URNM: +0 rows → /Users/Finance/QuantShared/data_raw_ETF_US/weekly/URNM_weekly_raw.csv
[26/37] USPY: +0 rows → /Users/Finance/QuantShared/data_raw_ETF_US/weekly/USPY_weekly_raw.csv
[27/37] CSPX: [SKIP] could not qualify.
[28/37] XNAS: +0 rows → /Users/Finance/QuantShared/data_raw_ETF_US/weekly/XNAS_weekly_raw.csv
[29/37] XS2D: +0 rows → /Users/Finance/QuantShared/data_raw_ETF_US/weekly/XS2D_weekly_raw.csv
[30/37] XSPD: +0 rows → /Users/Finance/QuantShared/data_raw_ETF_US/weekly/XSPD_weekly_raw.csv
[31/37] XT2D: +1 rows → /Users/Finance/QuantShared/data_raw_ETF_US/weekly/XT2D_weekly_raw.csv
[32/37] AIGA: +0 rows → /Users/Finance/QuantShared/data_raw_ETF_US/weekly/AIGA_weekly_raw.csv
[33/37] AIAI: +0 rows → /Users/Finance/QuantShared/data_raw_ETF_US/weekly/AIAI_weekly_raw.csv
[34/37] XMED: +0 rows → /Users/Finance/QuantShared/data_raw_ETF_US/weekly/XMED_weekly_raw.csv
[35/37] ICOM: +0 rows → /Users/Finance/QuantShared/data_raw_ETF_US/weekly/ICOM_weekly_raw.csv
[36/37] R2US: +0 rows → /Users/Finance/QuantShared/data_raw_ETF_US/weekly/R2US_weekly_raw.csv
[37/37] VUAA: +0 rows → /Users/Finance/QuantShared/data_raw_ETF_US/weekly/VUAA_weekly_raw.csv
[DONE] s12_ibkr_download_weekly complete.
[2025-09-22 14:47:32 UTC] s13_market_trends_update → s13_market_trends_update.py
[INFO] Using list: /Users/Finance/QuantShared/ETF_list.xlsx | sheet=market_trends | tickers=66
[IB] Connecting 127.0.0.1:7496 (clientId=63) …
[IB] Connected.
CEW_DXY_ratio_TV_daily.csv: skip (ratio/composite)
CEW [STK/TRADES]: +1 rows → CEW_TV_daily.csv
DBC_SPY_ratio_TV_daily.csv: skip (ratio/composite)
DBC_TLT_ratio_TV_daily.csv: skip (ratio/composite)
DBC [STK/TRADES]: +1 rows → DBC_TV_daily.csv
DIA_QQQ_ratio_TV_daily.csv: skip (ratio/composite)
DIA [STK/TRADES]: +1 rows → DIA_TV_daily.csv
DXY_TV_daily.csv: skip (ticker not in ETF_list.xlsx → market_trends)
EEM_SPY_ratio_TV_daily.csv: skip (ratio/composite)
EEM [STK/TRADES]: +1 rows → EEM_TV_daily.csv
EFA_SPY_ratio_TV_daily.csv: skip (ratio/composite)
EFA [STK/TRADES]: +1 rows → EFA_TV_daily.csv
FEZ_SPY_ratio_TV_daily.csv: skip (ratio/composite)
FEZ [STK/TRADES]: +1 rows → FEZ_TV_daily.csv
GDX [STK/TRADES]: +0 rows → GDX_TV_daily.csv
GLD_SPY_ratio_TV_daily.csv: skip (ratio/composite)
GLD_TLT_ratio_TV_daily.csv: skip (ratio/composite)
GLD [STK/TRADES]: +1 rows → GLD_TV_daily.csv
HYG_IEI_ratio_TV_daily.csv: skip (ratio/composite)
HYG_LQD_ratio_TV_daily.csv: skip (ratio/composite)
HYG_TLT_ratio_TV_daily.csv: skip (ratio/composite)
HYG [STK/TRADES]: +1 rows → HYG_TV_daily.csv
IEI [STK/TRADES]: +1 rows → IEI_TV_daily.csv
IWC [STK/TRADES]: +1 rows → IWC_TV_daily.csv
IWM [STK/TRADES]: +1 rows → IWM_TV_daily.csv
JNK_LQD_ratio_TV_daily.csv: skip (ratio/composite)
JNK [STK/TRADES]: +1 rows → JNK_TV_daily.csv
KRE [STK/TRADES]: +1 rows → KRE_TV_daily.csv
LQD_TLT_ratio_TV_daily.csv: skip (ratio/composite)
LQD [STK/TRADES]: +1 rows → LQD_TV_daily.csv
PC_TV_daily.csv: skip (ticker not in ETF_list.xlsx → market_trends)
QQQ_IWM_ratio_TV_daily.csv: skip (ratio/composite)
QQQ_SPY_ratio_TV_daily.csv: skip (ratio/composite)
QQQ_TLT_ratio_TV_daily.csv: skip (ratio/composite)
QQQ [STK/TRADES]: +1 rows → QQQ_TV_daily.csv
RSP_QQQ_ratio_TV_daily.csv: skip (ratio/composite)
RSP_SPY_ratio_TV_daily.csv: skip (ratio/composite)
RSP [STK/TRADES]: +1 rows → RSP_TV_daily.csv
SLV [STK/TRADES]: +1 rows → SLV_TV_daily.csv
SPHB_SPY_ratio_TV_daily.csv: skip (ratio/composite)
SPHB [STK/TRADES]: +1 rows → SPHB_TV_daily.csv
SPYD [STK/TRADES]: +1 rows → SPYD_TV_daily.csv
SPY_TLT_ratio_TV_daily.csv: skip (ratio/composite)
SPY [STK/TRADES]: +1 rows → SPY_TV_daily.csv
TLT [STK/TRADES]: +1 rows → TLT_TV_daily.csv
VIX3M [IND/TRADES]: +1 rows → VIX3M_TV_daily.csv
VIX9D [IND/TRADES]: +1 rows → VIX9D_TV_daily.csv
VIX [IND/TRADES]: +0 rows → VIX_TV_daily.csv
VVIX [IND/TRADES]: +1 rows → VVIX_TV_daily.csv
XHB [STK/TRADES]: +1 rows → XHB_TV_daily.csv
XLB [STK/TRADES]: +1 rows → XLB_TV_daily.csv
XLC [STK/TRADES]: +1 rows → XLC_TV_daily.csv
XLE [STK/TRADES]: +1 rows → XLE_TV_daily.csv
XLF [STK/TRADES]: +1 rows → XLF_TV_daily.csv
XLI [STK/TRADES]: +1 rows → XLI_TV_daily.csv
XLK [STK/TRADES]: +1 rows → XLK_TV_daily.csv
XLP_SPY_ratio_TV_daily.csv: skip (ratio/composite)
XLP [STK/TRADES]: +1 rows → XLP_TV_daily.csv
XLRE [STK/TRADES]: +1 rows → XLRE_TV_daily.csv
XLU_SPY_ratio_TV_daily.csv: skip (ratio/composite)
XLU [STK/TRADES]: +1 rows → XLU_TV_daily.csv
XLU_XLV_XLP_composite_TV_daily.csv: skip (ratio/composite)
XLV [STK/TRADES]: +1 rows → XLV_TV_daily.csv
XLY [STK/TRADES]: +1 rows → XLY_TV_daily.csv
XLY_XLP_ratio_TV_daily.csv: skip (ratio/composite)
[IB] Disconnected.
[RATIO] DBC/SPY: rows=2532 → DBC_SPY_ratio_TV_daily.csv
[RATIO] DBC/TLT: rows=2532 → DBC_TLT_ratio_TV_daily.csv
[RATIO] DIA/QQQ: rows=2532 → DIA_QQQ_ratio_TV_daily.csv
[RATIO] EEM/SPY: rows=2533 → EEM_SPY_ratio_TV_daily.csv
[RATIO] EFA/SPY: rows=2533 → EFA_SPY_ratio_TV_daily.csv
[RATIO] FEZ/SPY: rows=2533 → FEZ_SPY_ratio_TV_daily.csv
[RATIO] GLD/SPY: rows=5243 → GLD_SPY_ratio_TV_daily.csv
[RATIO] GLD/TLT: rows=5243 → GLD_TLT_ratio_TV_daily.csv
[RATIO] HYG/IEI: rows=2045 → HYG_IEI_ratio_TV_daily.csv
[RATIO] JNK/LQD: rows=2532 → JNK_LQD_ratio_TV_daily.csv
[RATIO] QQQ/IWM: rows=2532 → QQQ_IWM_ratio_TV_daily.csv
[RATIO] QQQ/SPY: rows=2532 → QQQ_SPY_ratio_TV_daily.csv
[RATIO] SPHB/SPY: rows=2532 → SPHB_SPY_ratio_TV_daily.csv
[RATIO] XLP/SPY: rows=6728 → XLP_SPY_ratio_TV_daily.csv
[RATIO] XLY/XLP: rows=6728 → XLY_XLP_ratio_TV_daily.csv
[RATIO] HYG/TLT: rows=4643 → HYG_TLT_ratio_TV_daily.csv
[RATIO MISS] Missing input: /Users/Finance/QuantShared/market_trends/EMB_TV_daily.csv
[RATIO] LQD/TLT: rows=2533 → LQD_TLT_ratio_TV_daily.csv
[RATIO] RSP/SPY: rows=5636 → RSP_SPY_ratio_TV_daily.csv
[RATIO] RSP/QQQ: rows=2532 → RSP_QQQ_ratio_TV_daily.csv
[RATIO] SPY/TLT: rows=5827 → SPY_TLT_ratio_TV_daily.csv
[RATIO] QQQ/TLT: rows=2532 → QQQ_TLT_ratio_TV_daily.csv
[RATIO MISS] Missing input: /Users/Finance/QuantShared/market_trends/UUP_TV_daily.csv
[COMP ] XLU_XLV_XLP_composite: rows=6728 → XLU_XLV_XLP_composite_TV_daily.csv
[DONE] s13_market_trends_update complete.
[2025-09-22 14:48:49 UTC] s14_forex_update → s14_forex_update.py
[IB] Connecting 127.0.0.1:7496 (clientId=64) …
[IB] Connected.
[OK] USDEUR: +0 rows → /Users/Finance/QuantShared/forex/USDEUR_daily.csv
[IB] Disconnected.
[2025-09-22 14:48:49 UTC] s20_make_master_daily → s20_make_master_daily.py
[s20] ROOT=/Users/Finance
[s20] DATA_RAW(project)=/Users/Finance/data_raw
[s20] SHARED_BASE=/Users/Finance/QuantShared/data_raw_ETF_US
[s20] TT daily dir (read)=/Users/Finance/QuantShared/data_raw_ETF_US/daily
[s20] ETF list=/Users/Finance/QuantShared/ETF_list.xlsx (sheet=US_small)
[OK] Wrote /Users/Finance/data_raw/etf_prices_daily_master.csv | rows=72,825 | tickers=36
[2025-09-22 14:48:50 UTC] s30_enrich_to_parquet → s30_enrich_to_parquet.py
[2025-09-22 14:48:50 UTC] [ERR] /Users/Finance/QuantETFUS_small/scripts/us_open_v1.sh failed at line 123
[2025-09-23 14:45:05 UTC] === US-OPEN REFRESH (v1) START ===
[2025-09-23 14:45:05 UTC] s10_ibkr_download_daily → s10_ibkr_download_daily.py --client_id 87
[INFO] Excel=/Users/Finance/QuantShared/ETF_list.xlsx | sheet=signalsUSD | out=/Users/Finance/QuantShared/data_raw_ETF_US/daily
[IB] Connecting 127.0.0.1:7496 (clientId=87) …
[IB] Connected.
[1/37] BATT: +0 rows → /Users/Finance/QuantShared/data_raw_ETF_US/daily/BATT_daily_raw.csv
[2/37] COPX: +0 rows → /Users/Finance/QuantShared/data_raw_ETF_US/daily/COPX_daily_raw.csv
[3/37] DGTL: +0 rows → /Users/Finance/QuantShared/data_raw_ETF_US/daily/DGTL_daily_raw.csv
[4/37] GDX: +0 rows → /Users/Finance/QuantShared/data_raw_ETF_US/daily/GDX_daily_raw.csv
[5/37] GDXJ: +0 rows → /Users/Finance/QuantShared/data_raw_ETF_US/daily/GDXJ_daily_raw.csv
[6/37] IOGP: +0 rows → /Users/Finance/QuantShared/data_raw_ETF_US/daily/IOGP_daily_raw.csv
[7/37] ISAC: +0 rows → /Users/Finance/QuantShared/data_raw_ETF_US/daily/ISAC_daily_raw.csv
[8/37] ISUN: +0 rows → /Users/Finance/QuantShared/data_raw_ETF_US/daily/ISUN_daily_raw.csv
[9/37] IUCM: +0 rows → /Users/Finance/QuantShared/data_raw_ETF_US/daily/IUCM_daily_raw.csv
[10/37] IUCS: +0 rows → /Users/Finance/QuantShared/data_raw_ETF_US/daily/IUCS_daily_raw.csv
[11/37] IUES: +0 rows → /Users/Finance/QuantShared/data_raw_ETF_US/daily/IUES_daily_raw.csv
[12/37] IUFS: +0 rows → /Users/Finance/QuantShared/data_raw_ETF_US/daily/IUFS_daily_raw.csv
[13/37] IUHC: +0 rows → /Users/Finance/QuantShared/data_raw_ETF_US/daily/IUHC_daily_raw.csv
[14/37] IUIT: +0 rows → /Users/Finance/QuantShared/data_raw_ETF_US/daily/IUIT_daily_raw.csv
[15/37] IUUS: +0 rows → /Users/Finance/QuantShared/data_raw_ETF_US/daily/IUUS_daily_raw.csv
[16/37] IWDA: +0 rows → /Users/Finance/QuantShared/data_raw_ETF_US/daily/IWDA_daily_raw.csv
[17/37] PHAG: +0 rows → /Users/Finance/QuantShared/data_raw_ETF_US/daily/PHAG_daily_raw.csv
[18/37] RBOT: +0 rows → /Users/Finance/QuantShared/data_raw_ETF_US/daily/RBOT_daily_raw.csv
[19/37] RENW: +0 rows → /Users/Finance/QuantShared/data_raw_ETF_US/daily/RENW_daily_raw.csv
[20/37] SBIO: +0 rows → /Users/Finance/QuantShared/data_raw_ETF_US/daily/SBIO_daily_raw.csv
[21/37] SMH: +0 rows → /Users/Finance/QuantShared/data_raw_ETF_US/daily/SMH_daily_raw.csv
[22/37] SGLD: +0 rows → /Users/Finance/QuantShared/data_raw_ETF_US/daily/SGLD_daily_raw.csv
[23/37] SILV: +0 rows → /Users/Finance/QuantShared/data_raw_ETF_US/daily/SILV_daily_raw.csv
[24/37] URNJ: +0 rows → /Users/Finance/QuantShared/data_raw_ETF_US/daily/URNJ_daily_raw.csv
[25/37] URNM: +0 rows → /Users/Finance/QuantShared/data_raw_ETF_US/daily/URNM_daily_raw.csv
[26/37] USPY: +0 rows → /Users/Finance/QuantShared/data_raw_ETF_US/daily/USPY_daily_raw.csv
[WARN] CSPX: could not qualify contract (check mapping/permissions). Skipping.
[28/37] XNAS: +0 rows → /Users/Finance/QuantShared/data_raw_ETF_US/daily/XNAS_daily_raw.csv
[29/37] XS2D: +0 rows → /Users/Finance/QuantShared/data_raw_ETF_US/daily/XS2D_daily_raw.csv
[30/37] XSPD: +0 rows → /Users/Finance/QuantShared/data_raw_ETF_US/daily/XSPD_daily_raw.csv
[31/37] XT2D: +0 rows → /Users/Finance/QuantShared/data_raw_ETF_US/daily/XT2D_daily_raw.csv
[32/37] AIGA: +0 rows → /Users/Finance/QuantShared/data_raw_ETF_US/daily/AIGA_daily_raw.csv
[33/37] AIAI: +0 rows → /Users/Finance/QuantShared/data_raw_ETF_US/daily/AIAI_daily_raw.csv
[34/37] XMED: +0 rows → /Users/Finance/QuantShared/data_raw_ETF_US/daily/XMED_daily_raw.csv
[35/37] ICOM: +0 rows → /Users/Finance/QuantShared/data_raw_ETF_US/daily/ICOM_daily_raw.csv
[36/37] R2US: +0 rows → /Users/Finance/QuantShared/data_raw_ETF_US/daily/R2US_daily_raw.csv
[37/37] VUAA: +0 rows → /Users/Finance/QuantShared/data_raw_ETF_US/daily/VUAA_daily_raw.csv
[DONE] s10_ibkr_download_daily (append-only, UTC) complete.
[2025-09-23 14:47:09 UTC] s12_ibkr_download_weekly → s12_ibkr_download_weekly.py
[INFO] Excel=/Users/Finance/QuantShared/ETF_list.xlsx | sheet=signalsUSD | outdir=/Users/Finance/QuantShared/data_raw_ETF_US/weekly
[INFO] Excel=/Users/Finance/QuantShared/ETF_list.xlsx | sheet=signalsUSD | outdir=/Users/Finance/QuantShared/data_raw_ETF_US/weekly
[IB] Connecting 127.0.0.1:7496 (clientId=62) …
[IB] Connected.
[1/37] BATT: +0 rows → /Users/Finance/QuantShared/data_raw_ETF_US/weekly/BATT_weekly_raw.csv
[2/37] COPX: +0 rows → /Users/Finance/QuantShared/data_raw_ETF_US/weekly/COPX_weekly_raw.csv
[3/37] DGTL: +0 rows → /Users/Finance/QuantShared/data_raw_ETF_US/weekly/DGTL_weekly_raw.csv
[4/37] GDX: +0 rows → /Users/Finance/QuantShared/data_raw_ETF_US/weekly/GDX_weekly_raw.csv
[5/37] GDXJ: +0 rows → /Users/Finance/QuantShared/data_raw_ETF_US/weekly/GDXJ_weekly_raw.csv
[6/37] IOGP: +0 rows → /Users/Finance/QuantShared/data_raw_ETF_US/weekly/IOGP_weekly_raw.csv
[7/37] ISAC: +0 rows → /Users/Finance/QuantShared/data_raw_ETF_US/weekly/ISAC_weekly_raw.csv
[8/37] ISUN: +0 rows → /Users/Finance/QuantShared/data_raw_ETF_US/weekly/ISUN_weekly_raw.csv
[9/37] IUCM: +0 rows → /Users/Finance/QuantShared/data_raw_ETF_US/weekly/IUCM_weekly_raw.csv
[10/37] IUCS: +0 rows → /Users/Finance/QuantShared/data_raw_ETF_US/weekly/IUCS_weekly_raw.csv
[11/37] IUES: +0 rows → /Users/Finance/QuantShared/data_raw_ETF_US/weekly/IUES_weekly_raw.csv
[12/37] IUFS: +0 rows → /Users/Finance/QuantShared/data_raw_ETF_US/weekly/IUFS_weekly_raw.csv
[13/37] IUHC: +0 rows → /Users/Finance/QuantShared/data_raw_ETF_US/weekly/IUHC_weekly_raw.csv
[14/37] IUIT: +0 rows → /Users/Finance/QuantShared/data_raw_ETF_US/weekly/IUIT_weekly_raw.csv
[15/37] IUUS: +0 rows → /Users/Finance/QuantShared/data_raw_ETF_US/weekly/IUUS_weekly_raw.csv
[16/37] IWDA: +0 rows → /Users/Finance/QuantShared/data_raw_ETF_US/weekly/IWDA_weekly_raw.csv
[17/37] PHAG: +0 rows → /Users/Finance/QuantShared/data_raw_ETF_US/weekly/PHAG_weekly_raw.csv
[18/37] RBOT: +0 rows → /Users/Finance/QuantShared/data_raw_ETF_US/weekly/RBOT_weekly_raw.csv
[19/37] RENW: +0 rows → /Users/Finance/QuantShared/data_raw_ETF_US/weekly/RENW_weekly_raw.csv
[20/37] SBIO: +0 rows → /Users/Finance/QuantShared/data_raw_ETF_US/weekly/SBIO_weekly_raw.csv
[21/37] SMH: +0 rows → /Users/Finance/QuantShared/data_raw_ETF_US/weekly/SMH_weekly_raw.csv
[22/37] SGLD: +0 rows → /Users/Finance/QuantShared/data_raw_ETF_US/weekly/SGLD_weekly_raw.csv
[23/37] SILV: +0 rows → /Users/Finance/QuantShared/data_raw_ETF_US/weekly/SILV_weekly_raw.csv
[24/37] URNJ: +0 rows → /Users/Finance/QuantShared/data_raw_ETF_US/weekly/URNJ_weekly_raw.csv
[25/37] URNM: +0 rows → /Users/Finance/QuantShared/data_raw_ETF_US/weekly/URNM_weekly_raw.csv
[26/37] USPY: +0 rows → /Users/Finance/QuantShared/data_raw_ETF_US/weekly/USPY_weekly_raw.csv
[27/37] CSPX: [SKIP] could not qualify.
[28/37] XNAS: +0 rows → /Users/Finance/QuantShared/data_raw_ETF_US/weekly/XNAS_weekly_raw.csv
[29/37] XS2D: +0 rows → /Users/Finance/QuantShared/data_raw_ETF_US/weekly/XS2D_weekly_raw.csv
[30/37] XSPD: +0 rows → /Users/Finance/QuantShared/data_raw_ETF_US/weekly/XSPD_weekly_raw.csv
[31/37] XT2D: +0 rows → /Users/Finance/QuantShared/data_raw_ETF_US/weekly/XT2D_weekly_raw.csv
[32/37] AIGA: +0 rows → /Users/Finance/QuantShared/data_raw_ETF_US/weekly/AIGA_weekly_raw.csv
[33/37] AIAI: +0 rows → /Users/Finance/QuantShared/data_raw_ETF_US/weekly/AIAI_weekly_raw.csv
[34/37] XMED: +0 rows → /Users/Finance/QuantShared/data_raw_ETF_US/weekly/XMED_weekly_raw.csv
[35/37] ICOM: +0 rows → /Users/Finance/QuantShared/data_raw_ETF_US/weekly/ICOM_weekly_raw.csv
[36/37] R2US: +0 rows → /Users/Finance/QuantShared/data_raw_ETF_US/weekly/R2US_weekly_raw.csv
[37/37] VUAA: +0 rows → /Users/Finance/QuantShared/data_raw_ETF_US/weekly/VUAA_weekly_raw.csv
[DONE] s12_ibkr_download_weekly complete.
[2025-09-23 14:47:29 UTC] s13_market_trends_update → s13_market_trends_update.py
[INFO] Using list: /Users/Finance/QuantShared/ETF_list.xlsx | sheet=market_trends | tickers=66
[IB] Connecting 127.0.0.1:7496 (clientId=63) …
[IB] Connected.
CEW_DXY_ratio_TV_daily.csv: skip (ratio/composite)
CEW [STK/TRADES]: +0 rows → CEW_TV_daily.csv
DBC_SPY_ratio_TV_daily.csv: skip (ratio/composite)
DBC_TLT_ratio_TV_daily.csv: skip (ratio/composite)
DBC [STK/TRADES]: +1 rows → DBC_TV_daily.csv
DIA_QQQ_ratio_TV_daily.csv: skip (ratio/composite)
DIA [STK/TRADES]: +1 rows → DIA_TV_daily.csv
DXY_TV_daily.csv: skip (ticker not in ETF_list.xlsx → market_trends)
EEM_SPY_ratio_TV_daily.csv: skip (ratio/composite)
EEM [STK/TRADES]: +1 rows → EEM_TV_daily.csv
EFA_SPY_ratio_TV_daily.csv: skip (ratio/composite)
EFA [STK/TRADES]: +1 rows → EFA_TV_daily.csv
FEZ_SPY_ratio_TV_daily.csv: skip (ratio/composite)
FEZ [STK/TRADES]: +1 rows → FEZ_TV_daily.csv
GDX [STK/TRADES]: +0 rows → GDX_TV_daily.csv
GLD_SPY_ratio_TV_daily.csv: skip (ratio/composite)
GLD_TLT_ratio_TV_daily.csv: skip (ratio/composite)
GLD [STK/TRADES]: +1 rows → GLD_TV_daily.csv
HYG_IEI_ratio_TV_daily.csv: skip (ratio/composite)
HYG_LQD_ratio_TV_daily.csv: skip (ratio/composite)
HYG_TLT_ratio_TV_daily.csv: skip (ratio/composite)
HYG [STK/TRADES]: +1 rows → HYG_TV_daily.csv
IEI [STK/TRADES]: +1 rows → IEI_TV_daily.csv
IWC [STK/TRADES]: +1 rows → IWC_TV_daily.csv
IWM [STK/TRADES]: +1 rows → IWM_TV_daily.csv
JNK_LQD_ratio_TV_daily.csv: skip (ratio/composite)
JNK [STK/TRADES]: +1 rows → JNK_TV_daily.csv
KRE [STK/TRADES]: +1 rows → KRE_TV_daily.csv
LQD_TLT_ratio_TV_daily.csv: skip (ratio/composite)
LQD [STK/TRADES]: +1 rows → LQD_TV_daily.csv
PC_TV_daily.csv: skip (ticker not in ETF_list.xlsx → market_trends)
QQQ_IWM_ratio_TV_daily.csv: skip (ratio/composite)
QQQ_SPY_ratio_TV_daily.csv: skip (ratio/composite)
QQQ_TLT_ratio_TV_daily.csv: skip (ratio/composite)
QQQ [STK/TRADES]: +1 rows → QQQ_TV_daily.csv
RSP_QQQ_ratio_TV_daily.csv: skip (ratio/composite)
RSP_SPY_ratio_TV_daily.csv: skip (ratio/composite)
RSP [STK/TRADES]: +1 rows → RSP_TV_daily.csv
SLV [STK/TRADES]: +1 rows → SLV_TV_daily.csv
SPHB_SPY_ratio_TV_daily.csv: skip (ratio/composite)
SPHB [STK/TRADES]: +1 rows → SPHB_TV_daily.csv
SPYD [STK/TRADES]: +1 rows → SPYD_TV_daily.csv
SPY_TLT_ratio_TV_daily.csv: skip (ratio/composite)
SPY [STK/TRADES]: +1 rows → SPY_TV_daily.csv
TLT [STK/TRADES]: +1 rows → TLT_TV_daily.csv
VIX3M [IND/TRADES]: +1 rows → VIX3M_TV_daily.csv
VIX9D [IND/TRADES]: +1 rows → VIX9D_TV_daily.csv
VIX [IND/TRADES]: +0 rows → VIX_TV_daily.csv
VVIX [IND/TRADES]: +1 rows → VVIX_TV_daily.csv
XHB [STK/TRADES]: +1 rows → XHB_TV_daily.csv
XLB [STK/TRADES]: +1 rows → XLB_TV_daily.csv
XLC [STK/TRADES]: +1 rows → XLC_TV_daily.csv
XLE [STK/TRADES]: +1 rows → XLE_TV_daily.csv
XLF [STK/TRADES]: +1 rows → XLF_TV_daily.csv
XLI [STK/TRADES]: +1 rows → XLI_TV_daily.csv
XLK [STK/TRADES]: +1 rows → XLK_TV_daily.csv
XLP_SPY_ratio_TV_daily.csv: skip (ratio/composite)
XLP [STK/TRADES]: +1 rows → XLP_TV_daily.csv
XLRE [STK/TRADES]: +1 rows → XLRE_TV_daily.csv
XLU_SPY_ratio_TV_daily.csv: skip (ratio/composite)
XLU [STK/TRADES]: +1 rows → XLU_TV_daily.csv
XLU_XLV_XLP_composite_TV_daily.csv: skip (ratio/composite)
XLV [STK/TRADES]: +1 rows → XLV_TV_daily.csv
XLY [STK/TRADES]: +1 rows → XLY_TV_daily.csv
XLY_XLP_ratio_TV_daily.csv: skip (ratio/composite)
[IB] Disconnected.
[RATIO] DBC/SPY: rows=2533 → DBC_SPY_ratio_TV_daily.csv
[RATIO] DBC/TLT: rows=2533 → DBC_TLT_ratio_TV_daily.csv
[RATIO] DIA/QQQ: rows=2533 → DIA_QQQ_ratio_TV_daily.csv
[RATIO] EEM/SPY: rows=2534 → EEM_SPY_ratio_TV_daily.csv
[RATIO] EFA/SPY: rows=2534 → EFA_SPY_ratio_TV_daily.csv
[RATIO] FEZ/SPY: rows=2534 → FEZ_SPY_ratio_TV_daily.csv
[RATIO] GLD/SPY: rows=5244 → GLD_SPY_ratio_TV_daily.csv
[RATIO] GLD/TLT: rows=5244 → GLD_TLT_ratio_TV_daily.csv
[RATIO] HYG/IEI: rows=2046 → HYG_IEI_ratio_TV_daily.csv
[RATIO] JNK/LQD: rows=2533 → JNK_LQD_ratio_TV_daily.csv
[RATIO] QQQ/IWM: rows=2533 → QQQ_IWM_ratio_TV_daily.csv
[RATIO] QQQ/SPY: rows=2533 → QQQ_SPY_ratio_TV_daily.csv
[RATIO] SPHB/SPY: rows=2533 → SPHB_SPY_ratio_TV_daily.csv
[RATIO] XLP/SPY: rows=6729 → XLP_SPY_ratio_TV_daily.csv
[RATIO] XLY/XLP: rows=6729 → XLY_XLP_ratio_TV_daily.csv
[RATIO] HYG/TLT: rows=4644 → HYG_TLT_ratio_TV_daily.csv
[RATIO MISS] Missing input: /Users/Finance/QuantShared/market_trends/EMB_TV_daily.csv
[RATIO] LQD/TLT: rows=2534 → LQD_TLT_ratio_TV_daily.csv
[RATIO] RSP/SPY: rows=5637 → RSP_SPY_ratio_TV_daily.csv
[RATIO] RSP/QQQ: rows=2533 → RSP_QQQ_ratio_TV_daily.csv
[RATIO] SPY/TLT: rows=5828 → SPY_TLT_ratio_TV_daily.csv
[RATIO] QQQ/TLT: rows=2533 → QQQ_TLT_ratio_TV_daily.csv
[RATIO MISS] Missing input: /Users/Finance/QuantShared/market_trends/UUP_TV_daily.csv
[COMP ] XLU_XLV_XLP_composite: rows=6729 → XLU_XLV_XLP_composite_TV_daily.csv
[DONE] s13_market_trends_update complete.
[2025-09-23 14:48:46 UTC] s14_forex_update → s14_forex_update.py
[IB] Connecting 127.0.0.1:7496 (clientId=64) …
[IB] Connected.
[OK] USDEUR: +0 rows → /Users/Finance/QuantShared/forex/USDEUR_daily.csv
[IB] Disconnected.
[2025-09-23 14:48:47 UTC] s20_make_master_daily → s20_make_master_daily.py
[s20] ROOT=/Users/Finance
[s20] DATA_RAW(project)=/Users/Finance/data_raw
[s20] SHARED_BASE=/Users/Finance/QuantShared/data_raw_ETF_US
[s20] TT daily dir (read)=/Users/Finance/QuantShared/data_raw_ETF_US/daily
[s20] ETF list=/Users/Finance/QuantShared/ETF_list.xlsx (sheet=US_small)
[OK] Wrote /Users/Finance/data_raw/etf_prices_daily_master.csv | rows=72,861 | tickers=36
[2025-09-23 14:48:48 UTC] s30_enrich_to_parquet → s30_enrich_to_parquet.py
[2025-09-23 14:48:48 UTC] [ERR] /Users/Finance/QuantETFUS_small/scripts/us_open_v1.sh failed at line 123
[2025-09-24 14:45:04 UTC] === US-OPEN REFRESH (v1) START ===
[2025-09-24 14:45:04 UTC] s10_ibkr_download_daily → s10_ibkr_download_daily.py --client_id 87
[INFO] Excel=/Users/Finance/QuantShared/ETF_list.xlsx | sheet=signalsUSD | out=/Users/Finance/QuantShared/data_raw_ETF_US/daily
[IB] Connecting 127.0.0.1:7496 (clientId=87) …
[IB] Connected.
[1/40] AIAI: +0 → /Users/Finance/QuantShared/data_raw_ETF_US/daily/AIAI_daily_raw.csv
[2/40] AIGA: +0 → /Users/Finance/QuantShared/data_raw_ETF_US/daily/AIGA_daily_raw.csv
[3/40] BATT: +0 → /Users/Finance/QuantShared/data_raw_ETF_US/daily/BATT_daily_raw.csv
[4/40] COPX: +0 → /Users/Finance/QuantShared/data_raw_ETF_US/daily/COPX_daily_raw.csv
[5/40] CSPX: +0 → /Users/Finance/QuantShared/data_raw_ETF_US/daily/CSPX_daily_raw.csv
[6/40] DGTL: +0 → /Users/Finance/QuantShared/data_raw_ETF_US/daily/DGTL_daily_raw.csv
[7/40] DTLA: +0 → /Users/Finance/QuantShared/data_raw_ETF_US/daily/DTLA_daily_raw.csv
[8/40] GDX: +0 → /Users/Finance/QuantShared/data_raw_ETF_US/daily/GDX_daily_raw.csv
[9/40] GDXJ: +0 → /Users/Finance/QuantShared/data_raw_ETF_US/daily/GDXJ_daily_raw.csv
[10/40] IBTA: +0 → /Users/Finance/QuantShared/data_raw_ETF_US/daily/IBTA_daily_raw.csv
[11/40] ICOM: +0 → /Users/Finance/QuantShared/data_raw_ETF_US/daily/ICOM_daily_raw.csv
[12/40] IDTM: +0 → /Users/Finance/QuantShared/data_raw_ETF_US/daily/IDTM_daily_raw.csv
[13/40] IOGP: +0 → /Users/Finance/QuantShared/data_raw_ETF_US/daily/IOGP_daily_raw.csv
[14/40] ISAC: +0 → /Users/Finance/QuantShared/data_raw_ETF_US/daily/ISAC_daily_raw.csv
[15/40] IUCM: +0 → /Users/Finance/QuantShared/data_raw_ETF_US/daily/IUCM_daily_raw.csv
[16/40] IUCS: +0 → /Users/Finance/QuantShared/data_raw_ETF_US/daily/IUCS_daily_raw.csv
[17/40] IUES: +0 → /Users/Finance/QuantShared/data_raw_ETF_US/daily/IUES_daily_raw.csv
[18/40] IUFS: +0 → /Users/Finance/QuantShared/data_raw_ETF_US/daily/IUFS_daily_raw.csv
[19/40] IUHC: +0 → /Users/Finance/QuantShared/data_raw_ETF_US/daily/IUHC_daily_raw.csv
[20/40] IUIT: +0 → /Users/Finance/QuantShared/data_raw_ETF_US/daily/IUIT_daily_raw.csv
[21/40] IUUS: +0 → /Users/Finance/QuantShared/data_raw_ETF_US/daily/IUUS_daily_raw.csv
[22/40] IWDA: +0 → /Users/Finance/QuantShared/data_raw_ETF_US/daily/IWDA_daily_raw.csv
[23/40] NUCL: +0 → /Users/Finance/QuantShared/data_raw_ETF_US/daily/NUCL_daily_raw.csv
[24/40] PHAG: +0 → /Users/Finance/QuantShared/data_raw_ETF_US/daily/PHAG_daily_raw.csv
[25/40] R2US: +0 → /Users/Finance/QuantShared/data_raw_ETF_US/daily/R2US_daily_raw.csv
[26/40] RBOT: +0 → /Users/Finance/QuantShared/data_raw_ETF_US/daily/RBOT_daily_raw.csv
[27/40] RENW: +0 → /Users/Finance/QuantShared/data_raw_ETF_US/daily/RENW_daily_raw.csv
[28/40] SBIO: +0 → /Users/Finance/QuantShared/data_raw_ETF_US/daily/SBIO_daily_raw.csv
[29/40] SGLD: +0 → /Users/Finance/QuantShared/data_raw_ETF_US/daily/SGLD_daily_raw.csv
[30/40] SILV: +0 → /Users/Finance/QuantShared/data_raw_ETF_US/daily/SILV_daily_raw.csv
[31/40] SMH: +0 → /Users/Finance/QuantShared/data_raw_ETF_US/daily/SMH_daily_raw.csv
[32/40] URNJ: +0 → /Users/Finance/QuantShared/data_raw_ETF_US/daily/URNJ_daily_raw.csv
[33/40] URNM: +0 → /Users/Finance/QuantShared/data_raw_ETF_US/daily/URNM_daily_raw.csv
[34/40] USPY: +0 → /Users/Finance/QuantShared/data_raw_ETF_US/daily/USPY_daily_raw.csv
[35/40] VUAA: +0 → /Users/Finance/QuantShared/data_raw_ETF_US/daily/VUAA_daily_raw.csv
[36/40] XMED: +0 → /Users/Finance/QuantShared/data_raw_ETF_US/daily/XMED_daily_raw.csv
[37/40] XNAS: +0 → /Users/Finance/QuantShared/data_raw_ETF_US/daily/XNAS_daily_raw.csv
[38/40] XS2D: +0 → /Users/Finance/QuantShared/data_raw_ETF_US/daily/XS2D_daily_raw.csv
[39/40] XSPD: +0 → /Users/Finance/QuantShared/data_raw_ETF_US/daily/XSPD_daily_raw.csv
[40/40] XT2D: +0 → /Users/Finance/QuantShared/data_raw_ETF_US/daily/XT2D_daily_raw.csv
[DONE] s10_ibkr_download_daily (append-only, UTC) complete.
[2025-09-24 14:47:42 UTC] s12_ibkr_download_weekly → s12_ibkr_download_weekly.py
[INFO] Excel=/Users/Finance/QuantShared/ETF_list.xlsx | sheet=signalsUSD | outdir=/Users/Finance/QuantShared/data_raw_ETF_US/weekly
[IB] Connecting 127.0.0.1:7496 (clientId=62) …
[IB] Connected.
[1/40] AIAI: +0 rows → /Users/Finance/QuantShared/data_raw_ETF_US/weekly/AIAI_weekly_raw.csv
[2/40] AIGA: +0 rows → /Users/Finance/QuantShared/data_raw_ETF_US/weekly/AIGA_weekly_raw.csv
[3/40] BATT: +0 rows → /Users/Finance/QuantShared/data_raw_ETF_US/weekly/BATT_weekly_raw.csv
[4/40] COPX: +0 rows → /Users/Finance/QuantShared/data_raw_ETF_US/weekly/COPX_weekly_raw.csv
[5/40] CSPX: +0 rows → /Users/Finance/QuantShared/data_raw_ETF_US/weekly/CSPX_weekly_raw.csv
[6/40] DGTL: +0 rows → /Users/Finance/QuantShared/data_raw_ETF_US/weekly/DGTL_weekly_raw.csv
[7/40] DTLA: +0 rows → /Users/Finance/QuantShared/data_raw_ETF_US/weekly/DTLA_weekly_raw.csv
[8/40] GDX: +0 rows → /Users/Finance/QuantShared/data_raw_ETF_US/weekly/GDX_weekly_raw.csv
[9/40] GDXJ: +0 rows → /Users/Finance/QuantShared/data_raw_ETF_US/weekly/GDXJ_weekly_raw.csv
[10/40] IBTA: +0 rows → /Users/Finance/QuantShared/data_raw_ETF_US/weekly/IBTA_weekly_raw.csv
[11/40] ICOM: +0 rows → /Users/Finance/QuantShared/data_raw_ETF_US/weekly/ICOM_weekly_raw.csv
[12/40] IDTM: +0 rows → /Users/Finance/QuantShared/data_raw_ETF_US/weekly/IDTM_weekly_raw.csv
[13/40] IOGP: +0 rows → /Users/Finance/QuantShared/data_raw_ETF_US/weekly/IOGP_weekly_raw.csv
[14/40] ISAC: +0 rows → /Users/Finance/QuantShared/data_raw_ETF_US/weekly/ISAC_weekly_raw.csv
[15/40] IUCM: +0 rows → /Users/Finance/QuantShared/data_raw_ETF_US/weekly/IUCM_weekly_raw.csv
[16/40] IUCS: +0 rows → /Users/Finance/QuantShared/data_raw_ETF_US/weekly/IUCS_weekly_raw.csv
[17/40] IUES: +0 rows → /Users/Finance/QuantShared/data_raw_ETF_US/weekly/IUES_weekly_raw.csv
[18/40] IUFS: +0 rows → /Users/Finance/QuantShared/data_raw_ETF_US/weekly/IUFS_weekly_raw.csv
[19/40] IUHC: +0 rows → /Users/Finance/QuantShared/data_raw_ETF_US/weekly/IUHC_weekly_raw.csv
[20/40] IUIT: +0 rows → /Users/Finance/QuantShared/data_raw_ETF_US/weekly/IUIT_weekly_raw.csv
[21/40] IUUS: +0 rows → /Users/Finance/QuantShared/data_raw_ETF_US/weekly/IUUS_weekly_raw.csv
[22/40] IWDA: +0 rows → /Users/Finance/QuantShared/data_raw_ETF_US/weekly/IWDA_weekly_raw.csv
[23/40] NUCL: +0 rows → /Users/Finance/QuantShared/data_raw_ETF_US/weekly/NUCL_weekly_raw.csv
[24/40] PHAG: +0 rows → /Users/Finance/QuantShared/data_raw_ETF_US/weekly/PHAG_weekly_raw.csv
[25/40] R2US: +0 rows → /Users/Finance/QuantShared/data_raw_ETF_US/weekly/R2US_weekly_raw.csv
[26/40] RBOT: +0 rows → /Users/Finance/QuantShared/data_raw_ETF_US/weekly/RBOT_weekly_raw.csv
[27/40] RENW: +0 rows → /Users/Finance/QuantShared/data_raw_ETF_US/weekly/RENW_weekly_raw.csv
[28/40] SBIO: +0 rows → /Users/Finance/QuantShared/data_raw_ETF_US/weekly/SBIO_weekly_raw.csv
[29/40] SGLD: +0 rows → /Users/Finance/QuantShared/data_raw_ETF_US/weekly/SGLD_weekly_raw.csv
[30/40] SILV: +0 rows → /Users/Finance/QuantShared/data_raw_ETF_US/weekly/SILV_weekly_raw.csv
[31/40] SMH: +0 rows → /Users/Finance/QuantShared/data_raw_ETF_US/weekly/SMH_weekly_raw.csv
[32/40] URNJ: +0 rows → /Users/Finance/QuantShared/data_raw_ETF_US/weekly/URNJ_weekly_raw.csv
[33/40] URNM: +0 rows → /Users/Finance/QuantShared/data_raw_ETF_US/weekly/URNM_weekly_raw.csv
[34/40] USPY: +0 rows → /Users/Finance/QuantShared/data_raw_ETF_US/weekly/USPY_weekly_raw.csv
[35/40] VUAA: +0 rows → /Users/Finance/QuantShared/data_raw_ETF_US/weekly/VUAA_weekly_raw.csv
[36/40] XMED: +0 rows → /Users/Finance/QuantShared/data_raw_ETF_US/weekly/XMED_weekly_raw.csv
[37/40] XNAS: +0 rows → /Users/Finance/QuantShared/data_raw_ETF_US/weekly/XNAS_weekly_raw.csv
[38/40] XS2D: +0 rows → /Users/Finance/QuantShared/data_raw_ETF_US/weekly/XS2D_weekly_raw.csv
[39/40] XSPD: +0 rows → /Users/Finance/QuantShared/data_raw_ETF_US/weekly/XSPD_weekly_raw.csv
[40/40] XT2D: +0 rows → /Users/Finance/QuantShared/data_raw_ETF_US/weekly/XT2D_weekly_raw.csv
[DONE] s12_ibkr_download_weekly complete.
[2025-09-24 14:50:07 UTC] s13_market_trends_update → s13_market_trends_update.py
[INFO] Using list: /Users/Finance/QuantShared/ETF_list.xlsx | sheet=market_trends | tickers=66
[IB] Connecting 127.0.0.1:7496 (clientId=63) …
[IB] Connected.
CEW_DXY_ratio_TV_daily.csv: skip (ratio/composite)
CEW [STK/TRADES]: +0 rows → CEW_TV_daily.csv
DBC_SPY_ratio_TV_daily.csv: skip (ratio/composite)
DBC_TLT_ratio_TV_daily.csv: skip (ratio/composite)
DBC [STK/TRADES]: +0 rows → DBC_TV_daily.csv
DIA_QQQ_ratio_TV_daily.csv: skip (ratio/composite)
DIA [STK/TRADES]: +0 rows → DIA_TV_daily.csv
DXY_TV_daily.csv: skip (ticker not in ETF_list.xlsx → market_trends)
EEM_SPY_ratio_TV_daily.csv: skip (ratio/composite)
EEM [STK/TRADES]: +0 rows → EEM_TV_daily.csv
EFA_SPY_ratio_TV_daily.csv: skip (ratio/composite)
EFA [STK/TRADES]: +0 rows → EFA_TV_daily.csv
FEZ_SPY_ratio_TV_daily.csv: skip (ratio/composite)
FEZ [STK/TRADES]: +0 rows → FEZ_TV_daily.csv
GDX [STK/TRADES]: +0 rows → GDX_TV_daily.csv
GLD_SPY_ratio_TV_daily.csv: skip (ratio/composite)
GLD_TLT_ratio_TV_daily.csv: skip (ratio/composite)
GLD [STK/TRADES]: +0 rows → GLD_TV_daily.csv
HYG_IEI_ratio_TV_daily.csv: skip (ratio/composite)
HYG_LQD_ratio_TV_daily.csv: skip (ratio/composite)
HYG_TLT_ratio_TV_daily.csv: skip (ratio/composite)
HYG [STK/TRADES]: +0 rows → HYG_TV_daily.csv
IEI [STK/TRADES]: +0 rows → IEI_TV_daily.csv
IWC [STK/TRADES]: +0 rows → IWC_TV_daily.csv
IWM [STK/TRADES]: +0 rows → IWM_TV_daily.csv
JNK_LQD_ratio_TV_daily.csv: skip (ratio/composite)
JNK [STK/TRADES]: +0 rows → JNK_TV_daily.csv
KRE [STK/TRADES]: +0 rows → KRE_TV_daily.csv
LQD_TLT_ratio_TV_daily.csv: skip (ratio/composite)
LQD [STK/TRADES]: +0 rows → LQD_TV_daily.csv
PC_TV_daily.csv: skip (ticker not in ETF_list.xlsx → market_trends)
QQQ_IWM_ratio_TV_daily.csv: skip (ratio/composite)
QQQ_SPY_ratio_TV_daily.csv: skip (ratio/composite)
QQQ_TLT_ratio_TV_daily.csv: skip (ratio/composite)
QQQ [STK/TRADES]: +0 rows → QQQ_TV_daily.csv
RSP_QQQ_ratio_TV_daily.csv: skip (ratio/composite)
RSP_SPY_ratio_TV_daily.csv: skip (ratio/composite)
RSP [STK/TRADES]: +0 rows → RSP_TV_daily.csv
SLV [STK/TRADES]: +0 rows → SLV_TV_daily.csv
SPHB_SPY_ratio_TV_daily.csv: skip (ratio/composite)
SPHB [STK/TRADES]: +0 rows → SPHB_TV_daily.csv
SPYD [STK/TRADES]: +0 rows → SPYD_TV_daily.csv
SPY_TLT_ratio_TV_daily.csv: skip (ratio/composite)
SPY [STK/TRADES]: +0 rows → SPY_TV_daily.csv
TLT [STK/TRADES]: +0 rows → TLT_TV_daily.csv
VIX3M [IND/TRADES]: +0 rows → VIX3M_TV_daily.csv
VIX9D [IND/TRADES]: +0 rows → VIX9D_TV_daily.csv
VIX [IND/TRADES]: +0 rows → VIX_TV_daily.csv
VVIX [IND/TRADES]: +0 rows → VVIX_TV_daily.csv
XHB [STK/TRADES]: +0 rows → XHB_TV_daily.csv
XLB [STK/TRADES]: +0 rows → XLB_TV_daily.csv
XLC [STK/TRADES]: +0 rows → XLC_TV_daily.csv
XLE [STK/TRADES]: +0 rows → XLE_TV_daily.csv
XLF [STK/TRADES]: +0 rows → XLF_TV_daily.csv
XLI [STK/TRADES]: +0 rows → XLI_TV_daily.csv
XLK [STK/TRADES]: +0 rows → XLK_TV_daily.csv
XLP_SPY_ratio_TV_daily.csv: skip (ratio/composite)
XLP [STK/TRADES]: +0 rows → XLP_TV_daily.csv
XLRE [STK/TRADES]: +0 rows → XLRE_TV_daily.csv
XLU_SPY_ratio_TV_daily.csv: skip (ratio/composite)
XLU [STK/TRADES]: +0 rows → XLU_TV_daily.csv
XLU_XLV_XLP_composite_TV_daily.csv: skip (ratio/composite)
XLV [STK/TRADES]: +0 rows → XLV_TV_daily.csv
XLY [STK/TRADES]: +0 rows → XLY_TV_daily.csv
XLY_XLP_ratio_TV_daily.csv: skip (ratio/composite)
[IB] Disconnected.
[RATIO] DBC/SPY: rows=2534 → DBC_SPY_ratio_TV_daily.csv
[RATIO] DBC/TLT: rows=2534 → DBC_TLT_ratio_TV_daily.csv
[RATIO] DIA/QQQ: rows=2534 → DIA_QQQ_ratio_TV_daily.csv
[RATIO] EEM/SPY: rows=2535 → EEM_SPY_ratio_TV_daily.csv
[RATIO] EFA/SPY: rows=2535 → EFA_SPY_ratio_TV_daily.csv
[RATIO] FEZ/SPY: rows=2535 → FEZ_SPY_ratio_TV_daily.csv
[RATIO] GLD/SPY: rows=5245 → GLD_SPY_ratio_TV_daily.csv
[RATIO] GLD/TLT: rows=5245 → GLD_TLT_ratio_TV_daily.csv
[RATIO] HYG/IEI: rows=2047 → HYG_IEI_ratio_TV_daily.csv
[RATIO] JNK/LQD: rows=2534 → JNK_LQD_ratio_TV_daily.csv
[RATIO] QQQ/IWM: rows=2534 → QQQ_IWM_ratio_TV_daily.csv
[RATIO] QQQ/SPY: rows=2534 → QQQ_SPY_ratio_TV_daily.csv
[RATIO] SPHB/SPY: rows=2534 → SPHB_SPY_ratio_TV_daily.csv
[RATIO] XLP/SPY: rows=6730 → XLP_SPY_ratio_TV_daily.csv
[RATIO] XLY/XLP: rows=6730 → XLY_XLP_ratio_TV_daily.csv
[RATIO] HYG/TLT: rows=4645 → HYG_TLT_ratio_TV_daily.csv
[RATIO MISS] Missing input: /Users/Finance/QuantShared/market_trends/EMB_TV_daily.csv
[RATIO] LQD/TLT: rows=2535 → LQD_TLT_ratio_TV_daily.csv
[RATIO] RSP/SPY: rows=5638 → RSP_SPY_ratio_TV_daily.csv
[RATIO] RSP/QQQ: rows=2534 → RSP_QQQ_ratio_TV_daily.csv
[RATIO] SPY/TLT: rows=5829 → SPY_TLT_ratio_TV_daily.csv
[RATIO] QQQ/TLT: rows=2534 → QQQ_TLT_ratio_TV_daily.csv
[RATIO MISS] Missing input: /Users/Finance/QuantShared/market_trends/UUP_TV_daily.csv
[COMP ] XLU_XLV_XLP_composite: rows=6730 → XLU_XLV_XLP_composite_TV_daily.csv
[DONE] s13_market_trends_update complete.
[2025-09-24 14:51:24 UTC] s14_forex_update → s14_forex_update.py
[IB] Connecting 127.0.0.1:7496 (clientId=64) …
[IB] Connected.
[OK] USDEUR: +0 rows → /Users/Finance/QuantShared/forex/USDEUR_daily.csv
[IB] Disconnected.
[2025-09-24 14:51:25 UTC] s20_make_master_daily → s20_make_master_daily.py
[s20] ROOT=/Users/Finance
[s20] DATA_RAW(project)=/Users/Finance/data_raw
[s20] SHARED_BASE=/Users/Finance/QuantShared/data_raw_ETF_US
[s20] TT daily dir (read)=/Users/Finance/QuantShared/data_raw_ETF_US/daily
[s20] ETF list=/Users/Finance/QuantShared/ETF_list.xlsx (sheet=US_small)
[OK] Wrote /Users/Finance/data_raw/etf_prices_daily_master.csv | rows=72,896 | tickers=36
[2025-09-24 14:51:26 UTC] s30_enrich_to_parquet → s30_enrich_to_parquet.py
[2025-09-24 14:51:26 UTC] [ERR] /Users/Finance/QuantETFUS_small/scripts/us_open_v1.sh failed at line 123
[2025-09-25 14:45:05 UTC] === US-OPEN REFRESH (v1) START ===
[2025-09-25 14:45:05 UTC] s10_ibkr_download_daily → s10_ibkr_download_daily.py --client_id 87
[INFO] Excel=/Users/Finance/QuantShared/ETF_list.xlsx | sheet=signalsUSD | out=/Users/Finance/QuantShared/data_raw_ETF_US/daily
[IB] Connecting 127.0.0.1:7496 (clientId=87) …
[IB] Connected.
[1/40] AIAI: +0 → /Users/Finance/QuantShared/data_raw_ETF_US/daily/AIAI_daily_raw.csv
[2/40] AIGA: +0 → /Users/Finance/QuantShared/data_raw_ETF_US/daily/AIGA_daily_raw.csv
[3/40] BATT: +0 → /Users/Finance/QuantShared/data_raw_ETF_US/daily/BATT_daily_raw.csv
[4/40] COPX: +0 → /Users/Finance/QuantShared/data_raw_ETF_US/daily/COPX_daily_raw.csv
[5/40] CSPX: +0 → /Users/Finance/QuantShared/data_raw_ETF_US/daily/CSPX_daily_raw.csv
[6/40] DGTL: +0 → /Users/Finance/QuantShared/data_raw_ETF_US/daily/DGTL_daily_raw.csv
[7/40] DTLA: +0 → /Users/Finance/QuantShared/data_raw_ETF_US/daily/DTLA_daily_raw.csv
[8/40] GDX: +0 → /Users/Finance/QuantShared/data_raw_ETF_US/daily/GDX_daily_raw.csv
[9/40] GDXJ: +0 → /Users/Finance/QuantShared/data_raw_ETF_US/daily/GDXJ_daily_raw.csv
[10/40] IBTA: +0 → /Users/Finance/QuantShared/data_raw_ETF_US/daily/IBTA_daily_raw.csv
[11/40] ICOM: +0 → /Users/Finance/QuantShared/data_raw_ETF_US/daily/ICOM_daily_raw.csv
[12/40] IDTM: +0 → /Users/Finance/QuantShared/data_raw_ETF_US/daily/IDTM_daily_raw.csv
[13/40] IOGP: +0 → /Users/Finance/QuantShared/data_raw_ETF_US/daily/IOGP_daily_raw.csv
[14/40] ISAC: +0 → /Users/Finance/QuantShared/data_raw_ETF_US/daily/ISAC_daily_raw.csv
[15/40] IUCM: +0 → /Users/Finance/QuantShared/data_raw_ETF_US/daily/IUCM_daily_raw.csv
[16/40] IUCS: +0 → /Users/Finance/QuantShared/data_raw_ETF_US/daily/IUCS_daily_raw.csv
[17/40] IUES: +0 → /Users/Finance/QuantShared/data_raw_ETF_US/daily/IUES_daily_raw.csv
[18/40] IUFS: +0 → /Users/Finance/QuantShared/data_raw_ETF_US/daily/IUFS_daily_raw.csv
[19/40] IUHC: +0 → /Users/Finance/QuantShared/data_raw_ETF_US/daily/IUHC_daily_raw.csv
[20/40] IUIT: +0 → /Users/Finance/QuantShared/data_raw_ETF_US/daily/IUIT_daily_raw.csv
[21/40] IUUS: +0 → /Users/Finance/QuantShared/data_raw_ETF_US/daily/IUUS_daily_raw.csv
[22/40] IWDA: +0 → /Users/Finance/QuantShared/data_raw_ETF_US/daily/IWDA_daily_raw.csv
[23/40] NUCL: +0 → /Users/Finance/QuantShared/data_raw_ETF_US/daily/NUCL_daily_raw.csv
[24/40] PHAG: +0 → /Users/Finance/QuantShared/data_raw_ETF_US/daily/PHAG_daily_raw.csv
[25/40] R2US: +0 → /Users/Finance/QuantShared/data_raw_ETF_US/daily/R2US_daily_raw.csv
[26/40] RBOT: +0 → /Users/Finance/QuantShared/data_raw_ETF_US/daily/RBOT_daily_raw.csv
[27/40] RENW: +0 → /Users/Finance/QuantShared/data_raw_ETF_US/daily/RENW_daily_raw.csv
[28/40] SBIO: +0 → /Users/Finance/QuantShared/data_raw_ETF_US/daily/SBIO_daily_raw.csv
[29/40] SGLD: +0 → /Users/Finance/QuantShared/data_raw_ETF_US/daily/SGLD_daily_raw.csv
[30/40] SILV: +0 → /Users/Finance/QuantShared/data_raw_ETF_US/daily/SILV_daily_raw.csv
[31/40] SMH: +0 → /Users/Finance/QuantShared/data_raw_ETF_US/daily/SMH_daily_raw.csv
[32/40] URNJ: +0 → /Users/Finance/QuantShared/data_raw_ETF_US/daily/URNJ_daily_raw.csv
[33/40] URNM: +0 → /Users/Finance/QuantShared/data_raw_ETF_US/daily/URNM_daily_raw.csv
[34/40] USPY: +0 → /Users/Finance/QuantShared/data_raw_ETF_US/daily/USPY_daily_raw.csv
[35/40] VUAA: +0 → /Users/Finance/QuantShared/data_raw_ETF_US/daily/VUAA_daily_raw.csv
[36/40] XMED: +0 → /Users/Finance/QuantShared/data_raw_ETF_US/daily/XMED_daily_raw.csv
[37/40] XNAS: +0 → /Users/Finance/QuantShared/data_raw_ETF_US/daily/XNAS_daily_raw.csv
[IB 2108] Market data farm connection is inactive but should be available upon demand.eufarmnj
[IB 2108] Market data farm connection is inactive but should be available upon demand.eufarmnj
[38/40] XS2D: +0 → /Users/Finance/QuantShared/data_raw_ETF_US/daily/XS2D_daily_raw.csv
[39/40] XSPD: +0 → /Users/Finance/QuantShared/data_raw_ETF_US/daily/XSPD_daily_raw.csv
[40/40] XT2D: +0 → /Users/Finance/QuantShared/data_raw_ETF_US/daily/XT2D_daily_raw.csv
[DONE] s10_ibkr_download_daily (append-only, UTC) complete.
[2025-09-25 14:47:43 UTC] s12_ibkr_download_weekly → s12_ibkr_download_weekly.py
[INFO] Excel=/Users/Finance/QuantShared/ETF_list.xlsx | sheet=signalsUSD | outdir=/Users/Finance/QuantShared/data_raw_ETF_US/weekly
[IB] Connecting 127.0.0.1:7496 (clientId=62) …
[IB] Connected.
[1/40] AIAI: +0 rows → /Users/Finance/QuantShared/data_raw_ETF_US/weekly/AIAI_weekly_raw.csv
[2/40] AIGA: +0 rows → /Users/Finance/QuantShared/data_raw_ETF_US/weekly/AIGA_weekly_raw.csv
[3/40] BATT: +0 rows → /Users/Finance/QuantShared/data_raw_ETF_US/weekly/BATT_weekly_raw.csv
[4/40] COPX: +0 rows → /Users/Finance/QuantShared/data_raw_ETF_US/weekly/COPX_weekly_raw.csv
[5/40] CSPX: +0 rows → /Users/Finance/QuantShared/data_raw_ETF_US/weekly/CSPX_weekly_raw.csv
[6/40] DGTL: +0 rows → /Users/Finance/QuantShared/data_raw_ETF_US/weekly/DGTL_weekly_raw.csv
[7/40] DTLA: +0 rows → /Users/Finance/QuantShared/data_raw_ETF_US/weekly/DTLA_weekly_raw.csv
[8/40] GDX: +0 rows → /Users/Finance/QuantShared/data_raw_ETF_US/weekly/GDX_weekly_raw.csv
[9/40] GDXJ: +0 rows → /Users/Finance/QuantShared/data_raw_ETF_US/weekly/GDXJ_weekly_raw.csv
[10/40] IBTA: +0 rows → /Users/Finance/QuantShared/data_raw_ETF_US/weekly/IBTA_weekly_raw.csv
[11/40] ICOM: +0 rows → /Users/Finance/QuantShared/data_raw_ETF_US/weekly/ICOM_weekly_raw.csv
[12/40] IDTM: +0 rows → /Users/Finance/QuantShared/data_raw_ETF_US/weekly/IDTM_weekly_raw.csv
[13/40] IOGP: +0 rows → /Users/Finance/QuantShared/data_raw_ETF_US/weekly/IOGP_weekly_raw.csv
[14/40] ISAC: +0 rows → /Users/Finance/QuantShared/data_raw_ETF_US/weekly/ISAC_weekly_raw.csv
[15/40] IUCM: +0 rows → /Users/Finance/QuantShared/data_raw_ETF_US/weekly/IUCM_weekly_raw.csv
[16/40] IUCS: +0 rows → /Users/Finance/QuantShared/data_raw_ETF_US/weekly/IUCS_weekly_raw.csv
[17/40] IUES: +0 rows → /Users/Finance/QuantShared/data_raw_ETF_US/weekly/IUES_weekly_raw.csv
[IB 1100] Connectivity between IBKR and Trader Workstation has been lost.
[18/40] IUFS: +0 rows → /Users/Finance/QuantShared/data_raw_ETF_US/weekly/IUFS_weekly_raw.csv
[19/40] IUHC: [SKIP] could not qualify
[20/40] IUIT: [SKIP] could not qualify
[21/40] IUUS: [SKIP] could not qualify
[22/40] IWDA: [SKIP] could not qualify
[23/40] NUCL: [SKIP] could not qualify
[24/40] PHAG: [SKIP] could not qualify
[25/40] R2US: [SKIP] could not qualify
[26/40] RBOT: [SKIP] could not qualify
[27/40] RENW: [SKIP] could not qualify
[28/40] SBIO: [SKIP] could not qualify
[29/40] SGLD: [SKIP] could not qualify
[30/40] SILV: [SKIP] could not qualify
[31/40] SMH: [SKIP] could not qualify
[32/40] URNJ: [SKIP] could not qualify
[33/40] URNM: [SKIP] could not qualify
[34/40] USPY: [SKIP] could not qualify
[35/40] VUAA: [SKIP] could not qualify
[36/40] XMED: [SKIP] could not qualify
[37/40] XNAS: [SKIP] could not qualify
[38/40] XS2D: [SKIP] could not qualify
[39/40] XSPD: [SKIP] could not qualify
[40/40] XT2D: [SKIP] could not qualify
[DONE] s12_ibkr_download_weekly complete.
[2025-09-25 14:48:49 UTC] s13_market_trends_update → s13_market_trends_update.py
[INFO] Using list: /Users/Finance/QuantShared/ETF_list.xlsx | sheet=market_trends | tickers=66
[IB] Connecting 127.0.0.1:7496 (clientId=63) …
[2025-09-25 14:48:57 UTC] [ERR] /Users/Finance/QuantETFUS_small/scripts/us_open_v1.sh failed at line 123
[2025-09-26 14:45:05 UTC] === US-OPEN REFRESH (v1) START ===
[2025-09-26 14:45:05 UTC] s10_ibkr_download_daily → s10_ibkr_download_daily.py --client_id 87
[INFO] Excel=/Users/Finance/QuantShared/ETF_list.xlsx | sheet=signalsUSD | out=/Users/Finance/QuantShared/data_raw_ETF_US/daily
[IB] Connecting 127.0.0.1:7496 (clientId=87) …
[IB] Connected.
[1/40] AIAI: +0 → /Users/Finance/QuantShared/data_raw_ETF_US/daily/AIAI_daily_raw.csv
[2/40] AIGA: +0 → /Users/Finance/QuantShared/data_raw_ETF_US/daily/AIGA_daily_raw.csv
[3/40] BATT: +0 → /Users/Finance/QuantShared/data_raw_ETF_US/daily/BATT_daily_raw.csv
[4/40] COPX: +0 → /Users/Finance/QuantShared/data_raw_ETF_US/daily/COPX_daily_raw.csv
[5/40] CSPX: +0 → /Users/Finance/QuantShared/data_raw_ETF_US/daily/CSPX_daily_raw.csv
[6/40] DGTL: +0 → /Users/Finance/QuantShared/data_raw_ETF_US/daily/DGTL_daily_raw.csv
[7/40] DTLA: +0 → /Users/Finance/QuantShared/data_raw_ETF_US/daily/DTLA_daily_raw.csv
[8/40] GDX: +0 → /Users/Finance/QuantShared/data_raw_ETF_US/daily/GDX_daily_raw.csv
[9/40] GDXJ: +0 → /Users/Finance/QuantShared/data_raw_ETF_US/daily/GDXJ_daily_raw.csv
[10/40] IBTA: +0 → /Users/Finance/QuantShared/data_raw_ETF_US/daily/IBTA_daily_raw.csv
[11/40] ICOM: +0 → /Users/Finance/QuantShared/data_raw_ETF_US/daily/ICOM_daily_raw.csv
[12/40] IDTM: +0 → /Users/Finance/QuantShared/data_raw_ETF_US/daily/IDTM_daily_raw.csv
[13/40] IOGP: +0 → /Users/Finance/QuantShared/data_raw_ETF_US/daily/IOGP_daily_raw.csv
[14/40] ISAC: +0 → /Users/Finance/QuantShared/data_raw_ETF_US/daily/ISAC_daily_raw.csv
[15/40] IUCM: +0 → /Users/Finance/QuantShared/data_raw_ETF_US/daily/IUCM_daily_raw.csv
[16/40] IUCS: +0 → /Users/Finance/QuantShared/data_raw_ETF_US/daily/IUCS_daily_raw.csv
[17/40] IUES: +0 → /Users/Finance/QuantShared/data_raw_ETF_US/daily/IUES_daily_raw.csv
[18/40] IUFS: +0 → /Users/Finance/QuantShared/data_raw_ETF_US/daily/IUFS_daily_raw.csv
[19/40] IUHC: +0 → /Users/Finance/QuantShared/data_raw_ETF_US/daily/IUHC_daily_raw.csv
[20/40] IUIT: +0 → /Users/Finance/QuantShared/data_raw_ETF_US/daily/IUIT_daily_raw.csv
[21/40] IUUS: +0 → /Users/Finance/QuantShared/data_raw_ETF_US/daily/IUUS_daily_raw.csv
[22/40] IWDA: +0 → /Users/Finance/QuantShared/data_raw_ETF_US/daily/IWDA_daily_raw.csv
[23/40] NUCL: +0 → /Users/Finance/QuantShared/data_raw_ETF_US/daily/NUCL_daily_raw.csv
[24/40] PHAG: +0 → /Users/Finance/QuantShared/data_raw_ETF_US/daily/PHAG_daily_raw.csv
[25/40] R2US: +0 → /Users/Finance/QuantShared/data_raw_ETF_US/daily/R2US_daily_raw.csv
[26/40] RBOT: +0 → /Users/Finance/QuantShared/data_raw_ETF_US/daily/RBOT_daily_raw.csv
[27/40] RENW: +0 → /Users/Finance/QuantShared/data_raw_ETF_US/daily/RENW_daily_raw.csv
[28/40] SBIO: +0 → /Users/Finance/QuantShared/data_raw_ETF_US/daily/SBIO_daily_raw.csv
[29/40] SGLD: +0 → /Users/Finance/QuantShared/data_raw_ETF_US/daily/SGLD_daily_raw.csv
[30/40] SILV: +0 → /Users/Finance/QuantShared/data_raw_ETF_US/daily/SILV_daily_raw.csv
[31/40] SMH: +0 → /Users/Finance/QuantShared/data_raw_ETF_US/daily/SMH_daily_raw.csv
[32/40] URNJ: +0 → /Users/Finance/QuantShared/data_raw_ETF_US/daily/URNJ_daily_raw.csv
[33/40] URNM: +0 → /Users/Finance/QuantShared/data_raw_ETF_US/daily/URNM_daily_raw.csv
[34/40] USPY: +0 → /Users/Finance/QuantShared/data_raw_ETF_US/daily/USPY_daily_raw.csv
[35/40] VUAA: +0 → /Users/Finance/QuantShared/data_raw_ETF_US/daily/VUAA_daily_raw.csv
[36/40] XMED: +0 → /Users/Finance/QuantShared/data_raw_ETF_US/daily/XMED_daily_raw.csv
[37/40] XNAS: +0 → /Users/Finance/QuantShared/data_raw_ETF_US/daily/XNAS_daily_raw.csv
[38/40] XS2D: +0 → /Users/Finance/QuantShared/data_raw_ETF_US/daily/XS2D_daily_raw.csv
[39/40] XSPD: +0 → /Users/Finance/QuantShared/data_raw_ETF_US/daily/XSPD_daily_raw.csv
[40/40] XT2D: +0 → /Users/Finance/QuantShared/data_raw_ETF_US/daily/XT2D_daily_raw.csv
[DONE] s10_ibkr_download_daily (append-only, UTC) complete.
[2025-09-26 14:47:43 UTC] s12_ibkr_download_weekly → s12_ibkr_download_weekly.py
[INFO] Excel=/Users/Finance/QuantShared/ETF_list.xlsx | sheet=signalsUSD | outdir=/Users/Finance/QuantShared/data_raw_ETF_US/weekly
[IB] Connecting 127.0.0.1:7496 (clientId=62) …
[IB] Connected.
[1/40] AIAI: +1 rows → /Users/Finance/QuantShared/data_raw_ETF_US/weekly/AIAI_weekly_raw.csv
[2/40] AIGA: +1 rows → /Users/Finance/QuantShared/data_raw_ETF_US/weekly/AIGA_weekly_raw.csv
[3/40] BATT: +1 rows → /Users/Finance/QuantShared/data_raw_ETF_US/weekly/BATT_weekly_raw.csv
[4/40] COPX: +1 rows → /Users/Finance/QuantShared/data_raw_ETF_US/weekly/COPX_weekly_raw.csv
[5/40] CSPX: +1 rows → /Users/Finance/QuantShared/data_raw_ETF_US/weekly/CSPX_weekly_raw.csv
[6/40] DGTL: +1 rows → /Users/Finance/QuantShared/data_raw_ETF_US/weekly/DGTL_weekly_raw.csv
[7/40] DTLA: +1 rows → /Users/Finance/QuantShared/data_raw_ETF_US/weekly/DTLA_weekly_raw.csv
[8/40] GDX: +1 rows → /Users/Finance/QuantShared/data_raw_ETF_US/weekly/GDX_weekly_raw.csv
[9/40] GDXJ: +1 rows → /Users/Finance/QuantShared/data_raw_ETF_US/weekly/GDXJ_weekly_raw.csv
[10/40] IBTA: +1 rows → /Users/Finance/QuantShared/data_raw_ETF_US/weekly/IBTA_weekly_raw.csv
[11/40] ICOM: +1 rows → /Users/Finance/QuantShared/data_raw_ETF_US/weekly/ICOM_weekly_raw.csv
[12/40] IDTM: +1 rows → /Users/Finance/QuantShared/data_raw_ETF_US/weekly/IDTM_weekly_raw.csv
[13/40] IOGP: +1 rows → /Users/Finance/QuantShared/data_raw_ETF_US/weekly/IOGP_weekly_raw.csv
[14/40] ISAC: +1 rows → /Users/Finance/QuantShared/data_raw_ETF_US/weekly/ISAC_weekly_raw.csv
[15/40] IUCM: +1 rows → /Users/Finance/QuantShared/data_raw_ETF_US/weekly/IUCM_weekly_raw.csv
[16/40] IUCS: +1 rows → /Users/Finance/QuantShared/data_raw_ETF_US/weekly/IUCS_weekly_raw.csv
[17/40] IUES: +1 rows → /Users/Finance/QuantShared/data_raw_ETF_US/weekly/IUES_weekly_raw.csv
[18/40] IUFS: +1 rows → /Users/Finance/QuantShared/data_raw_ETF_US/weekly/IUFS_weekly_raw.csv
[19/40] IUHC: +1 rows → /Users/Finance/QuantShared/data_raw_ETF_US/weekly/IUHC_weekly_raw.csv
[20/40] IUIT: +1 rows → /Users/Finance/QuantShared/data_raw_ETF_US/weekly/IUIT_weekly_raw.csv
[21/40] IUUS: +1 rows → /Users/Finance/QuantShared/data_raw_ETF_US/weekly/IUUS_weekly_raw.csv
[22/40] IWDA: +1 rows → /Users/Finance/QuantShared/data_raw_ETF_US/weekly/IWDA_weekly_raw.csv
[23/40] NUCL: +1 rows → /Users/Finance/QuantShared/data_raw_ETF_US/weekly/NUCL_weekly_raw.csv
[24/40] PHAG: +1 rows → /Users/Finance/QuantShared/data_raw_ETF_US/weekly/PHAG_weekly_raw.csv
[25/40] R2US: +1 rows → /Users/Finance/QuantShared/data_raw_ETF_US/weekly/R2US_weekly_raw.csv
[26/40] RBOT: +1 rows → /Users/Finance/QuantShared/data_raw_ETF_US/weekly/RBOT_weekly_raw.csv
[27/40] RENW: +1 rows → /Users/Finance/QuantShared/data_raw_ETF_US/weekly/RENW_weekly_raw.csv
[28/40] SBIO: +1 rows → /Users/Finance/QuantShared/data_raw_ETF_US/weekly/SBIO_weekly_raw.csv
[29/40] SGLD: +1 rows → /Users/Finance/QuantShared/data_raw_ETF_US/weekly/SGLD_weekly_raw.csv
[30/40] SILV: +1 rows → /Users/Finance/QuantShared/data_raw_ETF_US/weekly/SILV_weekly_raw.csv
[31/40] SMH: +1 rows → /Users/Finance/QuantShared/data_raw_ETF_US/weekly/SMH_weekly_raw.csv
[32/40] URNJ: +1 rows → /Users/Finance/QuantShared/data_raw_ETF_US/weekly/URNJ_weekly_raw.csv
[33/40] URNM: +1 rows → /Users/Finance/QuantShared/data_raw_ETF_US/weekly/URNM_weekly_raw.csv
[34/40] USPY: +1 rows → /Users/Finance/QuantShared/data_raw_ETF_US/weekly/USPY_weekly_raw.csv
[35/40] VUAA: +1 rows → /Users/Finance/QuantShared/data_raw_ETF_US/weekly/VUAA_weekly_raw.csv
[36/40] XMED: +1 rows → /Users/Finance/QuantShared/data_raw_ETF_US/weekly/XMED_weekly_raw.csv
[37/40] XNAS: +1 rows → /Users/Finance/QuantShared/data_raw_ETF_US/weekly/XNAS_weekly_raw.csv
[38/40] XS2D: +1 rows → /Users/Finance/QuantShared/data_raw_ETF_US/weekly/XS2D_weekly_raw.csv
[39/40] XSPD: +1 rows → /Users/Finance/QuantShared/data_raw_ETF_US/weekly/XSPD_weekly_raw.csv
[40/40] XT2D: +1 rows → /Users/Finance/QuantShared/data_raw_ETF_US/weekly/XT2D_weekly_raw.csv
[DONE] s12_ibkr_download_weekly complete.
[2025-09-26 14:50:08 UTC] s13_market_trends_update → s13_market_trends_update.py
[INFO] Using list: /Users/Finance/QuantShared/ETF_list.xlsx | sheet=market_trends | tickers=66
[IB] Connecting 127.0.0.1:7496 (clientId=63) …
[IB] Connected.
CEW_DXY_ratio_TV_daily.csv: skip (ratio/composite)
CEW [STK/TRADES]: +1 rows → CEW_TV_daily.csv
DBC_SPY_ratio_TV_daily.csv: skip (ratio/composite)
DBC_TLT_ratio_TV_daily.csv: skip (ratio/composite)
DBC [STK/TRADES]: +2 rows → DBC_TV_daily.csv
DIA_QQQ_ratio_TV_daily.csv: skip (ratio/composite)
DIA [STK/TRADES]: +2 rows → DIA_TV_daily.csv
DXY_TV_daily.csv: skip (ticker not in ETF_list.xlsx → market_trends)
EEM_SPY_ratio_TV_daily.csv: skip (ratio/composite)
EEM [STK/TRADES]: +2 rows → EEM_TV_daily.csv
EFA_SPY_ratio_TV_daily.csv: skip (ratio/composite)
EFA [STK/TRADES]: +2 rows → EFA_TV_daily.csv
FEZ_SPY_ratio_TV_daily.csv: skip (ratio/composite)
FEZ [STK/TRADES]: +2 rows → FEZ_TV_daily.csv
GDX [STK/TRADES]: +1 rows → GDX_TV_daily.csv
GLD_SPY_ratio_TV_daily.csv: skip (ratio/composite)
GLD_TLT_ratio_TV_daily.csv: skip (ratio/composite)
GLD [STK/TRADES]: +2 rows → GLD_TV_daily.csv
HYG_IEI_ratio_TV_daily.csv: skip (ratio/composite)
HYG_LQD_ratio_TV_daily.csv: skip (ratio/composite)
HYG_TLT_ratio_TV_daily.csv: skip (ratio/composite)
HYG [STK/TRADES]: +2 rows → HYG_TV_daily.csv
IEI [STK/TRADES]: +2 rows → IEI_TV_daily.csv
IWC [STK/TRADES]: +2 rows → IWC_TV_daily.csv
IWM [STK/TRADES]: +2 rows → IWM_TV_daily.csv
JNK_LQD_ratio_TV_daily.csv: skip (ratio/composite)
JNK [STK/TRADES]: +2 rows → JNK_TV_daily.csv
KRE [STK/TRADES]: +2 rows → KRE_TV_daily.csv
LQD_TLT_ratio_TV_daily.csv: skip (ratio/composite)
LQD [STK/TRADES]: +2 rows → LQD_TV_daily.csv
PC_TV_daily.csv: skip (ticker not in ETF_list.xlsx → market_trends)
QQQ_IWM_ratio_TV_daily.csv: skip (ratio/composite)
QQQ_SPY_ratio_TV_daily.csv: skip (ratio/composite)
QQQ_TLT_ratio_TV_daily.csv: skip (ratio/composite)
QQQ [STK/TRADES]: +2 rows → QQQ_TV_daily.csv
RSP_QQQ_ratio_TV_daily.csv: skip (ratio/composite)
RSP_SPY_ratio_TV_daily.csv: skip (ratio/composite)
RSP [STK/TRADES]: +2 rows → RSP_TV_daily.csv
SLV [STK/TRADES]: +2 rows → SLV_TV_daily.csv
SPHB_SPY_ratio_TV_daily.csv: skip (ratio/composite)
SPHB [STK/TRADES]: +2 rows → SPHB_TV_daily.csv
SPYD [STK/TRADES]: +2 rows → SPYD_TV_daily.csv
SPY_TLT_ratio_TV_daily.csv: skip (ratio/composite)
SPY [STK/TRADES]: +2 rows → SPY_TV_daily.csv
TLT [STK/TRADES]: +2 rows → TLT_TV_daily.csv
VIX3M [IND/TRADES]: +2 rows → VIX3M_TV_daily.csv
VIX9D [IND/TRADES]: +2 rows → VIX9D_TV_daily.csv
VIX [IND/TRADES]: +1 rows → VIX_TV_daily.csv
VVIX [IND/TRADES]: +2 rows → VVIX_TV_daily.csv
XHB [STK/TRADES]: +2 rows → XHB_TV_daily.csv
XLB [STK/TRADES]: +2 rows → XLB_TV_daily.csv
XLC [STK/TRADES]: +2 rows → XLC_TV_daily.csv
XLE [STK/TRADES]: +2 rows → XLE_TV_daily.csv
XLF [STK/TRADES]: +2 rows → XLF_TV_daily.csv
XLI [STK/TRADES]: +2 rows → XLI_TV_daily.csv
XLK [STK/TRADES]: +2 rows → XLK_TV_daily.csv
XLP_SPY_ratio_TV_daily.csv: skip (ratio/composite)
XLP [STK/TRADES]: +2 rows → XLP_TV_daily.csv
XLRE [STK/TRADES]: +2 rows → XLRE_TV_daily.csv
XLU_SPY_ratio_TV_daily.csv: skip (ratio/composite)
XLU [STK/TRADES]: +2 rows → XLU_TV_daily.csv
XLU_XLV_XLP_composite_TV_daily.csv: skip (ratio/composite)
XLV [STK/TRADES]: +2 rows → XLV_TV_daily.csv
XLY [STK/TRADES]: +2 rows → XLY_TV_daily.csv
XLY_XLP_ratio_TV_daily.csv: skip (ratio/composite)
[IB] Disconnected.
[RATIO] DBC/SPY: rows=2536 → DBC_SPY_ratio_TV_daily.csv
[RATIO] DBC/TLT: rows=2536 → DBC_TLT_ratio_TV_daily.csv
[RATIO] DIA/QQQ: rows=2536 → DIA_QQQ_ratio_TV_daily.csv
[RATIO] EEM/SPY: rows=2537 → EEM_SPY_ratio_TV_daily.csv
[RATIO] EFA/SPY: rows=2537 → EFA_SPY_ratio_TV_daily.csv
[RATIO] FEZ/SPY: rows=2537 → FEZ_SPY_ratio_TV_daily.csv
[RATIO] GLD/SPY: rows=5247 → GLD_SPY_ratio_TV_daily.csv
[RATIO] GLD/TLT: rows=5247 → GLD_TLT_ratio_TV_daily.csv
[RATIO] HYG/IEI: rows=2049 → HYG_IEI_ratio_TV_daily.csv
[RATIO] JNK/LQD: rows=2536 → JNK_LQD_ratio_TV_daily.csv
[RATIO] QQQ/IWM: rows=2536 → QQQ_IWM_ratio_TV_daily.csv
[RATIO] QQQ/SPY: rows=2536 → QQQ_SPY_ratio_TV_daily.csv
[RATIO] SPHB/SPY: rows=2536 → SPHB_SPY_ratio_TV_daily.csv
[RATIO] XLP/SPY: rows=6732 → XLP_SPY_ratio_TV_daily.csv
[RATIO] XLY/XLP: rows=6732 → XLY_XLP_ratio_TV_daily.csv
[RATIO] HYG/TLT: rows=4647 → HYG_TLT_ratio_TV_daily.csv
[RATIO MISS] Missing input: /Users/Finance/QuantShared/market_trends/EMB_TV_daily.csv
[RATIO] LQD/TLT: rows=2537 → LQD_TLT_ratio_TV_daily.csv
[RATIO] RSP/SPY: rows=5640 → RSP_SPY_ratio_TV_daily.csv
[RATIO] RSP/QQQ: rows=2536 → RSP_QQQ_ratio_TV_daily.csv
[RATIO] SPY/TLT: rows=5831 → SPY_TLT_ratio_TV_daily.csv
[RATIO] QQQ/TLT: rows=2536 → QQQ_TLT_ratio_TV_daily.csv
[RATIO MISS] Missing input: /Users/Finance/QuantShared/market_trends/UUP_TV_daily.csv
[COMP ] XLU_XLV_XLP_composite: rows=6732 → XLU_XLV_XLP_composite_TV_daily.csv
[DONE] s13_market_trends_update complete.
[2025-09-26 14:51:27 UTC] s14_forex_update → s14_forex_update.py
[IB] Connecting 127.0.0.1:7496 (clientId=64) …
[IB] Connected.
[OK] USDEUR: +1 rows → /Users/Finance/QuantShared/forex/USDEUR_daily.csv
[IB] Disconnected.
[2025-09-26 14:51:29 UTC] s20_make_master_daily → s20_make_master_daily.py
[s20] ROOT=/Users/Finance
[s20] DATA_RAW(project)=/Users/Finance/data_raw
[s20] SHARED_BASE=/Users/Finance/QuantShared/data_raw_ETF_US
[s20] TT daily dir (read)=/Users/Finance/QuantShared/data_raw_ETF_US/daily
[s20] ETF list=/Users/Finance/QuantShared/ETF_list.xlsx (sheet=US_small)
[OK] Wrote /Users/Finance/data_raw/etf_prices_daily_master.csv | rows=72,966 | tickers=36
[2025-09-26 14:51:30 UTC] s30_enrich_to_parquet → s30_enrich_to_parquet.py
[2025-09-26 14:51:30 UTC] [ERR] /Users/Finance/QuantETFUS_small/scripts/us_open_v1.sh failed at line 123
[2025-09-27 14:45:00 UTC] === US-OPEN REFRESH (v1) START ===
[2025-09-27 14:45:00 UTC] s10_ibkr_download_daily → s10_ibkr_download_daily.py --client_id 87
[INFO] Excel=/Users/Finance/QuantShared/ETF_list.xlsx | sheet=signalsUSD | out=/Users/Finance/QuantShared/data_raw_ETF_US/daily
[IB] Connecting 127.0.0.1:7496 (clientId=87) …
[2025-09-27 14:45:01 UTC] [ERR] /Users/Finance/QuantETFUS_small/scripts/us_open_v1.sh failed at line 123
[2025-09-28 14:45:05 UTC] === US-OPEN REFRESH (v1) START ===
[2025-09-28 14:45:05 UTC] s10_ibkr_download_daily → s10_ibkr_download_daily.py --client_id 87
[INFO] Excel=/Users/Finance/QuantShared/ETF_list.xlsx | sheet=signalsUSD | out=/Users/Finance/QuantShared/data_raw_ETF_US/daily
[IB] Connecting 127.0.0.1:7496 (clientId=87) …
[2025-09-28 14:45:06 UTC] [ERR] /Users/Finance/QuantETFUS_small/scripts/us_open_v1.sh failed at line 123
[2025-09-29 14:45:05 UTC] === US-OPEN REFRESH (v1) START ===
[2025-09-29 14:45:05 UTC] s10_ibkr_download_daily → s10_ibkr_download_daily.py --client_id 87
[INFO] Excel=/Users/Finance/QuantShared/ETF_list.xlsx | sheet=signalsUSD | out=/Users/Finance/QuantShared/data_raw_ETF_US/daily
[IB] Connecting 127.0.0.1:7496 (clientId=87) …
[IB] Connected.
[1/41] AIAI: +0 → /Users/Finance/QuantShared/data_raw_ETF_US/daily/AIAI_daily_raw.csv
[2/41] AIGA: +0 → /Users/Finance/QuantShared/data_raw_ETF_US/daily/AIGA_daily_raw.csv
[3/41] BATT: +0 → /Users/Finance/QuantShared/data_raw_ETF_US/daily/BATT_daily_raw.csv
[4/41] COPX: +0 → /Users/Finance/QuantShared/data_raw_ETF_US/daily/COPX_daily_raw.csv
[5/41] CSPX: +0 → /Users/Finance/QuantShared/data_raw_ETF_US/daily/CSPX_daily_raw.csv
[6/41] DGTL: +0 → /Users/Finance/QuantShared/data_raw_ETF_US/daily/DGTL_daily_raw.csv
[7/41] DTLA: +0 → /Users/Finance/QuantShared/data_raw_ETF_US/daily/DTLA_daily_raw.csv
[8/41] GDX: +0 → /Users/Finance/QuantShared/data_raw_ETF_US/daily/GDX_daily_raw.csv
[9/41] GDXJ: +0 → /Users/Finance/QuantShared/data_raw_ETF_US/daily/GDXJ_daily_raw.csv
[10/41] IBTA: +0 → /Users/Finance/QuantShared/data_raw_ETF_US/daily/IBTA_daily_raw.csv
[11/41] ICOM: +0 → /Users/Finance/QuantShared/data_raw_ETF_US/daily/ICOM_daily_raw.csv
[12/41] IDTM: +0 → /Users/Finance/QuantShared/data_raw_ETF_US/daily/IDTM_daily_raw.csv
[13/41] IOGP: +0 → /Users/Finance/QuantShared/data_raw_ETF_US/daily/IOGP_daily_raw.csv
[14/41] ISAC: +0 → /Users/Finance/QuantShared/data_raw_ETF_US/daily/ISAC_daily_raw.csv
[15/41] IUCM: +0 → /Users/Finance/QuantShared/data_raw_ETF_US/daily/IUCM_daily_raw.csv
[16/41] IUCS: +0 → /Users/Finance/QuantShared/data_raw_ETF_US/daily/IUCS_daily_raw.csv
[17/41] IUES: +0 → /Users/Finance/QuantShared/data_raw_ETF_US/daily/IUES_daily_raw.csv
[18/41] IUFS: +0 → /Users/Finance/QuantShared/data_raw_ETF_US/daily/IUFS_daily_raw.csv
[19/41] IUHC: +0 → /Users/Finance/QuantShared/data_raw_ETF_US/daily/IUHC_daily_raw.csv
[20/41] IUIT: +0 → /Users/Finance/QuantShared/data_raw_ETF_US/daily/IUIT_daily_raw.csv
[21/41] IUUS: +0 → /Users/Finance/QuantShared/data_raw_ETF_US/daily/IUUS_daily_raw.csv
[22/41] IWDA: +0 → /Users/Finance/QuantShared/data_raw_ETF_US/daily/IWDA_daily_raw.csv
[23/41] NUCL: +0 → /Users/Finance/QuantShared/data_raw_ETF_US/daily/NUCL_daily_raw.csv
[24/41] PHAG: +0 → /Users/Finance/QuantShared/data_raw_ETF_US/daily/PHAG_daily_raw.csv
[25/41] R2US: +0 → /Users/Finance/QuantShared/data_raw_ETF_US/daily/R2US_daily_raw.csv
[26/41] RBOT: +0 → /Users/Finance/QuantShared/data_raw_ETF_US/daily/RBOT_daily_raw.csv
[27/41] RENW: +0 → /Users/Finance/QuantShared/data_raw_ETF_US/daily/RENW_daily_raw.csv
[28/41] SBIO: +0 → /Users/Finance/QuantShared/data_raw_ETF_US/daily/SBIO_daily_raw.csv
[29/41] SGLD: +0 → /Users/Finance/QuantShared/data_raw_ETF_US/daily/SGLD_daily_raw.csv
[30/41] SILV: +0 → /Users/Finance/QuantShared/data_raw_ETF_US/daily/SILV_daily_raw.csv
[31/41] SMH: +0 → /Users/Finance/QuantShared/data_raw_ETF_US/daily/SMH_daily_raw.csv
[32/41] URNJ: +0 → /Users/Finance/QuantShared/data_raw_ETF_US/daily/URNJ_daily_raw.csv
[33/41] URNM: +0 → /Users/Finance/QuantShared/data_raw_ETF_US/daily/URNM_daily_raw.csv
[34/41] USPY: +0 → /Users/Finance/QuantShared/data_raw_ETF_US/daily/USPY_daily_raw.csv
[35/41] VUAA: +0 → /Users/Finance/QuantShared/data_raw_ETF_US/daily/VUAA_daily_raw.csv
[36/41] XMED: +0 → /Users/Finance/QuantShared/data_raw_ETF_US/daily/XMED_daily_raw.csv
[37/41] XNAS: +0 → /Users/Finance/QuantShared/data_raw_ETF_US/daily/XNAS_daily_raw.csv
[38/41] XS2D: +0 → /Users/Finance/QuantShared/data_raw_ETF_US/daily/XS2D_daily_raw.csv
[39/41] XSPD: +0 → /Users/Finance/QuantShared/data_raw_ETF_US/daily/XSPD_daily_raw.csv
[40/41] XT2D: +0 → /Users/Finance/QuantShared/data_raw_ETF_US/daily/XT2D_daily_raw.csv
[41/41] COMF: +0 → /Users/Finance/QuantShared/data_raw_ETF_US/daily/COMF_daily_raw.csv
[DONE] s10_ibkr_download_daily (append-only, UTC) complete.
[2025-09-29 14:48:06 UTC] s12_ibkr_download_weekly → s12_ibkr_download_weekly.py
[INFO] Excel=/Users/Finance/QuantShared/ETF_list.xlsx | sheet=signalsUSD | outdir=/Users/Finance/QuantShared/data_raw_ETF_US/weekly
[IB] Connecting 127.0.0.1:7496 (clientId=62) …
[IB] Connected.
[1/41] AIAI: +0 rows → /Users/Finance/QuantShared/data_raw_ETF_US/weekly/AIAI_weekly_raw.csv
[2/41] AIGA: +0 rows → /Users/Finance/QuantShared/data_raw_ETF_US/weekly/AIGA_weekly_raw.csv
[3/41] BATT: +0 rows → /Users/Finance/QuantShared/data_raw_ETF_US/weekly/BATT_weekly_raw.csv
[4/41] COPX: +0 rows → /Users/Finance/QuantShared/data_raw_ETF_US/weekly/COPX_weekly_raw.csv
[5/41] CSPX: +0 rows → /Users/Finance/QuantShared/data_raw_ETF_US/weekly/CSPX_weekly_raw.csv
[6/41] DGTL: +0 rows → /Users/Finance/QuantShared/data_raw_ETF_US/weekly/DGTL_weekly_raw.csv
[7/41] DTLA: +0 rows → /Users/Finance/QuantShared/data_raw_ETF_US/weekly/DTLA_weekly_raw.csv
[8/41] GDX: +0 rows → /Users/Finance/QuantShared/data_raw_ETF_US/weekly/GDX_weekly_raw.csv
[9/41] GDXJ: +0 rows → /Users/Finance/QuantShared/data_raw_ETF_US/weekly/GDXJ_weekly_raw.csv
[10/41] IBTA: +0 rows → /Users/Finance/QuantShared/data_raw_ETF_US/weekly/IBTA_weekly_raw.csv
[11/41] ICOM: +0 rows → /Users/Finance/QuantShared/data_raw_ETF_US/weekly/ICOM_weekly_raw.csv
[12/41] IDTM: +0 rows → /Users/Finance/QuantShared/data_raw_ETF_US/weekly/IDTM_weekly_raw.csv
[13/41] IOGP: +0 rows → /Users/Finance/QuantShared/data_raw_ETF_US/weekly/IOGP_weekly_raw.csv
[14/41] ISAC: +0 rows → /Users/Finance/QuantShared/data_raw_ETF_US/weekly/ISAC_weekly_raw.csv
[15/41] IUCM: +0 rows → /Users/Finance/QuantShared/data_raw_ETF_US/weekly/IUCM_weekly_raw.csv
[16/41] IUCS: +0 rows → /Users/Finance/QuantShared/data_raw_ETF_US/weekly/IUCS_weekly_raw.csv
[17/41] IUES: +0 rows → /Users/Finance/QuantShared/data_raw_ETF_US/weekly/IUES_weekly_raw.csv
[18/41] IUFS: +0 rows → /Users/Finance/QuantShared/data_raw_ETF_US/weekly/IUFS_weekly_raw.csv
[19/41] IUHC: +0 rows → /Users/Finance/QuantShared/data_raw_ETF_US/weekly/IUHC_weekly_raw.csv
[20/41] IUIT: +0 rows → /Users/Finance/QuantShared/data_raw_ETF_US/weekly/IUIT_weekly_raw.csv
[21/41] IUUS: +0 rows → /Users/Finance/QuantShared/data_raw_ETF_US/weekly/IUUS_weekly_raw.csv
[22/41] IWDA: +0 rows → /Users/Finance/QuantShared/data_raw_ETF_US/weekly/IWDA_weekly_raw.csv
[23/41] NUCL: +0 rows → /Users/Finance/QuantShared/data_raw_ETF_US/weekly/NUCL_weekly_raw.csv
[24/41] PHAG: +0 rows → /Users/Finance/QuantShared/data_raw_ETF_US/weekly/PHAG_weekly_raw.csv
[25/41] R2US: +0 rows → /Users/Finance/QuantShared/data_raw_ETF_US/weekly/R2US_weekly_raw.csv
[26/41] RBOT: +0 rows → /Users/Finance/QuantShared/data_raw_ETF_US/weekly/RBOT_weekly_raw.csv
[27/41] RENW: +0 rows → /Users/Finance/QuantShared/data_raw_ETF_US/weekly/RENW_weekly_raw.csv
[28/41] SBIO: +0 rows → /Users/Finance/QuantShared/data_raw_ETF_US/weekly/SBIO_weekly_raw.csv
[29/41] SGLD: +0 rows → /Users/Finance/QuantShared/data_raw_ETF_US/weekly/SGLD_weekly_raw.csv
[30/41] SILV: +0 rows → /Users/Finance/QuantShared/data_raw_ETF_US/weekly/SILV_weekly_raw.csv
[31/41] SMH: +0 rows → /Users/Finance/QuantShared/data_raw_ETF_US/weekly/SMH_weekly_raw.csv
[32/41] URNJ: +0 rows → /Users/Finance/QuantShared/data_raw_ETF_US/weekly/URNJ_weekly_raw.csv
[33/41] URNM: +0 rows → /Users/Finance/QuantShared/data_raw_ETF_US/weekly/URNM_weekly_raw.csv
[34/41] USPY: +0 rows → /Users/Finance/QuantShared/data_raw_ETF_US/weekly/USPY_weekly_raw.csv
[35/41] VUAA: +0 rows → /Users/Finance/QuantShared/data_raw_ETF_US/weekly/VUAA_weekly_raw.csv
[36/41] XMED: +0 rows → /Users/Finance/QuantShared/data_raw_ETF_US/weekly/XMED_weekly_raw.csv
[37/41] XNAS: +0 rows → /Users/Finance/QuantShared/data_raw_ETF_US/weekly/XNAS_weekly_raw.csv
[38/41] XS2D: +0 rows → /Users/Finance/QuantShared/data_raw_ETF_US/weekly/XS2D_weekly_raw.csv
[39/41] XSPD: +1 rows → /Users/Finance/QuantShared/data_raw_ETF_US/weekly/XSPD_weekly_raw.csv
[40/41] XT2D: +0 rows → /Users/Finance/QuantShared/data_raw_ETF_US/weekly/XT2D_weekly_raw.csv
[41/41] COMF: +1 rows → /Users/Finance/QuantShared/data_raw_ETF_US/weekly/COMF_weekly_raw.csv
[DONE] s12_ibkr_download_weekly complete.
[2025-09-29 14:50:12 UTC] s13_market_trends_update → s13_market_trends_update.py
[INFO] Using list: /Users/Finance/QuantShared/ETF_list.xlsx | sheet=market_trends | tickers=66
[IB] Connecting 127.0.0.1:7496 (clientId=63) …
[IB] Connected.
CEW_DXY_ratio_TV_daily.csv: skip (ratio/composite)
CEW [STK/TRADES]: +1 rows → CEW_TV_daily.csv
DBC_SPY_ratio_TV_daily.csv: skip (ratio/composite)
DBC_TLT_ratio_TV_daily.csv: skip (ratio/composite)
DBC [STK/TRADES]: +1 rows → DBC_TV_daily.csv
DIA_QQQ_ratio_TV_daily.csv: skip (ratio/composite)
DIA [STK/TRADES]: +1 rows → DIA_TV_daily.csv
DXY_TV_daily.csv: skip (ticker not in ETF_list.xlsx → market_trends)
EEM_SPY_ratio_TV_daily.csv: skip (ratio/composite)
EEM [STK/TRADES]: +1 rows → EEM_TV_daily.csv
EFA_SPY_ratio_TV_daily.csv: skip (ratio/composite)
EFA [STK/TRADES]: +1 rows → EFA_TV_daily.csv
FEZ_SPY_ratio_TV_daily.csv: skip (ratio/composite)
FEZ [STK/TRADES]: +1 rows → FEZ_TV_daily.csv
GDX [STK/TRADES]: +0 rows → GDX_TV_daily.csv
GLD_SPY_ratio_TV_daily.csv: skip (ratio/composite)
GLD_TLT_ratio_TV_daily.csv: skip (ratio/composite)
GLD [STK/TRADES]: +1 rows → GLD_TV_daily.csv
HYG_IEI_ratio_TV_daily.csv: skip (ratio/composite)
HYG_LQD_ratio_TV_daily.csv: skip (ratio/composite)
HYG_TLT_ratio_TV_daily.csv: skip (ratio/composite)
HYG [STK/TRADES]: +1 rows → HYG_TV_daily.csv
IEI [STK/TRADES]: +1 rows → IEI_TV_daily.csv
IWC [STK/TRADES]: +1 rows → IWC_TV_daily.csv
IWM [STK/TRADES]: +1 rows → IWM_TV_daily.csv
JNK_LQD_ratio_TV_daily.csv: skip (ratio/composite)
JNK [STK/TRADES]: +1 rows → JNK_TV_daily.csv
KRE [STK/TRADES]: +1 rows → KRE_TV_daily.csv
LQD_TLT_ratio_TV_daily.csv: skip (ratio/composite)
LQD [STK/TRADES]: +1 rows → LQD_TV_daily.csv
PC_TV_daily.csv: skip (ticker not in ETF_list.xlsx → market_trends)
QQQ_IWM_ratio_TV_daily.csv: skip (ratio/composite)
QQQ_SPY_ratio_TV_daily.csv: skip (ratio/composite)
QQQ_TLT_ratio_TV_daily.csv: skip (ratio/composite)
QQQ [STK/TRADES]: +1 rows → QQQ_TV_daily.csv
RSP_QQQ_ratio_TV_daily.csv: skip (ratio/composite)
RSP_SPY_ratio_TV_daily.csv: skip (ratio/composite)
RSP [STK/TRADES]: +1 rows → RSP_TV_daily.csv
SLV [STK/TRADES]: +1 rows → SLV_TV_daily.csv
SPHB_SPY_ratio_TV_daily.csv: skip (ratio/composite)
SPHB [STK/TRADES]: +1 rows → SPHB_TV_daily.csv
SPYD [STK/TRADES]: +1 rows → SPYD_TV_daily.csv
SPY_TLT_ratio_TV_daily.csv: skip (ratio/composite)
SPY [STK/TRADES]: +1 rows → SPY_TV_daily.csv
TLT [STK/TRADES]: +1 rows → TLT_TV_daily.csv
VIX3M [IND/TRADES]: +1 rows → VIX3M_TV_daily.csv
VIX9D [IND/TRADES]: +1 rows → VIX9D_TV_daily.csv
VIX [IND/TRADES]: +0 rows → VIX_TV_daily.csv
VVIX [IND/TRADES]: +1 rows → VVIX_TV_daily.csv
XHB [STK/TRADES]: +1 rows → XHB_TV_daily.csv
XLB [STK/TRADES]: +1 rows → XLB_TV_daily.csv
XLC [STK/TRADES]: +1 rows → XLC_TV_daily.csv
XLE [STK/TRADES]: +1 rows → XLE_TV_daily.csv
XLF [STK/TRADES]: +1 rows → XLF_TV_daily.csv
XLI [STK/TRADES]: +1 rows → XLI_TV_daily.csv
XLK [STK/TRADES]: +1 rows → XLK_TV_daily.csv
XLP_SPY_ratio_TV_daily.csv: skip (ratio/composite)
XLP [STK/TRADES]: +1 rows → XLP_TV_daily.csv
XLRE [STK/TRADES]: +1 rows → XLRE_TV_daily.csv
XLU_SPY_ratio_TV_daily.csv: skip (ratio/composite)
XLU [STK/TRADES]: +1 rows → XLU_TV_daily.csv
XLU_XLV_XLP_composite_TV_daily.csv: skip (ratio/composite)
XLV [STK/TRADES]: +1 rows → XLV_TV_daily.csv
XLY [STK/TRADES]: +1 rows → XLY_TV_daily.csv
XLY_XLP_ratio_TV_daily.csv: skip (ratio/composite)
[IB] Disconnected.
[RATIO] DBC/SPY: rows=2537 → DBC_SPY_ratio_TV_daily.csv
[RATIO] DBC/TLT: rows=2537 → DBC_TLT_ratio_TV_daily.csv
[RATIO] DIA/QQQ: rows=2537 → DIA_QQQ_ratio_TV_daily.csv
[RATIO] EEM/SPY: rows=2538 → EEM_SPY_ratio_TV_daily.csv
[RATIO] EFA/SPY: rows=2538 → EFA_SPY_ratio_TV_daily.csv
[RATIO] FEZ/SPY: rows=2538 → FEZ_SPY_ratio_TV_daily.csv
[RATIO] GLD/SPY: rows=5248 → GLD_SPY_ratio_TV_daily.csv
[RATIO] GLD/TLT: rows=5248 → GLD_TLT_ratio_TV_daily.csv
[RATIO] HYG/IEI: rows=2050 → HYG_IEI_ratio_TV_daily.csv
[RATIO] JNK/LQD: rows=2537 → JNK_LQD_ratio_TV_daily.csv
[RATIO] QQQ/IWM: rows=2537 → QQQ_IWM_ratio_TV_daily.csv
[RATIO] QQQ/SPY: rows=2537 → QQQ_SPY_ratio_TV_daily.csv
[RATIO] SPHB/SPY: rows=2537 → SPHB_SPY_ratio_TV_daily.csv
[RATIO] XLP/SPY: rows=6733 → XLP_SPY_ratio_TV_daily.csv
[RATIO] XLY/XLP: rows=6733 → XLY_XLP_ratio_TV_daily.csv
[RATIO] HYG/TLT: rows=4648 → HYG_TLT_ratio_TV_daily.csv
[RATIO MISS] Missing input: /Users/Finance/QuantShared/market_trends/EMB_TV_daily.csv
[RATIO] LQD/TLT: rows=2538 → LQD_TLT_ratio_TV_daily.csv
[RATIO] RSP/SPY: rows=5641 → RSP_SPY_ratio_TV_daily.csv
[RATIO] RSP/QQQ: rows=2537 → RSP_QQQ_ratio_TV_daily.csv
[RATIO] SPY/TLT: rows=5832 → SPY_TLT_ratio_TV_daily.csv
[RATIO] QQQ/TLT: rows=2537 → QQQ_TLT_ratio_TV_daily.csv
[RATIO MISS] Missing input: /Users/Finance/QuantShared/market_trends/UUP_TV_daily.csv
[COMP ] XLU_XLV_XLP_composite: rows=6733 → XLU_XLV_XLP_composite_TV_daily.csv
[DONE] s13_market_trends_update complete.
[2025-09-29 14:51:28 UTC] s14_forex_update → s14_forex_update.py
[IB] Connecting 127.0.0.1:7496 (clientId=64) …
[IB] Connected.
[OK] USDEUR: +0 rows → /Users/Finance/QuantShared/forex/USDEUR_daily.csv
[IB] Disconnected.
[2025-09-29 14:51:29 UTC] s20_make_master_daily → s20_make_master_daily.py
[s20] ROOT=/Users/Finance
[s20] DATA_RAW(project)=/Users/Finance/data_raw
[s20] SHARED_BASE=/Users/Finance/QuantShared/data_raw_ETF_US
[s20] TT daily dir (read)=/Users/Finance/QuantShared/data_raw_ETF_US/daily
[s20] ETF list=/Users/Finance/QuantShared/ETF_list.xlsx (sheet=US_small)
[OK] Wrote /Users/Finance/data_raw/etf_prices_daily_master.csv | rows=73,001 | tickers=36
[2025-09-29 14:51:30 UTC] s30_enrich_to_parquet → s30_enrich_to_parquet.py
[2025-09-29 14:51:30 UTC] [ERR] /Users/Finance/QuantETFUS_small/scripts/us_open_v1.sh failed at line 123
[2025-09-30 12:20:58 UTC] === US-OPEN REFRESH (v1) START ===
[2025-09-30 12:20:58 UTC] s10_ibkr_download_daily → s10_ibkr_download_daily.py --client_id 87
[INFO] Excel=/Users/Finance/QuantShared/ETF_list.xlsx | sheet=signalsUSD | out=/Users/Finance/QuantShared/data_raw_ETF_US/daily
[IB] Connecting 127.0.0.1:7496 (clientId=87) …
[2025-09-30 12:21:07 UTC] [ERR] /Users/Finance/QuantETFUS_small/scripts/us_open_v1.sh failed at line 123
[2025-09-30 14:45:05 UTC] === US-OPEN REFRESH (v1) START ===
[2025-09-30 14:45:05 UTC] s10_ibkr_download_daily → s10_ibkr_download_daily.py --client_id 87
[INFO] Excel=/Users/Finance/QuantShared/ETF_list.xlsx | sheet=signalsUSD | out=/Users/Finance/QuantShared/data_raw_ETF_US/daily
[IB] Connecting 127.0.0.1:7496 (clientId=87) …
[IB] Connected.
[1/43] AIAI: +0 → /Users/Finance/QuantShared/data_raw_ETF_US/daily/AIAI_daily_raw.csv
[2/43] AIGA: +0 → /Users/Finance/QuantShared/data_raw_ETF_US/daily/AIGA_daily_raw.csv
[3/43] AIGI: +0 → /Users/Finance/QuantShared/data_raw_ETF_US/daily/AIGI_daily_raw.csv
[4/43] BATT: +0 → /Users/Finance/QuantShared/data_raw_ETF_US/daily/BATT_daily_raw.csv
[5/43] COMF: +0 → /Users/Finance/QuantShared/data_raw_ETF_US/daily/COMF_daily_raw.csv
[6/43] COPA: +0 → /Users/Finance/QuantShared/data_raw_ETF_US/daily/COPA_daily_raw.csv
[7/43] COPX: +0 → /Users/Finance/QuantShared/data_raw_ETF_US/daily/COPX_daily_raw.csv
[8/43] CSPX: +0 → /Users/Finance/QuantShared/data_raw_ETF_US/daily/CSPX_daily_raw.csv
[9/43] DGTL: +0 → /Users/Finance/QuantShared/data_raw_ETF_US/daily/DGTL_daily_raw.csv
[10/43] DTLA: +0 → /Users/Finance/QuantShared/data_raw_ETF_US/daily/DTLA_daily_raw.csv
[11/43] GDX: +0 → /Users/Finance/QuantShared/data_raw_ETF_US/daily/GDX_daily_raw.csv
[12/43] GDXJ: +0 → /Users/Finance/QuantShared/data_raw_ETF_US/daily/GDXJ_daily_raw.csv
[13/43] IBTA: +0 → /Users/Finance/QuantShared/data_raw_ETF_US/daily/IBTA_daily_raw.csv
[14/43] ICOM: +0 → /Users/Finance/QuantShared/data_raw_ETF_US/daily/ICOM_daily_raw.csv
[15/43] IDTM: +0 → /Users/Finance/QuantShared/data_raw_ETF_US/daily/IDTM_daily_raw.csv
[16/43] IOGP: +0 → /Users/Finance/QuantShared/data_raw_ETF_US/daily/IOGP_daily_raw.csv
[17/43] ISAC: +0 → /Users/Finance/QuantShared/data_raw_ETF_US/daily/ISAC_daily_raw.csv
[18/43] IUCM: +0 → /Users/Finance/QuantShared/data_raw_ETF_US/daily/IUCM_daily_raw.csv
[19/43] IUCS: +0 → /Users/Finance/QuantShared/data_raw_ETF_US/daily/IUCS_daily_raw.csv
[20/43] IUES: +0 → /Users/Finance/QuantShared/data_raw_ETF_US/daily/IUES_daily_raw.csv
[21/43] IUFS: +0 → /Users/Finance/QuantShared/data_raw_ETF_US/daily/IUFS_daily_raw.csv
[22/43] IUHC: +0 → /Users/Finance/QuantShared/data_raw_ETF_US/daily/IUHC_daily_raw.csv
[23/43] IUIT: +0 → /Users/Finance/QuantShared/data_raw_ETF_US/daily/IUIT_daily_raw.csv
[24/43] IUUS: +0 → /Users/Finance/QuantShared/data_raw_ETF_US/daily/IUUS_daily_raw.csv
[25/43] IWDA: +0 → /Users/Finance/QuantShared/data_raw_ETF_US/daily/IWDA_daily_raw.csv
[26/43] NUCL: +0 → /Users/Finance/QuantShared/data_raw_ETF_US/daily/NUCL_daily_raw.csv
[27/43] PHAG: +0 → /Users/Finance/QuantShared/data_raw_ETF_US/daily/PHAG_daily_raw.csv
[28/43] R2US: +0 → /Users/Finance/QuantShared/data_raw_ETF_US/daily/R2US_daily_raw.csv
[29/43] RBOT: +0 → /Users/Finance/QuantShared/data_raw_ETF_US/daily/RBOT_daily_raw.csv
[30/43] RENW: +0 → /Users/Finance/QuantShared/data_raw_ETF_US/daily/RENW_daily_raw.csv
[31/43] SBIO: +0 → /Users/Finance/QuantShared/data_raw_ETF_US/daily/SBIO_daily_raw.csv
[32/43] SGLD: +0 → /Users/Finance/QuantShared/data_raw_ETF_US/daily/SGLD_daily_raw.csv
[33/43] SILV: +0 → /Users/Finance/QuantShared/data_raw_ETF_US/daily/SILV_daily_raw.csv
[34/43] SMH: +0 → /Users/Finance/QuantShared/data_raw_ETF_US/daily/SMH_daily_raw.csv
[35/43] URNJ: +0 → /Users/Finance/QuantShared/data_raw_ETF_US/daily/URNJ_daily_raw.csv
[36/43] URNM: +0 → /Users/Finance/QuantShared/data_raw_ETF_US/daily/URNM_daily_raw.csv
[37/43] USPY: +0 → /Users/Finance/QuantShared/data_raw_ETF_US/daily/USPY_daily_raw.csv
[38/43] VUAA: +0 → /Users/Finance/QuantShared/data_raw_ETF_US/daily/VUAA_daily_raw.csv
[39/43] XMED: +0 → /Users/Finance/QuantShared/data_raw_ETF_US/daily/XMED_daily_raw.csv
[40/43] XNAS: +0 → /Users/Finance/QuantShared/data_raw_ETF_US/daily/XNAS_daily_raw.csv
[41/43] XS2D: +0 → /Users/Finance/QuantShared/data_raw_ETF_US/daily/XS2D_daily_raw.csv
[42/43] XSPD: +0 → /Users/Finance/QuantShared/data_raw_ETF_US/daily/XSPD_daily_raw.csv
[43/43] XT2D: +0 → /Users/Finance/QuantShared/data_raw_ETF_US/daily/XT2D_daily_raw.csv
[DONE] s10_ibkr_download_daily (append-only, UTC) complete.
[2025-09-30 14:48:13 UTC] s12_ibkr_download_weekly → s12_ibkr_download_weekly.py
[INFO] Excel=/Users/Finance/QuantShared/ETF_list.xlsx | sheet=signalsUSD | outdir=/Users/Finance/QuantShared/data_raw_ETF_US/weekly
[IB] Connecting 127.0.0.1:7496 (clientId=62) …
[IB] Connected.
[1/43] AIAI: +1 rows → /Users/Finance/QuantShared/data_raw_ETF_US/weekly/AIAI_weekly_raw.csv
[2/43] AIGA: +1 rows → /Users/Finance/QuantShared/data_raw_ETF_US/weekly/AIGA_weekly_raw.csv
[3/43] AIGI: +1 rows → /Users/Finance/QuantShared/data_raw_ETF_US/weekly/AIGI_weekly_raw.csv
[4/43] BATT: +1 rows → /Users/Finance/QuantShared/data_raw_ETF_US/weekly/BATT_weekly_raw.csv
[5/43] COMF: +1 rows → /Users/Finance/QuantShared/data_raw_ETF_US/weekly/COMF_weekly_raw.csv
[6/43] COPA: +1 rows → /Users/Finance/QuantShared/data_raw_ETF_US/weekly/COPA_weekly_raw.csv
[7/43] COPX: +1 rows → /Users/Finance/QuantShared/data_raw_ETF_US/weekly/COPX_weekly_raw.csv
[8/43] CSPX: +1 rows → /Users/Finance/QuantShared/data_raw_ETF_US/weekly/CSPX_weekly_raw.csv
[9/43] DGTL: +1 rows → /Users/Finance/QuantShared/data_raw_ETF_US/weekly/DGTL_weekly_raw.csv
[10/43] DTLA: +1 rows → /Users/Finance/QuantShared/data_raw_ETF_US/weekly/DTLA_weekly_raw.csv
[11/43] GDX: +1 rows → /Users/Finance/QuantShared/data_raw_ETF_US/weekly/GDX_weekly_raw.csv
[12/43] GDXJ: +1 rows → /Users/Finance/QuantShared/data_raw_ETF_US/weekly/GDXJ_weekly_raw.csv
[13/43] IBTA: +1 rows → /Users/Finance/QuantShared/data_raw_ETF_US/weekly/IBTA_weekly_raw.csv
[14/43] ICOM: +1 rows → /Users/Finance/QuantShared/data_raw_ETF_US/weekly/ICOM_weekly_raw.csv
[15/43] IDTM: +1 rows → /Users/Finance/QuantShared/data_raw_ETF_US/weekly/IDTM_weekly_raw.csv
[16/43] IOGP: +1 rows → /Users/Finance/QuantShared/data_raw_ETF_US/weekly/IOGP_weekly_raw.csv
[17/43] ISAC: +1 rows → /Users/Finance/QuantShared/data_raw_ETF_US/weekly/ISAC_weekly_raw.csv
[18/43] IUCM: +1 rows → /Users/Finance/QuantShared/data_raw_ETF_US/weekly/IUCM_weekly_raw.csv
[19/43] IUCS: +1 rows → /Users/Finance/QuantShared/data_raw_ETF_US/weekly/IUCS_weekly_raw.csv
[20/43] IUES: +1 rows → /Users/Finance/QuantShared/data_raw_ETF_US/weekly/IUES_weekly_raw.csv
[21/43] IUFS: +1 rows → /Users/Finance/QuantShared/data_raw_ETF_US/weekly/IUFS_weekly_raw.csv
[22/43] IUHC: +1 rows → /Users/Finance/QuantShared/data_raw_ETF_US/weekly/IUHC_weekly_raw.csv
[23/43] IUIT: +1 rows → /Users/Finance/QuantShared/data_raw_ETF_US/weekly/IUIT_weekly_raw.csv
[24/43] IUUS: +1 rows → /Users/Finance/QuantShared/data_raw_ETF_US/weekly/IUUS_weekly_raw.csv
[25/43] IWDA: +1 rows → /Users/Finance/QuantShared/data_raw_ETF_US/weekly/IWDA_weekly_raw.csv
[26/43] NUCL: +1 rows → /Users/Finance/QuantShared/data_raw_ETF_US/weekly/NUCL_weekly_raw.csv
[27/43] PHAG: +1 rows → /Users/Finance/QuantShared/data_raw_ETF_US/weekly/PHAG_weekly_raw.csv
[28/43] R2US: +1 rows → /Users/Finance/QuantShared/data_raw_ETF_US/weekly/R2US_weekly_raw.csv
[29/43] RBOT: +1 rows → /Users/Finance/QuantShared/data_raw_ETF_US/weekly/RBOT_weekly_raw.csv
[30/43] RENW: +1 rows → /Users/Finance/QuantShared/data_raw_ETF_US/weekly/RENW_weekly_raw.csv
[31/43] SBIO: +1 rows → /Users/Finance/QuantShared/data_raw_ETF_US/weekly/SBIO_weekly_raw.csv
[32/43] SGLD: +1 rows → /Users/Finance/QuantShared/data_raw_ETF_US/weekly/SGLD_weekly_raw.csv
[33/43] SILV: +1 rows → /Users/Finance/QuantShared/data_raw_ETF_US/weekly/SILV_weekly_raw.csv
[34/43] SMH: +1 rows → /Users/Finance/QuantShared/data_raw_ETF_US/weekly/SMH_weekly_raw.csv
[35/43] URNJ: +1 rows → /Users/Finance/QuantShared/data_raw_ETF_US/weekly/URNJ_weekly_raw.csv
[36/43] URNM: +1 rows → /Users/Finance/QuantShared/data_raw_ETF_US/weekly/URNM_weekly_raw.csv
[37/43] USPY: +1 rows → /Users/Finance/QuantShared/data_raw_ETF_US/weekly/USPY_weekly_raw.csv
[38/43] VUAA: +1 rows → /Users/Finance/QuantShared/data_raw_ETF_US/weekly/VUAA_weekly_raw.csv
[39/43] XMED: +1 rows → /Users/Finance/QuantShared/data_raw_ETF_US/weekly/XMED_weekly_raw.csv
[40/43] XNAS: +1 rows → /Users/Finance/QuantShared/data_raw_ETF_US/weekly/XNAS_weekly_raw.csv
[41/43] XS2D: +1 rows → /Users/Finance/QuantShared/data_raw_ETF_US/weekly/XS2D_weekly_raw.csv
[42/43] XSPD: +1 rows → /Users/Finance/QuantShared/data_raw_ETF_US/weekly/XSPD_weekly_raw.csv
[43/43] XT2D: +1 rows → /Users/Finance/QuantShared/data_raw_ETF_US/weekly/XT2D_weekly_raw.csv
[DONE] s12_ibkr_download_weekly complete.
[2025-09-30 14:50:26 UTC] s13_market_trends_update → s13_market_trends_update.py
[INFO] Using list: /Users/Finance/QuantShared/ETF_list.xlsx | sheet=market_trends | tickers=66
[IB] Connecting 127.0.0.1:7496 (clientId=63) …
[IB] Connected.
CEW_DXY_ratio_TV_daily.csv: skip (ratio/composite)
CEW [STK/TRADES]: +1 rows → CEW_TV_daily.csv
DBC_SPY_ratio_TV_daily.csv: skip (ratio/composite)
DBC_TLT_ratio_TV_daily.csv: skip (ratio/composite)
DBC [STK/TRADES]: +1 rows → DBC_TV_daily.csv
DIA_QQQ_ratio_TV_daily.csv: skip (ratio/composite)
DIA [STK/TRADES]: +1 rows → DIA_TV_daily.csv
DXY_TV_daily.csv: skip (ticker not in ETF_list.xlsx → market_trends)
EEM_SPY_ratio_TV_daily.csv: skip (ratio/composite)
EEM [STK/TRADES]: +1 rows → EEM_TV_daily.csv
EFA_SPY_ratio_TV_daily.csv: skip (ratio/composite)
EFA [STK/TRADES]: +1 rows → EFA_TV_daily.csv
FEZ_SPY_ratio_TV_daily.csv: skip (ratio/composite)
FEZ [STK/TRADES]: +1 rows → FEZ_TV_daily.csv
GDX [STK/TRADES]: +1 rows → GDX_TV_daily.csv
GLD_SPY_ratio_TV_daily.csv: skip (ratio/composite)
GLD_TLT_ratio_TV_daily.csv: skip (ratio/composite)
GLD [STK/TRADES]: +1 rows → GLD_TV_daily.csv
HYG_IEI_ratio_TV_daily.csv: skip (ratio/composite)
HYG_LQD_ratio_TV_daily.csv: skip (ratio/composite)
HYG_TLT_ratio_TV_daily.csv: skip (ratio/composite)
HYG [STK/TRADES]: +1 rows → HYG_TV_daily.csv
IEI [STK/TRADES]: +1 rows → IEI_TV_daily.csv
IWC [STK/TRADES]: +1 rows → IWC_TV_daily.csv
IWM [STK/TRADES]: +1 rows → IWM_TV_daily.csv
JNK_LQD_ratio_TV_daily.csv: skip (ratio/composite)
JNK [STK/TRADES]: +1 rows → JNK_TV_daily.csv
KRE [STK/TRADES]: +1 rows → KRE_TV_daily.csv
LQD_TLT_ratio_TV_daily.csv: skip (ratio/composite)
LQD [STK/TRADES]: +1 rows → LQD_TV_daily.csv
PC_TV_daily.csv: skip (ticker not in ETF_list.xlsx → market_trends)
QQQ_IWM_ratio_TV_daily.csv: skip (ratio/composite)
QQQ_SPY_ratio_TV_daily.csv: skip (ratio/composite)
QQQ_TLT_ratio_TV_daily.csv: skip (ratio/composite)
QQQ [STK/TRADES]: +1 rows → QQQ_TV_daily.csv
RSP_QQQ_ratio_TV_daily.csv: skip (ratio/composite)
RSP_SPY_ratio_TV_daily.csv: skip (ratio/composite)
RSP [STK/TRADES]: +1 rows → RSP_TV_daily.csv
SLV [STK/TRADES]: +1 rows → SLV_TV_daily.csv
SPHB_SPY_ratio_TV_daily.csv: skip (ratio/composite)
SPHB [STK/TRADES]: +1 rows → SPHB_TV_daily.csv
SPYD [STK/TRADES]: +1 rows → SPYD_TV_daily.csv
SPY_TLT_ratio_TV_daily.csv: skip (ratio/composite)
SPY [STK/TRADES]: +1 rows → SPY_TV_daily.csv
TLT [STK/TRADES]: +1 rows → TLT_TV_daily.csv
VIX3M [IND/TRADES]: +1 rows → VIX3M_TV_daily.csv
VIX9D [IND/TRADES]: +1 rows → VIX9D_TV_daily.csv
VIX [IND/TRADES]: +1 rows → VIX_TV_daily.csv
VVIX [IND/TRADES]: +1 rows → VVIX_TV_daily.csv
XHB [STK/TRADES]: +1 rows → XHB_TV_daily.csv
XLB [STK/TRADES]: +1 rows → XLB_TV_daily.csv
XLC [STK/TRADES]: +1 rows → XLC_TV_daily.csv
XLE [STK/TRADES]: +1 rows → XLE_TV_daily.csv
XLF [STK/TRADES]: +1 rows → XLF_TV_daily.csv
XLI [STK/TRADES]: +1 rows → XLI_TV_daily.csv
XLK [STK/TRADES]: +1 rows → XLK_TV_daily.csv
XLP_SPY_ratio_TV_daily.csv: skip (ratio/composite)
XLP [STK/TRADES]: +1 rows → XLP_TV_daily.csv
XLRE [STK/TRADES]: +1 rows → XLRE_TV_daily.csv
XLU_SPY_ratio_TV_daily.csv: skip (ratio/composite)
XLU [STK/TRADES]: +1 rows → XLU_TV_daily.csv
XLU_XLV_XLP_composite_TV_daily.csv: skip (ratio/composite)
XLV [STK/TRADES]: +1 rows → XLV_TV_daily.csv
XLY [STK/TRADES]: +1 rows → XLY_TV_daily.csv
XLY_XLP_ratio_TV_daily.csv: skip (ratio/composite)
[IB] Disconnected.
[RATIO] DBC/SPY: rows=2538 → DBC_SPY_ratio_TV_daily.csv
[RATIO] DBC/TLT: rows=2538 → DBC_TLT_ratio_TV_daily.csv
[RATIO] DIA/QQQ: rows=2538 → DIA_QQQ_ratio_TV_daily.csv
[RATIO] EEM/SPY: rows=2539 → EEM_SPY_ratio_TV_daily.csv
[RATIO] EFA/SPY: rows=2539 → EFA_SPY_ratio_TV_daily.csv
[RATIO] FEZ/SPY: rows=2539 → FEZ_SPY_ratio_TV_daily.csv
[RATIO] GLD/SPY: rows=5249 → GLD_SPY_ratio_TV_daily.csv
[RATIO] GLD/TLT: rows=5249 → GLD_TLT_ratio_TV_daily.csv
[RATIO] HYG/IEI: rows=2051 → HYG_IEI_ratio_TV_daily.csv
[RATIO] JNK/LQD: rows=2538 → JNK_LQD_ratio_TV_daily.csv
[RATIO] QQQ/IWM: rows=2538 → QQQ_IWM_ratio_TV_daily.csv
[RATIO] QQQ/SPY: rows=2538 → QQQ_SPY_ratio_TV_daily.csv
[RATIO] SPHB/SPY: rows=2538 → SPHB_SPY_ratio_TV_daily.csv
[RATIO] XLP/SPY: rows=6734 → XLP_SPY_ratio_TV_daily.csv
[RATIO] XLY/XLP: rows=6734 → XLY_XLP_ratio_TV_daily.csv
[RATIO] HYG/TLT: rows=4649 → HYG_TLT_ratio_TV_daily.csv
[RATIO MISS] Missing input: /Users/Finance/QuantShared/market_trends/EMB_TV_daily.csv
[RATIO] LQD/TLT: rows=2539 → LQD_TLT_ratio_TV_daily.csv
[RATIO] RSP/SPY: rows=5642 → RSP_SPY_ratio_TV_daily.csv
[RATIO] RSP/QQQ: rows=2538 → RSP_QQQ_ratio_TV_daily.csv
[RATIO] SPY/TLT: rows=5833 → SPY_TLT_ratio_TV_daily.csv
[RATIO] QQQ/TLT: rows=2538 → QQQ_TLT_ratio_TV_daily.csv
[RATIO MISS] Missing input: /Users/Finance/QuantShared/market_trends/UUP_TV_daily.csv
[COMP ] XLU_XLV_XLP_composite: rows=6734 → XLU_XLV_XLP_composite_TV_daily.csv
[DONE] s13_market_trends_update complete.
[2025-09-30 14:51:46 UTC] s14_forex_update → s14_forex_update.py
[IB] Connecting 127.0.0.1:7496 (clientId=64) …
[IB] Connected.
[OK] USDEUR: +1 rows → /Users/Finance/QuantShared/forex/USDEUR_daily.csv
[IB] Disconnected.
[2025-09-30 14:51:48 UTC] s20_make_master_daily → s20_make_master_daily.py
[s20] ROOT=/Users/Finance
[s20] DATA_RAW(project)=/Users/Finance/data_raw
[s20] SHARED_BASE=/Users/Finance/QuantShared/data_raw_ETF_US
[s20] TT daily dir (read)=/Users/Finance/QuantShared/data_raw_ETF_US/daily
[s20] ETF list=/Users/Finance/QuantShared/ETF_list.xlsx (sheet=US_small)
[OK] Wrote /Users/Finance/data_raw/etf_prices_daily_master.csv | rows=73,036 | tickers=36
[2025-09-30 14:51:48 UTC] s30_enrich_to_parquet → s30_enrich_to_parquet.py
[2025-09-30 14:51:48 UTC] [ERR] /Users/Finance/QuantETFUS_small/scripts/us_open_v1.sh failed at line 123
[2025-10-01 09:08:37 UTC] === US-OPEN REFRESH (v1) START ===
[2025-10-01 09:08:37 UTC] s10_ibkr_download_daily → s10_ibkr_download_daily.py --client_id 87
[INFO] Excel=/Users/Finance/QuantShared/ETF_list.xlsx | sheet=signalsUSD | out=/Users/Finance/QuantShared/data_raw_ETF_US/daily
[IB] Connecting 127.0.0.1:7496 (clientId=87) …
[2025-10-01 09:08:46 UTC] [ERR] /Users/Finance/QuantETFUS_small/scripts/us_open_v1.sh failed at line 123
[2025-10-01 14:45:05 UTC] === US-OPEN REFRESH (v1) START ===
[2025-10-01 14:45:05 UTC] s10_ibkr_download_daily → s10_ibkr_download_daily.py --client_id 87
[INFO] Excel=/Users/Finance/QuantShared/ETF_list.xlsx | sheet=signalsUSD | out=/Users/Finance/QuantShared/data_raw_ETF_US/daily
[IB] Connecting 127.0.0.1:7496 (clientId=87) …
[IB] Connected.
[1/43] AIAI: +0 → /Users/Finance/QuantShared/data_raw_ETF_US/daily/AIAI_daily_raw.csv
[2/43] AIGA: +0 → /Users/Finance/QuantShared/data_raw_ETF_US/daily/AIGA_daily_raw.csv
[3/43] AIGI: +0 → /Users/Finance/QuantShared/data_raw_ETF_US/daily/AIGI_daily_raw.csv
[4/43] BATT: +0 → /Users/Finance/QuantShared/data_raw_ETF_US/daily/BATT_daily_raw.csv
[5/43] COMF: +0 → /Users/Finance/QuantShared/data_raw_ETF_US/daily/COMF_daily_raw.csv
[6/43] COPA: +0 → /Users/Finance/QuantShared/data_raw_ETF_US/daily/COPA_daily_raw.csv
[7/43] COPX: +0 → /Users/Finance/QuantShared/data_raw_ETF_US/daily/COPX_daily_raw.csv
[8/43] CSPX: +0 → /Users/Finance/QuantShared/data_raw_ETF_US/daily/CSPX_daily_raw.csv
[9/43] DGTL: +0 → /Users/Finance/QuantShared/data_raw_ETF_US/daily/DGTL_daily_raw.csv
[10/43] DTLA: +0 → /Users/Finance/QuantShared/data_raw_ETF_US/daily/DTLA_daily_raw.csv
[11/43] GDX: +0 → /Users/Finance/QuantShared/data_raw_ETF_US/daily/GDX_daily_raw.csv
[12/43] GDXJ: +0 → /Users/Finance/QuantShared/data_raw_ETF_US/daily/GDXJ_daily_raw.csv
[13/43] IBTA: +0 → /Users/Finance/QuantShared/data_raw_ETF_US/daily/IBTA_daily_raw.csv
[14/43] ICOM: +0 → /Users/Finance/QuantShared/data_raw_ETF_US/daily/ICOM_daily_raw.csv
[15/43] IDTM: +0 → /Users/Finance/QuantShared/data_raw_ETF_US/daily/IDTM_daily_raw.csv
[16/43] IOGP: +0 → /Users/Finance/QuantShared/data_raw_ETF_US/daily/IOGP_daily_raw.csv
[17/43] ISAC: +0 → /Users/Finance/QuantShared/data_raw_ETF_US/daily/ISAC_daily_raw.csv
[18/43] IUCM: +0 → /Users/Finance/QuantShared/data_raw_ETF_US/daily/IUCM_daily_raw.csv
[19/43] IUCS: +0 → /Users/Finance/QuantShared/data_raw_ETF_US/daily/IUCS_daily_raw.csv
[20/43] IUES: +0 → /Users/Finance/QuantShared/data_raw_ETF_US/daily/IUES_daily_raw.csv
[21/43] IUFS: +0 → /Users/Finance/QuantShared/data_raw_ETF_US/daily/IUFS_daily_raw.csv
[22/43] IUHC: +0 → /Users/Finance/QuantShared/data_raw_ETF_US/daily/IUHC_daily_raw.csv
[23/43] IUIT: +0 → /Users/Finance/QuantShared/data_raw_ETF_US/daily/IUIT_daily_raw.csv
[24/43] IUUS: +0 → /Users/Finance/QuantShared/data_raw_ETF_US/daily/IUUS_daily_raw.csv
[25/43] IWDA: +0 → /Users/Finance/QuantShared/data_raw_ETF_US/daily/IWDA_daily_raw.csv
[26/43] NUCL: +0 → /Users/Finance/QuantShared/data_raw_ETF_US/daily/NUCL_daily_raw.csv
[27/43] PHAG: +0 → /Users/Finance/QuantShared/data_raw_ETF_US/daily/PHAG_daily_raw.csv
[28/43] R2US: +0 → /Users/Finance/QuantShared/data_raw_ETF_US/daily/R2US_daily_raw.csv
[29/43] RBOT: +0 → /Users/Finance/QuantShared/data_raw_ETF_US/daily/RBOT_daily_raw.csv
[30/43] RENW: +0 → /Users/Finance/QuantShared/data_raw_ETF_US/daily/RENW_daily_raw.csv
[31/43] SBIO: +0 → /Users/Finance/QuantShared/data_raw_ETF_US/daily/SBIO_daily_raw.csv
[32/43] SGLD: +0 → /Users/Finance/QuantShared/data_raw_ETF_US/daily/SGLD_daily_raw.csv
[33/43] SILV: +0 → /Users/Finance/QuantShared/data_raw_ETF_US/daily/SILV_daily_raw.csv
[34/43] SMH: +0 → /Users/Finance/QuantShared/data_raw_ETF_US/daily/SMH_daily_raw.csv
[35/43] URNJ: +0 → /Users/Finance/QuantShared/data_raw_ETF_US/daily/URNJ_daily_raw.csv
[36/43] URNM: +0 → /Users/Finance/QuantShared/data_raw_ETF_US/daily/URNM_daily_raw.csv
[37/43] USPY: +0 → /Users/Finance/QuantShared/data_raw_ETF_US/daily/USPY_daily_raw.csv
[38/43] VUAA: +0 → /Users/Finance/QuantShared/data_raw_ETF_US/daily/VUAA_daily_raw.csv
[39/43] XMED: +0 → /Users/Finance/QuantShared/data_raw_ETF_US/daily/XMED_daily_raw.csv
[40/43] XNAS: +0 → /Users/Finance/QuantShared/data_raw_ETF_US/daily/XNAS_daily_raw.csv
[41/43] XS2D: +0 → /Users/Finance/QuantShared/data_raw_ETF_US/daily/XS2D_daily_raw.csv
[42/43] XSPD: +0 → /Users/Finance/QuantShared/data_raw_ETF_US/daily/XSPD_daily_raw.csv
[43/43] XT2D: +0 → /Users/Finance/QuantShared/data_raw_ETF_US/daily/XT2D_daily_raw.csv
[DONE] s10_ibkr_download_daily (append-only, UTC) complete.
[2025-10-01 14:48:14 UTC] s12_ibkr_download_weekly → s12_ibkr_download_weekly.py
[INFO] Excel=/Users/Finance/QuantShared/ETF_list.xlsx | sheet=signalsUSD | outdir=/Users/Finance/QuantShared/data_raw_ETF_US/weekly
[IB] Connecting 127.0.0.1:7496 (clientId=62) …
[IB] Connected.
[1/43] AIAI: +1 rows → /Users/Finance/QuantShared/data_raw_ETF_US/weekly/AIAI_weekly_raw.csv
[2/43] AIGA: +1 rows → /Users/Finance/QuantShared/data_raw_ETF_US/weekly/AIGA_weekly_raw.csv
[3/43] AIGI: +1 rows → /Users/Finance/QuantShared/data_raw_ETF_US/weekly/AIGI_weekly_raw.csv
[4/43] BATT: +1 rows → /Users/Finance/QuantShared/data_raw_ETF_US/weekly/BATT_weekly_raw.csv
[5/43] COMF: +1 rows → /Users/Finance/QuantShared/data_raw_ETF_US/weekly/COMF_weekly_raw.csv
[6/43] COPA: +1 rows → /Users/Finance/QuantShared/data_raw_ETF_US/weekly/COPA_weekly_raw.csv
[7/43] COPX: +1 rows → /Users/Finance/QuantShared/data_raw_ETF_US/weekly/COPX_weekly_raw.csv
[8/43] CSPX: +1 rows → /Users/Finance/QuantShared/data_raw_ETF_US/weekly/CSPX_weekly_raw.csv
[9/43] DGTL: +1 rows → /Users/Finance/QuantShared/data_raw_ETF_US/weekly/DGTL_weekly_raw.csv
[10/43] DTLA: +1 rows → /Users/Finance/QuantShared/data_raw_ETF_US/weekly/DTLA_weekly_raw.csv
[11/43] GDX: +1 rows → /Users/Finance/QuantShared/data_raw_ETF_US/weekly/GDX_weekly_raw.csv
[12/43] GDXJ: +1 rows → /Users/Finance/QuantShared/data_raw_ETF_US/weekly/GDXJ_weekly_raw.csv
[13/43] IBTA: +1 rows → /Users/Finance/QuantShared/data_raw_ETF_US/weekly/IBTA_weekly_raw.csv
[14/43] ICOM: +1 rows → /Users/Finance/QuantShared/data_raw_ETF_US/weekly/ICOM_weekly_raw.csv
[15/43] IDTM: +1 rows → /Users/Finance/QuantShared/data_raw_ETF_US/weekly/IDTM_weekly_raw.csv
[16/43] IOGP: +1 rows → /Users/Finance/QuantShared/data_raw_ETF_US/weekly/IOGP_weekly_raw.csv
[17/43] ISAC: +1 rows → /Users/Finance/QuantShared/data_raw_ETF_US/weekly/ISAC_weekly_raw.csv
[18/43] IUCM: +1 rows → /Users/Finance/QuantShared/data_raw_ETF_US/weekly/IUCM_weekly_raw.csv
[19/43] IUCS: +1 rows → /Users/Finance/QuantShared/data_raw_ETF_US/weekly/IUCS_weekly_raw.csv
[20/43] IUES: +1 rows → /Users/Finance/QuantShared/data_raw_ETF_US/weekly/IUES_weekly_raw.csv
[21/43] IUFS: +1 rows → /Users/Finance/QuantShared/data_raw_ETF_US/weekly/IUFS_weekly_raw.csv
[22/43] IUHC: +1 rows → /Users/Finance/QuantShared/data_raw_ETF_US/weekly/IUHC_weekly_raw.csv
[23/43] IUIT: +1 rows → /Users/Finance/QuantShared/data_raw_ETF_US/weekly/IUIT_weekly_raw.csv
[24/43] IUUS: +1 rows → /Users/Finance/QuantShared/data_raw_ETF_US/weekly/IUUS_weekly_raw.csv
[25/43] IWDA: +1 rows → /Users/Finance/QuantShared/data_raw_ETF_US/weekly/IWDA_weekly_raw.csv
[26/43] NUCL: +1 rows → /Users/Finance/QuantShared/data_raw_ETF_US/weekly/NUCL_weekly_raw.csv
[27/43] PHAG: +1 rows → /Users/Finance/QuantShared/data_raw_ETF_US/weekly/PHAG_weekly_raw.csv
[28/43] R2US: +1 rows → /Users/Finance/QuantShared/data_raw_ETF_US/weekly/R2US_weekly_raw.csv
[29/43] RBOT: +1 rows → /Users/Finance/QuantShared/data_raw_ETF_US/weekly/RBOT_weekly_raw.csv
[30/43] RENW: +1 rows → /Users/Finance/QuantShared/data_raw_ETF_US/weekly/RENW_weekly_raw.csv
[31/43] SBIO: +1 rows → /Users/Finance/QuantShared/data_raw_ETF_US/weekly/SBIO_weekly_raw.csv
[32/43] SGLD: +1 rows → /Users/Finance/QuantShared/data_raw_ETF_US/weekly/SGLD_weekly_raw.csv
[33/43] SILV: +1 rows → /Users/Finance/QuantShared/data_raw_ETF_US/weekly/SILV_weekly_raw.csv
[34/43] SMH: +1 rows → /Users/Finance/QuantShared/data_raw_ETF_US/weekly/SMH_weekly_raw.csv
[35/43] URNJ: +1 rows → /Users/Finance/QuantShared/data_raw_ETF_US/weekly/URNJ_weekly_raw.csv
[36/43] URNM: +1 rows → /Users/Finance/QuantShared/data_raw_ETF_US/weekly/URNM_weekly_raw.csv
[37/43] USPY: +1 rows → /Users/Finance/QuantShared/data_raw_ETF_US/weekly/USPY_weekly_raw.csv
[38/43] VUAA: +1 rows → /Users/Finance/QuantShared/data_raw_ETF_US/weekly/VUAA_weekly_raw.csv
[39/43] XMED: +1 rows → /Users/Finance/QuantShared/data_raw_ETF_US/weekly/XMED_weekly_raw.csv
[40/43] XNAS: +1 rows → /Users/Finance/QuantShared/data_raw_ETF_US/weekly/XNAS_weekly_raw.csv
[41/43] XS2D: +1 rows → /Users/Finance/QuantShared/data_raw_ETF_US/weekly/XS2D_weekly_raw.csv
[42/43] XSPD: +1 rows → /Users/Finance/QuantShared/data_raw_ETF_US/weekly/XSPD_weekly_raw.csv
[43/43] XT2D: +1 rows → /Users/Finance/QuantShared/data_raw_ETF_US/weekly/XT2D_weekly_raw.csv
[DONE] s12_ibkr_download_weekly complete.
[2025-10-01 14:50:27 UTC] s13_market_trends_update → s13_market_trends_update.py
[INFO] Using list: /Users/Finance/QuantShared/ETF_list.xlsx | sheet=market_trends | tickers=66
[IB] Connecting 127.0.0.1:7496 (clientId=63) …
[IB] Connected.
CEW_DXY_ratio_TV_daily.csv: skip (ratio/composite)
CEW [STK/TRADES]: +1 rows → CEW_TV_daily.csv
DBC_SPY_ratio_TV_daily.csv: skip (ratio/composite)
DBC_TLT_ratio_TV_daily.csv: skip (ratio/composite)
DBC [STK/TRADES]: +1 rows → DBC_TV_daily.csv
DIA_QQQ_ratio_TV_daily.csv: skip (ratio/composite)
DIA [STK/TRADES]: +1 rows → DIA_TV_daily.csv
DXY_TV_daily.csv: skip (ticker not in ETF_list.xlsx → market_trends)
EEM_SPY_ratio_TV_daily.csv: skip (ratio/composite)
EEM [STK/TRADES]: +1 rows → EEM_TV_daily.csv
EFA_SPY_ratio_TV_daily.csv: skip (ratio/composite)
EFA [STK/TRADES]: +1 rows → EFA_TV_daily.csv
FEZ_SPY_ratio_TV_daily.csv: skip (ratio/composite)
FEZ [STK/TRADES]: +1 rows → FEZ_TV_daily.csv
GDX [STK/TRADES]: +1 rows → GDX_TV_daily.csv
GLD_SPY_ratio_TV_daily.csv: skip (ratio/composite)
GLD_TLT_ratio_TV_daily.csv: skip (ratio/composite)
GLD [STK/TRADES]: +1 rows → GLD_TV_daily.csv
HYG_IEI_ratio_TV_daily.csv: skip (ratio/composite)
HYG_LQD_ratio_TV_daily.csv: skip (ratio/composite)
HYG_TLT_ratio_TV_daily.csv: skip (ratio/composite)
HYG [STK/TRADES]: +1 rows → HYG_TV_daily.csv
IEI [STK/TRADES]: +1 rows → IEI_TV_daily.csv
IWC [STK/TRADES]: +1 rows → IWC_TV_daily.csv
IWM [STK/TRADES]: +1 rows → IWM_TV_daily.csv
JNK_LQD_ratio_TV_daily.csv: skip (ratio/composite)
JNK [STK/TRADES]: +1 rows → JNK_TV_daily.csv
KRE [STK/TRADES]: +1 rows → KRE_TV_daily.csv
LQD_TLT_ratio_TV_daily.csv: skip (ratio/composite)
LQD [STK/TRADES]: +1 rows → LQD_TV_daily.csv
PC_TV_daily.csv: skip (ticker not in ETF_list.xlsx → market_trends)
QQQ_IWM_ratio_TV_daily.csv: skip (ratio/composite)
QQQ_SPY_ratio_TV_daily.csv: skip (ratio/composite)
QQQ_TLT_ratio_TV_daily.csv: skip (ratio/composite)
QQQ [STK/TRADES]: +1 rows → QQQ_TV_daily.csv
RSP_QQQ_ratio_TV_daily.csv: skip (ratio/composite)
RSP_SPY_ratio_TV_daily.csv: skip (ratio/composite)
RSP [STK/TRADES]: +1 rows → RSP_TV_daily.csv
SLV [STK/TRADES]: +1 rows → SLV_TV_daily.csv
SPHB_SPY_ratio_TV_daily.csv: skip (ratio/composite)
SPHB [STK/TRADES]: +1 rows → SPHB_TV_daily.csv
SPYD [STK/TRADES]: +1 rows → SPYD_TV_daily.csv
SPY_TLT_ratio_TV_daily.csv: skip (ratio/composite)
SPY [STK/TRADES]: +1 rows → SPY_TV_daily.csv
TLT [STK/TRADES]: +1 rows → TLT_TV_daily.csv
VIX3M [IND/TRADES]: +1 rows → VIX3M_TV_daily.csv
VIX9D [IND/TRADES]: +1 rows → VIX9D_TV_daily.csv
VIX [IND/TRADES]: +1 rows → VIX_TV_daily.csv
VVIX [IND/TRADES]: +1 rows → VVIX_TV_daily.csv
XHB [STK/TRADES]: +1 rows → XHB_TV_daily.csv
XLB [STK/TRADES]: +1 rows → XLB_TV_daily.csv
XLC [STK/TRADES]: +1 rows → XLC_TV_daily.csv
XLE [STK/TRADES]: +1 rows → XLE_TV_daily.csv
XLF [STK/TRADES]: +1 rows → XLF_TV_daily.csv
XLI [STK/TRADES]: +1 rows → XLI_TV_daily.csv
XLK [STK/TRADES]: +1 rows → XLK_TV_daily.csv
XLP_SPY_ratio_TV_daily.csv: skip (ratio/composite)
XLP [STK/TRADES]: +1 rows → XLP_TV_daily.csv
XLRE [STK/TRADES]: +1 rows → XLRE_TV_daily.csv
XLU_SPY_ratio_TV_daily.csv: skip (ratio/composite)
XLU [STK/TRADES]: +1 rows → XLU_TV_daily.csv
XLU_XLV_XLP_composite_TV_daily.csv: skip (ratio/composite)
XLV [STK/TRADES]: +1 rows → XLV_TV_daily.csv
XLY [STK/TRADES]: +1 rows → XLY_TV_daily.csv
XLY_XLP_ratio_TV_daily.csv: skip (ratio/composite)
[IB] Disconnected.
[RATIO] DBC/SPY: rows=2539 → DBC_SPY_ratio_TV_daily.csv
[RATIO] DBC/TLT: rows=2539 → DBC_TLT_ratio_TV_daily.csv
[RATIO] DIA/QQQ: rows=2539 → DIA_QQQ_ratio_TV_daily.csv
[RATIO] EEM/SPY: rows=2540 → EEM_SPY_ratio_TV_daily.csv
[RATIO] EFA/SPY: rows=2540 → EFA_SPY_ratio_TV_daily.csv
[RATIO] FEZ/SPY: rows=2540 → FEZ_SPY_ratio_TV_daily.csv
[RATIO] GLD/SPY: rows=5250 → GLD_SPY_ratio_TV_daily.csv
[RATIO] GLD/TLT: rows=5250 → GLD_TLT_ratio_TV_daily.csv
[RATIO] HYG/IEI: rows=2052 → HYG_IEI_ratio_TV_daily.csv
[RATIO] JNK/LQD: rows=2539 → JNK_LQD_ratio_TV_daily.csv
[RATIO] QQQ/IWM: rows=2539 → QQQ_IWM_ratio_TV_daily.csv
[RATIO] QQQ/SPY: rows=2539 → QQQ_SPY_ratio_TV_daily.csv
[RATIO] SPHB/SPY: rows=2539 → SPHB_SPY_ratio_TV_daily.csv
[RATIO] XLP/SPY: rows=6735 → XLP_SPY_ratio_TV_daily.csv
[RATIO] XLY/XLP: rows=6735 → XLY_XLP_ratio_TV_daily.csv
[RATIO] HYG/TLT: rows=4650 → HYG_TLT_ratio_TV_daily.csv
[RATIO MISS] Missing input: /Users/Finance/QuantShared/market_trends/EMB_TV_daily.csv
[RATIO] LQD/TLT: rows=2540 → LQD_TLT_ratio_TV_daily.csv
[RATIO] RSP/SPY: rows=5643 → RSP_SPY_ratio_TV_daily.csv
[RATIO] RSP/QQQ: rows=2539 → RSP_QQQ_ratio_TV_daily.csv
[RATIO] SPY/TLT: rows=5834 → SPY_TLT_ratio_TV_daily.csv
[RATIO] QQQ/TLT: rows=2539 → QQQ_TLT_ratio_TV_daily.csv
[RATIO MISS] Missing input: /Users/Finance/QuantShared/market_trends/UUP_TV_daily.csv
[COMP ] XLU_XLV_XLP_composite: rows=6735 → XLU_XLV_XLP_composite_TV_daily.csv
[DONE] s13_market_trends_update complete.
[2025-10-01 14:51:51 UTC] s14_forex_update → s14_forex_update.py
[IB] Connecting 127.0.0.1:7496 (clientId=64) …
[IB] Connected.
[OK] USDEUR: +1 rows → /Users/Finance/QuantShared/forex/USDEUR_daily.csv
[IB] Disconnected.
[2025-10-01 14:51:53 UTC] s20_make_master_daily → s20_make_master_daily.py
[s20] ROOT=/Users/Finance
[s20] DATA_RAW(project)=/Users/Finance/data_raw
[s20] SHARED_BASE=/Users/Finance/QuantShared/data_raw_ETF_US
[s20] TT daily dir (read)=/Users/Finance/QuantShared/data_raw_ETF_US/daily
[s20] ETF list=/Users/Finance/QuantShared/ETF_list.xlsx (sheet=US_small)
[OK] Wrote /Users/Finance/data_raw/etf_prices_daily_master.csv | rows=73,071 | tickers=36
[2025-10-01 14:51:54 UTC] s30_enrich_to_parquet → s30_enrich_to_parquet.py
[2025-10-01 14:51:54 UTC] [ERR] /Users/Finance/QuantETFUS_small/scripts/us_open_v1.sh failed at line 123
[2025-10-02 06:56:53 UTC] === US-OPEN REFRESH (v1) START ===
[2025-10-02 06:56:53 UTC] s10_ibkr_download_daily → s10_ibkr_download_daily.py --client_id 87
[INFO] Excel=/Users/Finance/QuantShared/ETF_list.xlsx | sheet=signalsUSD | out=/Users/Finance/QuantShared/data_raw_ETF_US/daily
[IB] Connecting 127.0.0.1:7496 (clientId=87) …
[2025-10-02 06:57:02 UTC] [ERR] /Users/Finance/QuantETFUS_small/scripts/us_open_v1.sh failed at line 123
